source_path	workspace_path	mime_type	bytes	sha256	occurrences
../../media/CNX_Elem Alg_Figure_07_00_001_img_new.jpg	media/CNX_Elem Alg_Figure_07_00_001_img_new.jpg	image/jpeg	391607	e2b5706113b387855796dc7596978d0521c2f7b8107e61284de947a173cccb0e	1
../../media/CNX_Elem Alg_Figure_07_01_001_img_new.jpg	media/CNX_Elem Alg_Figure_07_01_001_img_new.jpg	image/jpeg	52409	ce743e05f863ce12e99edb1bc1f6f0305d47d0db76596e53e3504ab76a459eda	1
../../media/CNX_Elem Alg_Figure_07_01_002a_img_new.jpg	media/CNX_Elem Alg_Figure_07_01_002a_img_new.jpg	image/jpeg	103356	23474f7da78195966e56675075f4d0abc7975b99777ac254b54d62c70a30bd51	1
../../media/CNX_Elem Alg_Figure_07_01_002b_img_new.jpg	media/CNX_Elem Alg_Figure_07_01_002b_img_new.jpg	image/jpeg	653940	b5fa55fde4f1e8a9538c2778b4ddbdf7885d22be099ae96fbece9e19758074cd	1
../../media/CNX_Elem Alg_Figure_07_01_002c_img_new.jpg	media/CNX_Elem Alg_Figure_07_01_002c_img_new.jpg	image/jpeg	75260	2b9a7fa82e6866d92c599545ad76e947056385edda5c6c3e930d827cac5fba13	1
../../media/CNX_Elem Alg_Figure_07_01_002d_img_new.jpg	media/CNX_Elem Alg_Figure_07_01_002d_img_new.jpg	image/jpeg	71127	035ef77481885e6683bb820135784540e38e4ad64d8a97eb952d7b01a22ee64c	1
../../media/CNX_Elem Alg_Figure_07_01_003a_img_new.jpg	media/CNX_Elem Alg_Figure_07_01_003a_img_new.jpg	image/jpeg	52622	d1b28bd8a7357a2f9bb47f7e51613d5e6de7b7995777cafeffd519e15142fcd5	1
../../media/CNX_Elem Alg_Figure_07_01_003b_img_new.jpg	media/CNX_Elem Alg_Figure_07_01_003b_img_new.jpg	image/jpeg	36170	5ec2485cd71c635e69e5eea82e7ba59f11ca404157f85e0d63ff6130dbae9a00	1
../../media/CNX_Elem Alg_Figure_07_01_003c_img_new.jpg	media/CNX_Elem Alg_Figure_07_01_003c_img_new.jpg	image/jpeg	34585	775ce80179dc0d35e254e91d22ae9dfbabb425d73fe5698bddb0fa6f75a1d59c	1
../../media/CNX_Elem Alg_Figure_07_01_004a_img_new.jpg	media/CNX_Elem Alg_Figure_07_01_004a_img_new.jpg	image/jpeg	48675	a7ede1e0185600f97966f9f3d4ad8493a1faf7cb6a00dae0f125f09fcd128d2e	1
../../media/CNX_Elem Alg_Figure_07_01_004b_img_new.jpg	media/CNX_Elem Alg_Figure_07_01_004b_img_new.jpg	image/jpeg	35200	770c65f831d270a1663e591045c08a849966b17d5749636e0b07d588e433a76b	1
../../media/CNX_Elem Alg_Figure_07_01_004c_img_new.jpg	media/CNX_Elem Alg_Figure_07_01_004c_img_new.jpg	image/jpeg	34961	28a1763465a9e7a4ea0422e447bf12c85d5697c7a379ab94421253f9ca9ad7d6	1
../../media/CNX_Elem Alg_Figure_07_01_005a_img_new.jpg	media/CNX_Elem Alg_Figure_07_01_005a_img_new.jpg	image/jpeg	79160	f9b15b1c7bebaf2574735427c9900932aed5aa261b76428e9b0d4448c8a0f009	1
../../media/CNX_Elem Alg_Figure_07_01_005b_img_new.jpg	media/CNX_Elem Alg_Figure_07_01_005b_img_new.jpg	image/jpeg	77796	3e92fa286096b1eacbcf3368e2f5c08144c4dfc1878fa22226350a75021e1ce0	1
../../media/CNX_Elem Alg_Figure_07_01_005c_img_new.jpg	media/CNX_Elem Alg_Figure_07_01_005c_img_new.jpg	image/jpeg	67605	4d2c89cfd6da6f721db19920e7a07b51e920d5ce2d68632163658156cdd949aa	1
../../media/CNX_Elem Alg_Figure_07_01_005d_img_new.jpg	media/CNX_Elem Alg_Figure_07_01_005d_img_new.jpg	image/jpeg	70367	5718946de2aff76c075653af5f13cbdcfd3397b6940ea49d7aee79afbc1dd66a	1
../../media/CNX_Elem Alg_Figure_07_01_006a_img_new.jpg	media/CNX_Elem Alg_Figure_07_01_006a_img_new.jpg	image/jpeg	60755	dc6c6596474319238b4c967dd0d1edc2999006a4227a67adf0d782345906a9cf	1
../../media/CNX_Elem Alg_Figure_07_01_006b_img_new.jpg	media/CNX_Elem Alg_Figure_07_01_006b_img_new.jpg	image/jpeg	48518	b9359df0304acdcc8f0541ec7beb9fae6afac02550f2b4694e046fe9593920b5	1
../../media/CNX_Elem Alg_Figure_07_01_006c_img_new.jpg	media/CNX_Elem Alg_Figure_07_01_006c_img_new.jpg	image/jpeg	49421	231ab4861a8e2bd70638acfb98d95b659c4eee97ed259ca0aecb763d8a5046bf	1
../../media/CNX_Elem Alg_Figure_07_01_006d_img_new.jpg	media/CNX_Elem Alg_Figure_07_01_006d_img_new.jpg	image/jpeg	49141	84aa11a1cc31c6b5475d06e36e2e8369f3ddfe351555218ecfdaf034600b4e7a	1
../../media/CNX_Elem Alg_Figure_07_01_007a_img_new.jpg	media/CNX_Elem Alg_Figure_07_01_007a_img_new.jpg	image/jpeg	69860	249b549eec080a06468cb5c63119043ee9d4d678d49a6a4e5db229ecd05dc77a	1
../../media/CNX_Elem Alg_Figure_07_01_007b_img_new.jpg	media/CNX_Elem Alg_Figure_07_01_007b_img_new.jpg	image/jpeg	48623	c3aec0a3080fbe46ddc289764713b908e2284625698c33560cd34f299ea6c6fd	1
../../media/CNX_Elem Alg_Figure_07_01_007c_img_new.jpg	media/CNX_Elem Alg_Figure_07_01_007c_img_new.jpg	image/jpeg	50467	027bd4e9b197074b54f557ed22033434db29f9164bedcbcc9b4e3036ba1706e5	1
../../media/CNX_Elem Alg_Figure_07_01_007d_img_new.jpg	media/CNX_Elem Alg_Figure_07_01_007d_img_new.jpg	image/jpeg	48762	f308645907805c12810f924d802cd64894867d2992f995972c7c52e3a7fd2149	1
../../media/CNX_Elem Alg_Figure_07_01_008a_img_new.jpg	media/CNX_Elem Alg_Figure_07_01_008a_img_new.jpg	image/jpeg	69468	85d86c3c8f759c8fb6bb3e12c8072f80740506b995637782bd8a353c872bae41	1
../../media/CNX_Elem Alg_Figure_07_01_008b_img_new.jpg	media/CNX_Elem Alg_Figure_07_01_008b_img_new.jpg	image/jpeg	51114	733fd10aafff11d67dc1667bcdd5cc404337a3878009f7597850a2e339caae2a	1
../../media/CNX_Elem Alg_Figure_07_01_008c_img_new.jpg	media/CNX_Elem Alg_Figure_07_01_008c_img_new.jpg	image/jpeg	52790	1d95a7ee306af8975c1f4b155d781819f45d31318e6c69aa58a123964e4a9a55	1
../../media/CNX_Elem Alg_Figure_07_01_008d_img_new.jpg	media/CNX_Elem Alg_Figure_07_01_008d_img_new.jpg	image/jpeg	50907	7722a6f3104a7404a2ca47c4b4a60249102d11c9d929eb8c014a5aff7b1652fc	1
../../media/CNX_Elem Alg_Figure_07_01_009a_img_new.jpg	media/CNX_Elem Alg_Figure_07_01_009a_img_new.jpg	image/jpeg	68276	f8be889ebf4eecc424785bd7dd5cc3f5297e07aff8c3a5dde519413f9db0a317	1
../../media/CNX_Elem Alg_Figure_07_01_009b_img_new.jpg	media/CNX_Elem Alg_Figure_07_01_009b_img_new.jpg	image/jpeg	49632	5ca64191dae2c222bed58d07b6c6951812a0ea130a4212ef450b051cc632ad7f	1
../../media/CNX_Elem Alg_Figure_07_01_009c_img_new.jpg	media/CNX_Elem Alg_Figure_07_01_009c_img_new.jpg	image/jpeg	51542	282674b83c23b5185a9adeb13f1cd87597d2c66e2fa9eabb973bb8ab714d9a5e	1
../../media/CNX_Elem Alg_Figure_07_01_009d_img_new.jpg	media/CNX_Elem Alg_Figure_07_01_009d_img_new.jpg	image/jpeg	49784	23e6be9aad7e376566b11fd5603a74a6b136225bca7297a238728b8bfa63ae91	1
../../media/CNX_Elem Alg_Figure_07_01_010a_img_new.jpg	media/CNX_Elem Alg_Figure_07_01_010a_img_new.jpg	image/jpeg	37587	a221ac139cf930332d8a3be6605e76ab208969a8642ef300885477cdb7255d44	1
../../media/CNX_Elem Alg_Figure_07_01_010b_img_new.jpg	media/CNX_Elem Alg_Figure_07_01_010b_img_new.jpg	image/jpeg	41381	fb6d636615581eb6549c379df35828c46283731f802660d7e3d947f2a9e04fc2	1
../../media/CNX_Elem Alg_Figure_07_01_010c_img_new.jpg	media/CNX_Elem Alg_Figure_07_01_010c_img_new.jpg	image/jpeg	38069	50260f970e5e6d9bf45faab8b62c7f2d4b50486802efe9e2ed45a827e36b69cc	1
../../media/CNX_Elem Alg_Figure_07_01_011a_img_new.jpg	media/CNX_Elem Alg_Figure_07_01_011a_img_new.jpg	image/jpeg	74660	425a0d3b5b68869d710b1f65e39f608d6ef3a119f25c8279e77701a31d749cb8	1
../../media/CNX_Elem Alg_Figure_07_01_011b_img_new.jpg	media/CNX_Elem Alg_Figure_07_01_011b_img_new.jpg	image/jpeg	52006	bca8c0528ce986b96c19513d00297e7f4c93027d3e96309d31ae7ff4c5c838c5	1
../../media/CNX_Elem Alg_Figure_07_01_011c_img_new.jpg	media/CNX_Elem Alg_Figure_07_01_011c_img_new.jpg	image/jpeg	55690	86e00a30874ef65d411c29f43585c4aed264cbb0b2f993b64c4548b62986aaf1	1
../../media/CNX_Elem Alg_Figure_07_01_011d_img_new.jpg	media/CNX_Elem Alg_Figure_07_01_011d_img_new.jpg	image/jpeg	52452	0e03b3b465c0ff398b0176f480fb8e91de86b2300ede744a99116cfd1cd82389	1
../../media/CNX_Elem Alg_Figure_07_01_012a_img_new.jpg	media/CNX_Elem Alg_Figure_07_01_012a_img_new.jpg	image/jpeg	69296	5208a2b0d7ad47518980f91bc0c4dfdbd3d1f7180dfcadc30aad690c741c9993	1
../../media/CNX_Elem Alg_Figure_07_01_012b_img_new.jpg	media/CNX_Elem Alg_Figure_07_01_012b_img_new.jpg	image/jpeg	48274	4822db9fbe644cd74f1507f0c84bd37b6768b05f81cc73b4e56f44d92507f39a	1
../../media/CNX_Elem Alg_Figure_07_01_012c_img_new.jpg	media/CNX_Elem Alg_Figure_07_01_012c_img_new.jpg	image/jpeg	51274	8857bdf4609160c99f7d5639ff4e9847c0f02da80cc0c2174f813326a455eb9f	1
../../media/CNX_Elem Alg_Figure_07_01_012d_img_new.jpg	media/CNX_Elem Alg_Figure_07_01_012d_img_new.jpg	image/jpeg	48832	d1d269067b85cc373ba683689ff625c801fc5477233fae7f5cdea2a79b88270b	1
../../media/CNX_Elem Alg_Figure_07_01_013a_img_new.jpg	media/CNX_Elem Alg_Figure_07_01_013a_img_new.jpg	image/jpeg	55656	745449b6f5e8a6fb5b54a7543c6db9c6608c989f0608b822af11c254bc538168	1
../../media/CNX_Elem Alg_Figure_07_01_013b_img_new.jpg	media/CNX_Elem Alg_Figure_07_01_013b_img_new.jpg	image/jpeg	36809	e018421437dfb363eccd3a17602ebf399f16dce6c612b456cb0f3ce03afb0e95	1
../../media/CNX_Elem Alg_Figure_07_01_013c_img_new.jpg	media/CNX_Elem Alg_Figure_07_01_013c_img_new.jpg	image/jpeg	39025	62aa34a5362976c38b98c8b612c6c319614e808c9b59f4210898f1e19b78170d	1
../../media/CNX_Elem Alg_Figure_07_01_013d_img_new.jpg	media/CNX_Elem Alg_Figure_07_01_013d_img_new.jpg	image/jpeg	36250	e88576a6ad0748b457b58b1c7e6b0b0c2c749314fd8e8d9c6fb78c763d49b79d	1
../../media/CNX_Elem Alg_Figure_07_01_014a_img_new.jpg	media/CNX_Elem Alg_Figure_07_01_014a_img_new.jpg	image/jpeg	42269	0ec289fe0dd44734a0559efd47be225ea83a0f97b19a9ec4cd3158aad76a2d90	1
../../media/CNX_Elem Alg_Figure_07_01_014b_img_new.jpg	media/CNX_Elem Alg_Figure_07_01_014b_img_new.jpg	image/jpeg	37896	4de55a0e5a7d1573ece9c90cc106ed4a99a908f7a745fc1d390c583b39376705	1
../../media/CNX_Elem Alg_Figure_07_01_015a_img_new.jpg	media/CNX_Elem Alg_Figure_07_01_015a_img_new.jpg	image/jpeg	83776	613025fda81b999daa9eb37b68cbcbd30e70a66e8ccc08bcdd9fbab1fb45520b	1
../../media/CNX_Elem Alg_Figure_07_01_015b_img_new.jpg	media/CNX_Elem Alg_Figure_07_01_015b_img_new.jpg	image/jpeg	80434	03fa89f262d761be503dd4b3eda89d17f56f99dd80065f32f2043a5c6c1fa470	1
../../media/CNX_Elem Alg_Figure_07_01_015c_img_new.jpg	media/CNX_Elem Alg_Figure_07_01_015c_img_new.jpg	image/jpeg	81012	dd656c03a76ddace63249ef85e8c58bd07701911eb98291207b2e4b054bf194d	1
../../media/CNX_Elem Alg_Figure_07_01_015d_img_new.jpg	media/CNX_Elem Alg_Figure_07_01_015d_img_new.jpg	image/jpeg	76108	cabb9a162212abe1b2f7b1e217a8ed1259fc833885d283154e441a26a24840c0	1
../../media/CNX_Elem Alg_Figure_07_01_016a_img_new.jpg	media/CNX_Elem Alg_Figure_07_01_016a_img_new.jpg	image/jpeg	49234	4a58bb2970f5ea8de43190f388765086f1a76beee8905be8450d21e245a6a524	1
../../media/CNX_Elem Alg_Figure_07_01_016b_img_new.jpg	media/CNX_Elem Alg_Figure_07_01_016b_img_new.jpg	image/jpeg	37032	643f79116521d9529c03689a364c6d75b0a068db1aefc433abb8e88f98034e36	1
../../media/CNX_Elem Alg_Figure_07_01_016c_img_new.jpg	media/CNX_Elem Alg_Figure_07_01_016c_img_new.jpg	image/jpeg	36336	25050151e24c9b74401c342f5dc20da5fa580eeb04aa2da2b42e17df6fcf5950	1
../../media/CNX_Elem Alg_Figure_07_01_017_img_new.jpg	media/CNX_Elem Alg_Figure_07_01_017_img_new.jpg	image/jpeg	49884	1e4405c74bc362433654945ef552207f1404864fac019eb87dc9f8b402fd9a5d	1
../../media/CNX_Elem Alg_Figure_07_01_201_img_new.jpg	media/CNX_Elem Alg_Figure_07_01_201_img_new.jpg	image/jpeg	65349	ac2495c33c2f385897c0a1ad607e240bda97d7bf027bacb4982da6f214d76129	1
../../media/CNX_Elem Alg_Figure_07_02_001_img_new.jpg	media/CNX_Elem Alg_Figure_07_02_001_img_new.jpg	image/jpeg	53970	e2676bf2c4407656bfb607f258fbc999516954ebfc2ce6e3eb91f528fbbb9568	1
../../media/CNX_Elem Alg_Figure_07_02_002a_img_new.jpg	media/CNX_Elem Alg_Figure_07_02_002a_img_new.jpg	image/jpeg	75955	3d8008965a152474f28f333f3c5d7c656f746145862384397862600d11b362f9	1
../../media/CNX_Elem Alg_Figure_07_02_002b_img_new.jpg	media/CNX_Elem Alg_Figure_07_02_002b_img_new.jpg	image/jpeg	99233	365841d8b38d51fe1f0914187109c44c403614c3c1f5fae82e3aa6797e62bbc5	1
../../media/CNX_Elem Alg_Figure_07_02_002c_img_new.jpg	media/CNX_Elem Alg_Figure_07_02_002c_img_new.jpg	image/jpeg	71386	502e957d26f53c495a26e169b0e1faa0b79524b00716f0e9af692bdfd6395683	1
../../media/CNX_Elem Alg_Figure_07_02_002d_img_new.jpg	media/CNX_Elem Alg_Figure_07_02_002d_img_new.jpg	image/jpeg	72954	6ffb87f8791bf1f899ad345080d301b257436da0fd724c2da3eb0d4abc53f9bb	1
../../media/CNX_Elem Alg_Figure_07_02_201_img_new.jpg	media/CNX_Elem Alg_Figure_07_02_201_img_new.jpg	image/jpeg	49219	38a6cd73f48e82f4a4e79d7e7ea051361c7ef25ad7e0a433b66bcba77226d247	1
../../media/CNX_Elem Alg_Figure_07_03_001_img_new.jpg	media/CNX_Elem Alg_Figure_07_03_001_img_new.jpg	image/jpeg	48251	210ac24be97d09c4d967f215c5c5397f097adc5f5186ac2f9f622d662d2983fa	1
../../media/CNX_Elem Alg_Figure_07_03_002_img_new.jpg	media/CNX_Elem Alg_Figure_07_03_002_img_new.jpg	image/jpeg	53623	0ef6f1e48ffc609f327eb4e54f7174375a973d441435c357722d6cb965137c82	1
../../media/CNX_Elem Alg_Figure_07_03_003_img_new.jpg	media/CNX_Elem Alg_Figure_07_03_003_img_new.jpg	image/jpeg	53203	5c05921e8d8ee7dbe2f1be61fbe6b5831c2f9366fda4f943735f5b11e7adc72f	1
../../media/CNX_Elem Alg_Figure_07_03_004_img_new.jpg	media/CNX_Elem Alg_Figure_07_03_004_img_new.jpg	image/jpeg	63650	762201711521a5bd6c4256319a4b913c6412cc0d384e156aecb4cda5e02741d3	1
../../media/CNX_Elem Alg_Figure_07_03_005a_img_new.jpg	media/CNX_Elem Alg_Figure_07_03_005a_img_new.jpg	image/jpeg	75006	a962e2d877dc4e80585ea765817610bf6d667244b08e72482d8402c4af93fa23	1
../../media/CNX_Elem Alg_Figure_07_03_005b_img_new.jpg	media/CNX_Elem Alg_Figure_07_03_005b_img_new.jpg	image/jpeg	86745	2ed20f00da2def4b1b080d6002b00bce83892029a643af1e800c5e0b8d1824b0	1
../../media/CNX_Elem Alg_Figure_07_03_005c_img_new.jpg	media/CNX_Elem Alg_Figure_07_03_005c_img_new.jpg	image/jpeg	75090	087f0437442465b4ea677470676c24d477085096530b7a1e15ea9d90c8c2d6ab	1
../../media/CNX_Elem Alg_Figure_07_03_005d_img_new.jpg	media/CNX_Elem Alg_Figure_07_03_005d_img_new.jpg	image/jpeg	122548	74a3ef52b00d51b9e2e96ab333e34a99b2a96bf98ed68bfd9ba6cda7155775f3	1
../../media/CNX_Elem Alg_Figure_07_03_005e_img_new.jpg	media/CNX_Elem Alg_Figure_07_03_005e_img_new.jpg	image/jpeg	68839	615123596baf4bb55ae77ebc728a8bc030d25a9fe00994b780fd16e6897bad23	1
../../media/CNX_Elem Alg_Figure_07_03_006a_img_new.jpg	media/CNX_Elem Alg_Figure_07_03_006a_img_new.jpg	image/jpeg	39546	1fb344cfe5a16cda3b68fd32fcaa8f0767bed004c19233f3e39f8db2374bc055	1
../../media/CNX_Elem Alg_Figure_07_03_006b_img_new.jpg	media/CNX_Elem Alg_Figure_07_03_006b_img_new.jpg	image/jpeg	46174	552b75c305faead9bd1652d6dca2fe5e8cc8f579a285b5dbf0c672a799f0c8f0	1
../../media/CNX_Elem Alg_Figure_07_03_006c_img_new.jpg	media/CNX_Elem Alg_Figure_07_03_006c_img_new.jpg	image/jpeg	47896	a0daf14d65d42f46db7d82480e880cd405fecea88e3263b8d0f9bf12c6c70082	1
../../media/CNX_Elem Alg_Figure_07_03_007a_img_new.jpg	media/CNX_Elem Alg_Figure_07_03_007a_img_new.jpg	image/jpeg	39895	e07b34c7c89f946b543ccef0525810a83dfa8fa1695a4b0d1bd67e81e1c4e429	1
../../media/CNX_Elem Alg_Figure_07_03_007b_img_new.jpg	media/CNX_Elem Alg_Figure_07_03_007b_img_new.jpg	image/jpeg	47591	3476252f82866dbf4910236dbaacabc60a97db110f7543a8d9dabe094c0f8c52	1
../../media/CNX_Elem Alg_Figure_07_03_007c_img_new.jpg	media/CNX_Elem Alg_Figure_07_03_007c_img_new.jpg	image/jpeg	49198	ad33bd6dba48bc84df4555c93854b2ad7872d6777a0d4ec27ed13d2d5d163543	1
../../media/CNX_Elem Alg_Figure_07_03_008_img_new.jpg	media/CNX_Elem Alg_Figure_07_03_008_img_new.jpg	image/jpeg	113556	e95c0cba005e8f6e14acc519000a870f0e68fe42a3b410e25cb14e813f644ac2	1
../../media/CNX_Elem Alg_Figure_07_03_009b_img_new.jpg	media/CNX_Elem Alg_Figure_07_03_009b_img_new.jpg	image/jpeg	50695	6b042ba68dd597ae4331d854d351c00b7ade7f3efd6a19e63d91d9cb78f4ee14	1
../../media/CNX_Elem Alg_Figure_07_03_009c_img_new.jpg	media/CNX_Elem Alg_Figure_07_03_009c_img_new.jpg	image/jpeg	53426	7a2837fc73bd6c2b8140e725ae3fe05f79e945e82b30708ac513719e833adcc5	1
../../media/CNX_Elem Alg_Figure_07_03_010_img_new.jpg	media/CNX_Elem Alg_Figure_07_03_010_img_new.jpg	image/jpeg	149462	4b2ec635730dbea4043d046a7444f0d501ede730997a511fdc4f884b028aeb8b	1
../../media/CNX_Elem Alg_Figure_07_03_011a_img_new.jpg	media/CNX_Elem Alg_Figure_07_03_011a_img_new.jpg	image/jpeg	51001	2aa0fe8d243077a74fdc577b723bb07a707039ad95a165e7583e64731353410c	1
../../media/CNX_Elem Alg_Figure_07_03_012_img_new.jpg	media/CNX_Elem Alg_Figure_07_03_012_img_new.jpg	image/jpeg	102498	5db6a8491c3d499ff6c01387158fb14062b98a71d5907d0414f18aa2b444cccf	1
../../media/CNX_Elem Alg_Figure_07_03_013a_img_new.jpg	media/CNX_Elem Alg_Figure_07_03_013a_img_new.jpg	image/jpeg	70472	963e93a8a18e8f93aa0d68d5bd3b373b172ffee8a0c8a0fe1caa7798dc560a9b	1
../../media/CNX_Elem Alg_Figure_07_03_013b_img_new.jpg	media/CNX_Elem Alg_Figure_07_03_013b_img_new.jpg	image/jpeg	70710	b55937a11d51e84b76ddf538126f9e51558b2d4fea9e3f7a0a904c1df7e992a6	1
../../media/CNX_Elem Alg_Figure_07_03_013c_img_new.jpg	media/CNX_Elem Alg_Figure_07_03_013c_img_new.jpg	image/jpeg	82757	97858004d52cb183911074f32aa47b1d2646a12433d6455a69512466d440a915	1
../../media/CNX_Elem Alg_Figure_07_03_013d_img_new.jpg	media/CNX_Elem Alg_Figure_07_03_013d_img_new.jpg	image/jpeg	90616	9fde11c8c220a40e859e849600f58648cc707d9d78de081faf375ca8945d0c95	1
../../media/CNX_Elem Alg_Figure_07_03_013e_img_new.jpg	media/CNX_Elem Alg_Figure_07_03_013e_img_new.jpg	image/jpeg	69042	1b7df7de297e7a854405de8a007e087d8744d20ff99e3e000a89c55afc5974f0	1
../../media/CNX_Elem Alg_Figure_07_03_013f_img_new.jpg	media/CNX_Elem Alg_Figure_07_03_013f_img_new.jpg	image/jpeg	75505	56d5991142c69ec52256e2c71ca751baa6aebcdc5ae4830c48b86cf194fc8e9b	1
../../media/CNX_Elem Alg_Figure_07_03_014a_img_new.jpg	media/CNX_Elem Alg_Figure_07_03_014a_img_new.jpg	image/jpeg	45175	6d970b9724c986e3145d579b68827091dd316898e050e7fef8d6a9f4b8d42dac	1
../../media/CNX_Elem Alg_Figure_07_03_015a_img_new.jpg	media/CNX_Elem Alg_Figure_07_03_015a_img_new.jpg	image/jpeg	48093	4f0b136e19640feb746bd61236bc05dff792a9bd464ef99bf4963080dd1fadf9	1
../../media/CNX_Elem Alg_Figure_07_03_016a_img_new.jpg	media/CNX_Elem Alg_Figure_07_03_016a_img_new.jpg	image/jpeg	41830	e40bf6ed6a37f2b629153996bd940d8eb267d9d32b355017c60995bd845469ac	1
../../media/CNX_Elem Alg_Figure_07_03_016b_img_new.jpg	media/CNX_Elem Alg_Figure_07_03_016b_img_new.jpg	image/jpeg	42406	f080183a422c971e0c236545089660d584f1063267d475acc6f95639e12f2074	1
../../media/CNX_Elem Alg_Figure_07_03_016c_img_new.jpg	media/CNX_Elem Alg_Figure_07_03_016c_img_new.jpg	image/jpeg	48050	ccd87fd83df563b48d2bd8f26197a99e1d6b6f0fe8620eeb619136d423b4023c	1
../../media/CNX_Elem Alg_Figure_07_03_016d_img_new.jpg	media/CNX_Elem Alg_Figure_07_03_016d_img_new.jpg	image/jpeg	42764	f0cd60202a19532413e09ce51be707dcc6a892ec8650ecc994c499e6effcc93e	1
../../media/CNX_Elem Alg_Figure_07_03_017_img_new.jpg	media/CNX_Elem Alg_Figure_07_03_017_img_new.jpg	image/jpeg	55414	1e9b07894a01866daafa00aead1f77b9aad16c29df8f7fb65470c874a8580d38	1
../../media/CNX_Elem Alg_Figure_07_03_201_img_new.jpg	media/CNX_Elem Alg_Figure_07_03_201_img_new.jpg	image/jpeg	67473	856f7106326cd8de70557b62ccd3d54cf127ec6f34becb1d7b988d246be29ac0	1
../../media/CNX_Elem Alg_Figure_07_04_001_img_new.jpg	media/CNX_Elem Alg_Figure_07_04_001_img_new.jpg	image/jpeg	54855	5d7e4c7cdb25e74a0ddb074611e0fc0f46c1e48d36db74e27bcdcf27f9f9e456	1
../../media/CNX_Elem Alg_Figure_07_04_002a_img_new.jpg	media/CNX_Elem Alg_Figure_07_04_002a_img_new.jpg	image/jpeg	119413	24a50576d7280e72596d273246aead6e789e1b601c161ac97d092aeb81ab56a7	1
../../media/CNX_Elem Alg_Figure_07_04_002b_img_new.jpg	media/CNX_Elem Alg_Figure_07_04_002b_img_new.jpg	image/jpeg	82267	f5fc33ebb938db547ef0e24fa4f8c24a68dcbb76c23e18af392fca827037e307	1
../../media/CNX_Elem Alg_Figure_07_04_002c_img_new.jpg	media/CNX_Elem Alg_Figure_07_04_002c_img_new.jpg	image/jpeg	73869	6ba765de3d6c06cbc24de22f572c773999f1f10f8272fdf16aeb37047126ed22	1
../../media/CNX_Elem Alg_Figure_07_04_003a_img_new.jpg	media/CNX_Elem Alg_Figure_07_04_003a_img_new.jpg	image/jpeg	53384	bca727915c4a41d48b40f489fcfa91888b929395633dbc5b7294ba618c4b5ad5	1
../../media/CNX_Elem Alg_Figure_07_04_003b_img_new.jpg	media/CNX_Elem Alg_Figure_07_04_003b_img_new.jpg	image/jpeg	51839	fd6f2cfb424e8b8c0e60d8eb8050295e06bb19fc31bb58903cfcf78fd5e6295b	1
../../media/CNX_Elem Alg_Figure_07_04_003c_img_new.jpg	media/CNX_Elem Alg_Figure_07_04_003c_img_new.jpg	image/jpeg	60036	541a13854dbc89b70c5d8242320dc58af3fda93d7f13ccc36654a95e9d33ef70	1
../../media/CNX_Elem Alg_Figure_07_04_003d_img_new.jpg	media/CNX_Elem Alg_Figure_07_04_003d_img_new.jpg	image/jpeg	59886	62da7f64f1d4d74108281b17d242a1b6b7b10bcce0d25a5a6b3b491cadba96f5	1
../../media/CNX_Elem Alg_Figure_07_04_003e_img_new.jpg	media/CNX_Elem Alg_Figure_07_04_003e_img_new.jpg	image/jpeg	56020	8c0440729dc49a93bdb95a24092398b415e4392fedfcf5057a66d54874bf8985	1
../../media/CNX_Elem Alg_Figure_07_04_004a_img_new.jpg	media/CNX_Elem Alg_Figure_07_04_004a_img_new.jpg	image/jpeg	54304	796870b6ebae9bef718f8bfaecab3a9d43308dc7569507e55257a550c7a0ff13	1
../../media/CNX_Elem Alg_Figure_07_04_004b_img_new.jpg	media/CNX_Elem Alg_Figure_07_04_004b_img_new.jpg	image/jpeg	61011	a7692d6ff3efb901ea1288967e80c5fe6e3bcb0b299bbc5d0f3fae72f149ffb8	1
../../media/CNX_Elem Alg_Figure_07_04_004c_img_new.jpg	media/CNX_Elem Alg_Figure_07_04_004c_img_new.jpg	image/jpeg	52083	68debb933edc702ee248ce14a27d5c4f12afd48aa32d04f75368920ce8c2e328	1
../../media/CNX_Elem Alg_Figure_07_04_005a_img_new.jpg	media/CNX_Elem Alg_Figure_07_04_005a_img_new.jpg	image/jpeg	60605	a162cc3957080eb39a782487eaf325ba442a4fdf9eb5a7c0515d3be818876478	1
../../media/CNX_Elem Alg_Figure_07_04_006a_img_new.jpg	media/CNX_Elem Alg_Figure_07_04_006a_img_new.jpg	image/jpeg	80994	934a4066f1b0c7ae9db8d9efdc10b11bc75323ce24ab4c5ca5995fcaf34238a0	1
../../media/CNX_Elem Alg_Figure_07_04_006b_img_new.jpg	media/CNX_Elem Alg_Figure_07_04_006b_img_new.jpg	image/jpeg	70615	3dd7aaea40ef23564f16c12fe7a628c5ccb48c559a214755581046eb25abc052	1
../../media/CNX_Elem Alg_Figure_07_04_006c_img_new.jpg	media/CNX_Elem Alg_Figure_07_04_006c_img_new.jpg	image/jpeg	71091	7f60bf142edb76828d4d9ce89de477bbcab5429493f6d4ccb7ffb3a47d4dec5f	1
../../media/CNX_Elem Alg_Figure_07_04_006d_img_new.jpg	media/CNX_Elem Alg_Figure_07_04_006d_img_new.jpg	image/jpeg	66496	7a9fe9d39765d9768722c2d7738cb27fabac75cee7e7c095774c9800a499a0d6	1
../../media/CNX_Elem Alg_Figure_07_04_007_img_new.jpg	media/CNX_Elem Alg_Figure_07_04_007_img_new.jpg	image/jpeg	38115	b7420c7ee2cb3c91db0aa32512169e8b2a635e0f3d14feb9ffa51799f999b1b9	1
../../media/CNX_Elem Alg_Figure_07_04_008a_img_new.jpg	media/CNX_Elem Alg_Figure_07_04_008a_img_new.jpg	image/jpeg	40723	ab6ed318bd60800e68ed5f4dda892cc5fbc60ff0bb4e4c85a798ae81872e9f51	1
../../media/CNX_Elem Alg_Figure_07_04_008b_img_new.jpg	media/CNX_Elem Alg_Figure_07_04_008b_img_new.jpg	image/jpeg	41607	13b435b8505da935ee0fb50550e62818fff79f09aaaf1364e99e6ac79838e1a9	1
../../media/CNX_Elem Alg_Figure_07_04_008c_img_new.jpg	media/CNX_Elem Alg_Figure_07_04_008c_img_new.jpg	image/jpeg	44826	962d65f33533cb4642dc3f9b5e7627d1fc78f38a6a1100f2abe5099a0be46acb	1
../../media/CNX_Elem Alg_Figure_07_04_008d_img_new.jpg	media/CNX_Elem Alg_Figure_07_04_008d_img_new.jpg	image/jpeg	50379	c627049045947e14a9a7b81a497cba5917c430b54dc446b974dee3b950daafaa	1
../../media/CNX_Elem Alg_Figure_07_04_009a_img_new.jpg	media/CNX_Elem Alg_Figure_07_04_009a_img_new.jpg	image/jpeg	40103	58f0c1971a50405dae8afa4764fb60c9d2fd64c98635f159ec313868a910c28b	1
../../media/CNX_Elem Alg_Figure_07_04_009b_img_new.jpg	media/CNX_Elem Alg_Figure_07_04_009b_img_new.jpg	image/jpeg	43398	da3e0f1cbdfc9a55b966c033a69703779c5559625ba718522c5b6f4d3b90f062	1
../../media/CNX_Elem Alg_Figure_07_04_010_img_new.jpg	media/CNX_Elem Alg_Figure_07_04_010_img_new.jpg	image/jpeg	65177	85ae67abb1a2bc6d4e9c42b15442ca58512a62cb664002753af1aa1892399923	1
../../media/CNX_Elem Alg_Figure_07_04_011a_img_new.jpg	media/CNX_Elem Alg_Figure_07_04_011a_img_new.jpg	image/jpeg	84716	2fd79417dd81b60e09869b535855a797bf5602d3f8121e3c0eebf92aa06c40e2	1
../../media/CNX_Elem Alg_Figure_07_04_011b_img_new.jpg	media/CNX_Elem Alg_Figure_07_04_011b_img_new.jpg	image/jpeg	70512	2d4e6d187d60b885f62edb469676bd985565d505b3a11e690971c6711ca1f60b	1
../../media/CNX_Elem Alg_Figure_07_04_011c_img_new.jpg	media/CNX_Elem Alg_Figure_07_04_011c_img_new.jpg	image/jpeg	74968	fbaa717b4c2b763fa6738dbd61f202c652bf6eff5916505e1cbf4e0f77d7aac7	1
../../media/CNX_Elem Alg_Figure_07_04_011d_img_new.jpg	media/CNX_Elem Alg_Figure_07_04_011d_img_new.jpg	image/jpeg	69263	8d0306c7566698bea697609023b50ad47ac7f338558e01163a93eebc00a97478	1
../../media/CNX_Elem Alg_Figure_07_04_011e_img_new.jpg	media/CNX_Elem Alg_Figure_07_04_011e_img_new.jpg	image/jpeg	76621	8ffe655122833ddbf48ad4cc128b20041785bf7e0124bbf12c9dc5bf2fa674f8	1
../../media/CNX_Elem Alg_Figure_07_04_012a_img_new.jpg	media/CNX_Elem Alg_Figure_07_04_012a_img_new.jpg	image/jpeg	60932	3d1c6cd7851e3cc68b415570504947dbd4a0d034c95e3d6398415529cf88421a	1
../../media/CNX_Elem Alg_Figure_07_04_012b_img_new.jpg	media/CNX_Elem Alg_Figure_07_04_012b_img_new.jpg	image/jpeg	40053	8f5817afa800525ecdca0733fe875c20dab518f232e97298df491d0d910be4ac	1
../../media/CNX_Elem Alg_Figure_07_04_012c_img_new.jpg	media/CNX_Elem Alg_Figure_07_04_012c_img_new.jpg	image/jpeg	42038	38f87fa91fb015a0d4c2ef15924dd154cf041379921b25e044b2034c9c998c94	1
../../media/CNX_Elem Alg_Figure_07_04_012d_img_new.jpg	media/CNX_Elem Alg_Figure_07_04_012d_img_new.jpg	image/jpeg	50119	48afebc54079c0119d55015d9f109cf262023aa757a9ed8f60533ff54e1f0ee8	1
../../media/CNX_Elem Alg_Figure_07_04_012e_img_new.jpg	media/CNX_Elem Alg_Figure_07_04_012e_img_new.jpg	image/jpeg	50793	6562a2bd8ca303d59d81c9a475296653e021b0e4df7b8356add3716ffbeba634	1
../../media/CNX_Elem Alg_Figure_07_04_013a_img_new.jpg	media/CNX_Elem Alg_Figure_07_04_013a_img_new.jpg	image/jpeg	41264	bad37a7c95b6de91b14652fa07482d99432848cdb99c1e260d791231c43a9fb0	1
../../media/CNX_Elem Alg_Figure_07_04_013b_img_new.jpg	media/CNX_Elem Alg_Figure_07_04_013b_img_new.jpg	image/jpeg	43042	914be9022030901b3d554bc13718b10c3e1325680f46039f9eb7c2f2065b3010	1
../../media/CNX_Elem Alg_Figure_07_04_013c_img_new.jpg	media/CNX_Elem Alg_Figure_07_04_013c_img_new.jpg	image/jpeg	51193	cfbd6469237976f3520149296980af696d139a268c73707fe528bbcd7d0ef754	1
../../media/CNX_Elem Alg_Figure_07_04_013d_img_new.jpg	media/CNX_Elem Alg_Figure_07_04_013d_img_new.jpg	image/jpeg	50946	d9188fa7f9ec0cb1c4167e2be25c72112c603246b51dffc56b38cea033f4a00b	1
../../media/CNX_Elem Alg_Figure_07_04_014a_img_new.jpg	media/CNX_Elem Alg_Figure_07_04_014a_img_new.jpg	image/jpeg	41601	cbba62b7646746a39f246ce0e0fdf3d696bd4cd30750eeeef906f506943579f5	1
../../media/CNX_Elem Alg_Figure_07_04_014b_img_new.jpg	media/CNX_Elem Alg_Figure_07_04_014b_img_new.jpg	image/jpeg	44019	40f21ab05aa98429a546a004bbf8ecbb44e9d96efc0045979636204170d787fe	1
../../media/CNX_Elem Alg_Figure_07_04_014c_img_new.jpg	media/CNX_Elem Alg_Figure_07_04_014c_img_new.jpg	image/jpeg	52024	ff15046465b1e0b3d5ef5a2520f471c777f44c7603c662c4a5cff7af363a366f	1
../../media/CNX_Elem Alg_Figure_07_04_014d_img_new.jpg	media/CNX_Elem Alg_Figure_07_04_014d_img_new.jpg	image/jpeg	50754	b7f1120f77a835c58663d60d8288292224dd060d29be564716491437882a0962	1
../../media/CNX_Elem Alg_Figure_07_04_015a_img_new.jpg	media/CNX_Elem Alg_Figure_07_04_015a_img_new.jpg	image/jpeg	42171	aafb3b9b08bd4f81cb0e91bfcfa11b0e9fb9984250cea1ee0806223ca26d5276	1
../../media/CNX_Elem Alg_Figure_07_04_015b_img_new.jpg	media/CNX_Elem Alg_Figure_07_04_015b_img_new.jpg	image/jpeg	42463	11033cd3bc8bc464b3993be5463ecf7e79a4c6ce21c6e7cee503eb25c2236486	1
../../media/CNX_Elem Alg_Figure_07_04_015c_img_new.jpg	media/CNX_Elem Alg_Figure_07_04_015c_img_new.jpg	image/jpeg	45873	e58759827c28a893f66839ec422bda9eacc3f851efa59db90e960589f783a359	1
../../media/CNX_Elem Alg_Figure_07_04_015d_img_new.jpg	media/CNX_Elem Alg_Figure_07_04_015d_img_new.jpg	image/jpeg	52100	6b0c70b9f18b380797e9db933c95af92a16f36db67f0e9284452ea0099d9ab67	1
../../media/CNX_Elem Alg_Figure_07_04_015e_img_new.jpg	media/CNX_Elem Alg_Figure_07_04_015e_img_new.jpg	image/jpeg	51164	07edbb57fffb7bfad1cdeb4a16e55fdd0c2f4abb548589e9aecc21ebf702492f	1
../../media/CNX_Elem Alg_Figure_07_04_016_img_new.jpg	media/CNX_Elem Alg_Figure_07_04_016_img_new.jpg	image/jpeg	38282	e66e34b4e09281a05a5ed5e4c60fe20c0e50fe0f4c0ae2a3a45fbb75e2cd13c9	1
../../media/CNX_Elem Alg_Figure_07_04_201_img_new.jpg	media/CNX_Elem Alg_Figure_07_04_201_img_new.jpg	image/jpeg	57565	685c8dc3b43f26e7c192f130eb9413bc0925869b3b9cf265083b511b9af45535	1
../../media/CNX_Elem Alg_Figure_07_05_001_img_new.jpg	media/CNX_Elem Alg_Figure_07_05_001_img_new.jpg	image/jpeg	87502	6db09c683b9192016e00f831e8e8376e6f9452ee93df9b659c1a12beb1e86702	1
../../media/CNX_Elem Alg_Figure_07_05_002a_img_new.jpg	media/CNX_Elem Alg_Figure_07_05_002a_img_new.jpg	image/jpeg	38953	8cfebb69dc68dae0b9c4486a71d73c5a4bf4f3fd6e56f9758a98142689e8a973	1
../../media/CNX_Elem Alg_Figure_07_05_002b_img_new.jpg	media/CNX_Elem Alg_Figure_07_05_002b_img_new.jpg	image/jpeg	50744	2ac598af7ccd9718428f9d1377bcb78a2f6489eeee9e0820db8316ba66900431	1
../../media/CNX_Elem Alg_Figure_07_05_003_img_new.jpg	media/CNX_Elem Alg_Figure_07_05_003_img_new.jpg	image/jpeg	106106	8af098c8d60012be851b156e673bd9cda3cf6b15411d433a07ccfa1f3b2a0578	1
../../media/CNX_Elem Alg_Figure_07_05_004a_img_new.jpg	media/CNX_Elem Alg_Figure_07_05_004a_img_new.jpg	image/jpeg	39933	b92e71691f7274271fe83dc982aa4c5b3a00105329870d6b1137f6978b4cad63	1
../../media/CNX_Elem Alg_Figure_07_05_004b_img_new.jpg	media/CNX_Elem Alg_Figure_07_05_004b_img_new.jpg	image/jpeg	41283	41b0c8a2cb6fdbaa7dd07c119e01daf503a450753f7b2568ad2f526269b5a57b	1
../../media/CNX_Elem Alg_Figure_07_05_004c_img_new.jpg	media/CNX_Elem Alg_Figure_07_05_004c_img_new.jpg	image/jpeg	48677	ea70ec3416670d8373909e61222112cacde2eedef5141c8e4649589a4ffc7a33	1
../../media/CNX_Elem Alg_Figure_07_05_004d_img_new.jpg	media/CNX_Elem Alg_Figure_07_05_004d_img_new.jpg	image/jpeg	38633	5c86e4c67148b84c6d4e6ed7fa1ca944c92826c2f16e1d6709ed2a44f00220fa	1
../../media/CNX_Elem Alg_Figure_07_05_005a_img_new.jpg	media/CNX_Elem Alg_Figure_07_05_005a_img_new.jpg	image/jpeg	42107	ed3241d0b607a659037473c7016330ea78c7b717655e6b7ecc191cc300aab418	1
../../media/CNX_Elem Alg_Figure_07_05_005b_img_new.jpg	media/CNX_Elem Alg_Figure_07_05_005b_img_new.jpg	image/jpeg	48018	dacdd82d7edb2841a57f16e0f6706d036b130e3958684d22bbea8cf812cab208	1
../../media/CNX_Elem Alg_Figure_07_05_201_img_new.jpg	media/CNX_Elem Alg_Figure_07_05_201_img_new.jpg	image/jpeg	41096	b108aa9e7a2146f3e4eed54e26b2b9d661be5ce087c39c5353210c0500d5b7a1	1
../../media/CNX_Elem Alg_Figure_07_06_001a_img_new.jpg	media/CNX_Elem Alg_Figure_07_06_001a_img_new.jpg	image/jpeg	78994	b301b1d72b84cb7591ca0ad53a0016fdfcbd72a55dcf7c9a34a8278cbf94e185	1
../../media/CNX_Elem Alg_Figure_07_06_001b_img_new.jpg	media/CNX_Elem Alg_Figure_07_06_001b_img_new.jpg	image/jpeg	69287	e46410cac55b5a5cb0843787b3dffcb94fd015988ee0646955c63a3d84c922ea	1
../../media/CNX_Elem Alg_Figure_07_06_001c_img_new.jpg	media/CNX_Elem Alg_Figure_07_06_001c_img_new.jpg	image/jpeg	95818	3c3181aa3de70a4723aa0bd90a6c5897d06c232cce67246c5f6651f8d6757f6e	1
../../media/CNX_Elem Alg_Figure_07_06_002_img_new.jpg	media/CNX_Elem Alg_Figure_07_06_002_img_new.jpg	image/jpeg	78333	c956aa64005feed72faeac609a267d953eab7d52f0234879efdd7a75cde9b28e	1
../../media/CNX_Elem Alg_Figure_07_06_003a_img_new.jpg	media/CNX_Elem Alg_Figure_07_06_003a_img_new.jpg	image/jpeg	72190	b003e99de9f85a67a6f681caa02a6ac310ea40d67c0c1e9c193aeb13f326c820	1
../../media/CNX_Elem Alg_Figure_07_06_004a_img_new.jpg	media/CNX_Elem Alg_Figure_07_06_004a_img_new.jpg	image/jpeg	56282	de389018d2ff0a2042fad89d9c7fbc77cb7639eb8551bd6c2c32ea8aa3ba0d47	1
../../media/CNX_Elem Alg_Figure_07_06_005a_img_new.jpg	media/CNX_Elem Alg_Figure_07_06_005a_img_new.jpg	image/jpeg	77143	fd708b7a5dc56d2e19c8c3c19f9d2f3de4dc43879cbd7fc7936c2f6120a0bc39	1
../../media/CNX_Elem Alg_Figure_07_06_005b_img_new.jpg	media/CNX_Elem Alg_Figure_07_06_005b_img_new.jpg	image/jpeg	69713	92b290f68f443c20b6a4bca92d0004d597fba4e0116f4133d3162cac403c482a	1
../../media/CNX_Elem Alg_Figure_07_06_005c_img_new.jpg	media/CNX_Elem Alg_Figure_07_06_005c_img_new.jpg	image/jpeg	71117	2e6f654879f64effa41209233abc43eb578d1188a58060e215f9a58c81a1deb8	1
../../media/CNX_Elem Alg_Figure_07_06_005d_img_new.jpg	media/CNX_Elem Alg_Figure_07_06_005d_img_new.jpg	image/jpeg	70035	8d681afa0fbb8854935c625efa5403bd1e99aa15b62149f31147d84d29127d0c	1
../../media/CNX_Elem Alg_Figure_07_06_005e_img_new.jpg	media/CNX_Elem Alg_Figure_07_06_005e_img_new.jpg	image/jpeg	98047	25ac70c59fdd4d2f710bab3dd5cc2aa4e8e1a087fb5ebfb0f01b1d14f2737690	1
../../media/CNX_Elem Alg_Figure_07_06_006a_img_new.jpg	media/CNX_Elem Alg_Figure_07_06_006a_img_new.jpg	image/jpeg	75169	e5a350e43b2fb6cd9e15b96004f2cc788aac4370d60b182a768bde720152e269	1
../../media/CNX_Elem Alg_Figure_07_06_007a_img_new.jpg	media/CNX_Elem Alg_Figure_07_06_007a_img_new.jpg	image/jpeg	64604	033626a37c9564ee1d0e0b29ca77e82eff440fb9919d1721d6d0e6287d67607e	1
../../media/CNX_Elem Alg_Figure_07_06_008a_img_new.jpg	media/CNX_Elem Alg_Figure_07_06_008a_img_new.jpg	image/jpeg	46137	232c835121c72ffe598a021d0334c1cc202de93a4f25adba81a24a338594f28d	1
../../media/CNX_Elem Alg_Figure_07_06_008b_img_new.jpg	media/CNX_Elem Alg_Figure_07_06_008b_img_new.jpg	image/jpeg	39093	df0504980f9b593942bb7d59d279d27b50c17ba2af71c637d3624bb08d2f7146	1
../../media/CNX_Elem Alg_Figure_07_06_009_img_new.jpg	media/CNX_Elem Alg_Figure_07_06_009_img_new.jpg	image/jpeg	21046	53bd59f66b45a3f11578befe53ecf4714b7958fe610b2bccf44ce397ae96145e	1
../../media/CNX_Elem Alg_Figure_07_06_010_img_new.jpg	media/CNX_Elem Alg_Figure_07_06_010_img_new.jpg	image/jpeg	21879	5b2cd5139e50c8cf1a4c67df32c795c9488070567bfd8b613e1e5f0fcf29b8a1	1
../../media/CNX_ElemAlg_Figure05_06_025_img.jpg	media/CNX_ElemAlg_Figure05_06_025_img.jpg	image/jpeg	638146	b33572117d4b2d53de3ced3bbbaf01367fae9da7e9fa6e1050d0ea80c45ca41a	1
../../media/CNX_ElemAlg_Figure_01_00_001_img_new.jpg	media/CNX_ElemAlg_Figure_01_00_001_img_new.jpg	image/jpeg	251847	b098f5e49be034b14e673f8aa4362cbfdbd0467e7ba1aa320c151b955fbecfb4	1
../../media/CNX_ElemAlg_Figure_01_01_001_new.jpg	media/CNX_ElemAlg_Figure_01_01_001_new.jpg	image/jpeg	26159	ba3ccce05d46187a68da949a8f4d33a43269e453bc4a1ee2e4aeb880e59e2d4f	1
../../media/CNX_ElemAlg_Figure_01_01_002_new.jpg	media/CNX_ElemAlg_Figure_01_01_002_new.jpg	image/jpeg	101221	acb6226231f1799136bce1658da45e4b343b5eb927f48adbfb404e6b71d14a9a	1
../../media/CNX_ElemAlg_Figure_01_01_003_img_new.jpg	media/CNX_ElemAlg_Figure_01_01_003_img_new.jpg	image/jpeg	94566	df32f7839763afc261f393987da6d8f5126612a2190ebe6b0c3dbc1efeacc887	1
../../media/CNX_ElemAlg_Figure_01_01_004_new.jpg	media/CNX_ElemAlg_Figure_01_01_004_new.jpg	image/jpeg	43122	558434186e46227a1d9a803634529b2e7359d2abf8d63ebb177a32531b016f3f	1
../../media/CNX_ElemAlg_Figure_01_01_005_img_new.jpg	media/CNX_ElemAlg_Figure_01_01_005_img_new.jpg	image/jpeg	50998	d2f8fe6f92e58a349645654216844cba858728d3575c2add7e3fe1c73e91f565	1
../../media/CNX_ElemAlg_Figure_01_01_008a_new.jpg	media/CNX_ElemAlg_Figure_01_01_008a_new.jpg	image/jpeg	651665	e2fe3ab60e359a73a67e80f80f4a716a5057359a400a7e7a0636c980196ee24b	1
../../media/CNX_ElemAlg_Figure_01_01_008b_new.jpg	media/CNX_ElemAlg_Figure_01_01_008b_new.jpg	image/jpeg	647836	787abe06944219ebd154287155d9676fe0e2ba4f57cb7e76ea73943dfafb6bf2	1
../../media/CNX_ElemAlg_Figure_01_01_008c_new.jpg	media/CNX_ElemAlg_Figure_01_01_008c_new.jpg	image/jpeg	87604	9b8fa59e9dd9ed920b6716e8c34077f461a78ba0c1ad2fc90371300970be71c0	1
../../media/CNX_ElemAlg_Figure_01_01_008d_new.jpg	media/CNX_ElemAlg_Figure_01_01_008d_new.jpg	image/jpeg	662158	58eca4bbf82c351eb84906b5d147a187bdef57424913c12e33f64d4af4b56d5b	1
../../media/CNX_ElemAlg_Figure_01_01_009a_img_new.jpg	media/CNX_ElemAlg_Figure_01_01_009a_img_new.jpg	image/jpeg	26225	fac5f78308eaa35471c94d36aec5562f6c342a703187d16082b6adf2776a1443	1
../../media/CNX_ElemAlg_Figure_01_01_009b_img_new.jpg	media/CNX_ElemAlg_Figure_01_01_009b_img_new.jpg	image/jpeg	26924	69a076f3d95d875e45969034b48e0776dfceaac89bfcc4a8fb8cfe0fdccd7fcb	1
../../media/CNX_ElemAlg_Figure_01_01_009c_img_new.jpg	media/CNX_ElemAlg_Figure_01_01_009c_img_new.jpg	image/jpeg	656615	83d37346e1b60f9729d91858e1bd36b03486671af70f865aeb9f4091879c0e86	1
../../media/CNX_ElemAlg_Figure_01_01_010a_img_new.jpg	media/CNX_ElemAlg_Figure_01_01_010a_img_new.jpg	image/jpeg	28395	3ec0a0b39f61bfe8ce6cf1ba69b13ec930e4bff680acf7f34eb582e75e3b2fe3	1
../../media/CNX_ElemAlg_Figure_01_01_010b_img_new.jpg	media/CNX_ElemAlg_Figure_01_01_010b_img_new.jpg	image/jpeg	649623	ae11b1995439d3d03b5ebee51f08c5b1bde78ca9077b744a7f4e16d724c3406e	1
../../media/CNX_ElemAlg_Figure_01_01_011a_img_new.jpg	media/CNX_ElemAlg_Figure_01_01_011a_img_new.jpg	image/jpeg	31376	25fd51977d1a6fdbcfd52eeb520e683af997651c1197686e5bc4c23339ca9e31	1
../../media/CNX_ElemAlg_Figure_01_01_011b_img_new.jpg	media/CNX_ElemAlg_Figure_01_01_011b_img_new.jpg	image/jpeg	23377	ca1f37093712210689b29c095908124cef7b0db1eb69d9e0d1b427d99bd26e18	1
../../media/CNX_ElemAlg_Figure_01_01_012_img_new.jpg	media/CNX_ElemAlg_Figure_01_01_012_img_new.jpg	image/jpeg	35553	a63c6ef521ecd54a1231f038761a19918b861e7bc9c9f4a5b3e5a23cb42dd23f	1
../../media/CNX_ElemAlg_Figure_01_01_013_img_new.jpg	media/CNX_ElemAlg_Figure_01_01_013_img_new.jpg	image/jpeg	36239	477ed8d13d5fcc4d068fde971c8de9aeebc35e1bc3c87cbba015b0e0367bc89c	1
../../media/CNX_ElemAlg_Figure_01_01_014_img_new.jpg	media/CNX_ElemAlg_Figure_01_01_014_img_new.jpg	image/jpeg	37371	58726b051b279e389321eecc39469a026d8a727d0c9fbba9153aa7819f696414	1
../../media/CNX_ElemAlg_Figure_01_01_015_img_new.jpg	media/CNX_ElemAlg_Figure_01_01_015_img_new.jpg	image/jpeg	175560	328285b9a022284ffa74fe74ae71f90493d980e063288bceafc34aa9334d9723	1
../../media/CNX_ElemAlg_Figure_01_01_016a_new.jpg	media/CNX_ElemAlg_Figure_01_01_016a_new.jpg	image/jpeg	77188	e831c92a8e70b59987a01bb7a8998413e280320286a512c03dda1a9596484ffa	1
../../media/CNX_ElemAlg_Figure_01_01_016b_new.jpg	media/CNX_ElemAlg_Figure_01_01_016b_new.jpg	image/jpeg	75261	f8fb2c84b214d2730faa89c632d76f0664f249104291f0eb79394015f40923cc	1
../../media/CNX_ElemAlg_Figure_01_01_016c_new.jpg	media/CNX_ElemAlg_Figure_01_01_016c_new.jpg	image/jpeg	108528	cdfc7a9f1219a2bdc3249674a82b3cc50315fb793074ad5d0d4cb5f64576cf55	1
../../media/CNX_ElemAlg_Figure_01_01_016d_new.jpg	media/CNX_ElemAlg_Figure_01_01_016d_new.jpg	image/jpeg	69225	215350b1b4f54ce94924ca28334e282b6ffb1eff5acc377d36747dd7e56ec504	1
../../media/CNX_ElemAlg_Figure_01_01_017_img_new.jpg	media/CNX_ElemAlg_Figure_01_01_017_img_new.jpg	image/jpeg	34257	a0cc149dd398fbfee4a4595c0d3f7ff6f776f35e94575ccd32d986f6f195eaff	1
../../media/CNX_ElemAlg_Figure_01_01_018_img_new.jpg	media/CNX_ElemAlg_Figure_01_01_018_img_new.jpg	image/jpeg	51482	ac7639b69d1c0b9fb6c84a5a53167d5d1dfc9e318761c8d531946a28e75db576	1
../../media/CNX_ElemAlg_Figure_01_01_019_img_new.jpg	media/CNX_ElemAlg_Figure_01_01_019_img_new.jpg	image/jpeg	37791	100de597adeecea72990a2d4db946aef6732ec26094c2167d7839209e4e96123	1
../../media/CNX_ElemAlg_Figure_01_01_020a_new.jpg	media/CNX_ElemAlg_Figure_01_01_020a_new.jpg	image/jpeg	79359	2a0a623697335643b89f46589c83889b88f36b5be992ae27d03db2ca60e81736	1
../../media/CNX_ElemAlg_Figure_01_01_020b_new.jpg	media/CNX_ElemAlg_Figure_01_01_020b_new.jpg	image/jpeg	82956	a0a730ef092429fa908cb151d6e29de424cf735b13b03add7082aab061bb6895	1
../../media/CNX_ElemAlg_Figure_01_01_020c_new.jpg	media/CNX_ElemAlg_Figure_01_01_020c_new.jpg	image/jpeg	72317	d23446c7b8e257861aa7fb16c2c03b9370e0a4430fc95145c415b2e7bc9f964b	1
../../media/CNX_ElemAlg_Figure_01_01_020d_new.jpg	media/CNX_ElemAlg_Figure_01_01_020d_new.jpg	image/jpeg	62466	96cd3b5e0acb0f4461d683239cdc9ec7c9af4ce3117758bad77f175f91cb3727	1
../../media/CNX_ElemAlg_Figure_01_01_021a_img_new.jpg	media/CNX_ElemAlg_Figure_01_01_021a_img_new.jpg	image/jpeg	34282	fd387761936325765bb5c5709f0afc557ce8eb85d434faa72ec2fc165ffe3c50	1
../../media/CNX_ElemAlg_Figure_01_01_021b_img_new.jpg	media/CNX_ElemAlg_Figure_01_01_021b_img_new.jpg	image/jpeg	17430	b8cb3d59e2c538f970b3a050c5a7684e6e17101d779c43ffdb1a9d3d1b24ace5	1
../../media/CNX_ElemAlg_Figure_01_01_022_img_new.jpg	media/CNX_ElemAlg_Figure_01_01_022_img_new.jpg	image/jpeg	49885	0ce9fc25e36e2ccafd0a2d026392162f9b676278169eb6c844fecb26c311a55c	1
../../media/CNX_ElemAlg_Figure_01_01_201_img_new.jpg	media/CNX_ElemAlg_Figure_01_01_201_img_new.jpg	image/jpeg	75105	3bab3207ed057b6e8223892cdf7c1589b2e197aec50606a450a0b8bc10abbbc9	1
../../media/CNX_ElemAlg_Figure_01_02_001_img_new.jpg	media/CNX_ElemAlg_Figure_01_02_001_img_new.jpg	image/jpeg	14959	5bd5be8d8057f98b4b6acf06f64445d6806ef7265117cd1f5106d1140bbe25da	1
../../media/CNX_ElemAlg_Figure_01_02_002_img_new.jpg	media/CNX_ElemAlg_Figure_01_02_002_img_new.jpg	image/jpeg	15798	0e2f32f4998d214b4dc06b124d9830ed9fe624be30a94e2c29259ac70fb8fb9f	1
../../media/CNX_ElemAlg_Figure_01_02_003_img_new.jpg	media/CNX_ElemAlg_Figure_01_02_003_img_new.jpg	image/jpeg	33650	5be6626600b25727b5a93b37e1c4cb45a82a3fe9cc1e91b4fc0888b804370ec7	1
../../media/CNX_ElemAlg_Figure_01_02_004_img_new.jpg	media/CNX_ElemAlg_Figure_01_02_004_img_new.jpg	image/jpeg	38920	fe978ddd3f9f8cb93b2402be5268888aa0f668ae5c2dd12032c7f16208ec2bbe	1
../../media/CNX_ElemAlg_Figure_01_02_005a_img_new.jpg	media/CNX_ElemAlg_Figure_01_02_005a_img_new.jpg	image/jpeg	42818	30cd8a4119209e2516131c92e72248ac71ef69cc76fffcce30cb65f45b019f45	1
../../media/CNX_ElemAlg_Figure_01_02_005b_img_new.jpg	media/CNX_ElemAlg_Figure_01_02_005b_img_new.jpg	image/jpeg	43903	7b5410bb1469da404d33b2ac0580a99c8e7b44cfc0b208a81562c0fceff555b2	1
../../media/CNX_ElemAlg_Figure_01_02_005c_img_new.jpg	media/CNX_ElemAlg_Figure_01_02_005c_img_new.jpg	image/jpeg	41762	ddf7778c0f33962117ed535055999f1298e6f309f8531fb902d0848a23bcd64e	1
../../media/CNX_ElemAlg_Figure_01_02_005d_img_new.jpg	media/CNX_ElemAlg_Figure_01_02_005d_img_new.jpg	image/jpeg	40930	09575b87a0e2addef4a29219d654c505d4e415470a75eca3891f9a66f84e84c4	1
../../media/CNX_ElemAlg_Figure_01_02_006a_img_new.jpg	media/CNX_ElemAlg_Figure_01_02_006a_img_new.jpg	image/jpeg	44131	608e39bb0f19c27976878f71dfdb0f877ce660af335361184856ef1fac93f58f	1
../../media/CNX_ElemAlg_Figure_01_02_006b_img_new.jpg	media/CNX_ElemAlg_Figure_01_02_006b_img_new.jpg	image/jpeg	46692	94be679fda93effa38eb30797d8cfc745ebca02e83ca5b0ebc1a4dded277e024	1
../../media/CNX_ElemAlg_Figure_01_02_006c_img_new.jpg	media/CNX_ElemAlg_Figure_01_02_006c_img_new.jpg	image/jpeg	42337	c61d54c5ca375e4eb656fe0f978daa6c2178d1e408e4072bc05d411edc40dd79	1
../../media/CNX_ElemAlg_Figure_01_02_006d_img_new.jpg	media/CNX_ElemAlg_Figure_01_02_006d_img_new.jpg	image/jpeg	41150	ff3358c9e32fd864d4f484f325e3f2fe680d65e6a39b5f2604d7e05650f17776	1
../../media/CNX_ElemAlg_Figure_01_02_007b_img.jpg	media/CNX_ElemAlg_Figure_01_02_007b_img.jpg	image/jpeg	602520	174bdf405a2676e646cb892937a57ff5397b322f6d8b9384b305f9402d9f1456	1
../../media/CNX_ElemAlg_Figure_01_02_007c_img_new.jpg	media/CNX_ElemAlg_Figure_01_02_007c_img_new.jpg	image/jpeg	48462	9a975e502d2ec5bf8a6adc3b60a29f51a931fbc545f6a4fd93ace8b39cffbfff	1
../../media/CNX_ElemAlg_Figure_01_02_007d_img_new.jpg	media/CNX_ElemAlg_Figure_01_02_007d_img_new.jpg	image/jpeg	45717	487d9b81036d1919a21590de916eb29ded0fdb5c93b3235f21b89fca03cea773	1
../../media/CNX_ElemAlg_Figure_01_02_007e_img_new.jpg	media/CNX_ElemAlg_Figure_01_02_007e_img_new.jpg	image/jpeg	46743	e1ad60003f838a14ec106498f42309528b2800ba9929f84c69b8e9aa99bf9251	1
../../media/CNX_ElemAlg_Figure_01_02_007f_img_new.jpg	media/CNX_ElemAlg_Figure_01_02_007f_img_new.jpg	image/jpeg	47431	7b3288221e7207608f05221dbc512118928d558c6415a636409e07056e2621a7	1
../../media/CNX_ElemAlg_Figure_01_02_008a_img_new.jpg	media/CNX_ElemAlg_Figure_01_02_008a_img_new.jpg	image/jpeg	45041	6e9c8a18c45012c43d3f7cc17aa9012a69b9b2ad967cc5088ce6c56f17762775	1
../../media/CNX_ElemAlg_Figure_01_02_008b_img_new.jpg	media/CNX_ElemAlg_Figure_01_02_008b_img_new.jpg	image/jpeg	46759	fd789232181b733cbc1df918c55d3fff9ab2243584d55ec54fa3608fd7406fbb	1
../../media/CNX_ElemAlg_Figure_01_02_008c_img_new.jpg	media/CNX_ElemAlg_Figure_01_02_008c_img_new.jpg	image/jpeg	46273	f9068006deffaf8b9d8a7010ae2b066487421d710c269c79ad50a995fc552317	1
../../media/CNX_ElemAlg_Figure_01_02_008d_img_new.jpg	media/CNX_ElemAlg_Figure_01_02_008d_img_new.jpg	image/jpeg	46118	257bd7ef141c0f178b51bb32bbed907ca6a5245876c9753755fdd448a763b5fa	1
../../media/CNX_ElemAlg_Figure_01_02_008e_img_new.jpg	media/CNX_ElemAlg_Figure_01_02_008e_img_new.jpg	image/jpeg	45923	e69b9d010926aaa850a8978f1528bf8f08435721ed7be592fd4dc2f11f71fb42	1
../../media/CNX_ElemAlg_Figure_01_02_008f_img_new.jpg	media/CNX_ElemAlg_Figure_01_02_008f_img_new.jpg	image/jpeg	46109	bd00cd6ee55da1505bfaab1f09b90d7d745b8561a3b6b3fb89708ede4466ea3d	1
../../media/CNX_ElemAlg_Figure_01_02_008g_img_new.jpg	media/CNX_ElemAlg_Figure_01_02_008g_img_new.jpg	image/jpeg	47789	c62523f584137f065cd85ffb4b833f0ea6ec0168fe3811f519e3c7afa7710f2a	1
../../media/CNX_ElemAlg_Figure_01_02_008h_img_new.jpg	media/CNX_ElemAlg_Figure_01_02_008h_img_new.jpg	image/jpeg	47254	d93b0ec1443eab3b2e3884c01de5876c8c12ff5170e2eb958fb493ef2c593a6b	1
../../media/CNX_ElemAlg_Figure_01_02_008i_img_new.jpg	media/CNX_ElemAlg_Figure_01_02_008i_img_new.jpg	image/jpeg	48814	3eae28de00096d435d733fbf111707252e797d06800cae5f22f4aa3c508be75f	1
../../media/CNX_ElemAlg_Figure_01_02_008j_img_new.jpg	media/CNX_ElemAlg_Figure_01_02_008j_img_new.jpg	image/jpeg	48663	d0e0e9064f354921f41fdfcb9ab468e8820d872325004fc23f26234e2aa45fef	1
../../media/CNX_ElemAlg_Figure_01_02_009a_img_new.jpg	media/CNX_ElemAlg_Figure_01_02_009a_img_new.jpg	image/jpeg	46251	bc0bbc92f6ac9d90f67befad9afeb2bbb35551d806d7b5fbb75b36318f9372ed	1
../../media/CNX_ElemAlg_Figure_01_02_009b_img_new.jpg	media/CNX_ElemAlg_Figure_01_02_009b_img_new.jpg	image/jpeg	45233	61090e849550dba305dc9bbbbf5f207f72c64c27d086deed3f62c860c4dfb30b	1
../../media/CNX_ElemAlg_Figure_01_02_009c_img_new.jpg	media/CNX_ElemAlg_Figure_01_02_009c_img_new.jpg	image/jpeg	48158	0e3cb6bb7b4477094cf2710e43ce0be9067ff70d0e0f53ffbb9536ff98dc1533	1
../../media/CNX_ElemAlg_Figure_01_02_009d_img_new.jpg	media/CNX_ElemAlg_Figure_01_02_009d_img_new.jpg	image/jpeg	45484	639a392dc9fdde71c18efb3e13227a37fc1f9ae9a42a787cfea4f1425a7bfe66	1
../../media/CNX_ElemAlg_Figure_01_02_009e_img_new.jpg	media/CNX_ElemAlg_Figure_01_02_009e_img_new.jpg	image/jpeg	43906	6429b2ad75a19c5eca35a7387a09f86b2a0ccb2d002ede07fb4475813ecc47ef	1
../../media/CNX_ElemAlg_Figure_01_02_010a_img_new.jpg	media/CNX_ElemAlg_Figure_01_02_010a_img_new.jpg	image/jpeg	46265	ef9db0b7c3a26233fece2ea550e22099c859bf120ac40d0a39de9235d4d3c702	1
../../media/CNX_ElemAlg_Figure_01_02_010b_img_new.jpg	media/CNX_ElemAlg_Figure_01_02_010b_img_new.jpg	image/jpeg	45920	4928dce68d7c942508ebc4d4296f7884d39f79183f4578cddf91e82090a03b54	1
../../media/CNX_ElemAlg_Figure_01_02_010c_img_new.jpg	media/CNX_ElemAlg_Figure_01_02_010c_img_new.jpg	image/jpeg	48079	e8a6c1a0e379a636a891cbcd7ef6732ede369bdfc8b2e2a1f04ee45bad5bc450	1
../../media/CNX_ElemAlg_Figure_01_02_010d_img_new.jpg	media/CNX_ElemAlg_Figure_01_02_010d_img_new.jpg	image/jpeg	44932	59b456e0f85b48393078a560bb0b032bd8673d10bbf889d5901e9afe232bd0e5	1
../../media/CNX_ElemAlg_Figure_01_02_010e_img_new.jpg	media/CNX_ElemAlg_Figure_01_02_010e_img_new.jpg	image/jpeg	43180	ca057f9ca8e9e5db2910d519d9b77ec5e616af3d3272dc2b144d7d5405bb1ee4	1
../../media/CNX_ElemAlg_Figure_01_02_011a_img_new.jpg	media/CNX_ElemAlg_Figure_01_02_011a_img_new.jpg	image/jpeg	50178	e2992a29d90b1af21bacbcf29212ad39ac20d2201dca363ff333facec4de07cd	1
../../media/CNX_ElemAlg_Figure_01_02_011b_img_new.jpg	media/CNX_ElemAlg_Figure_01_02_011b_img_new.jpg	image/jpeg	44150	e67f1296c44ef24d988e271bde4bd54fce11d5e65825a5c7a23fbda4fab0d69a	1
../../media/CNX_ElemAlg_Figure_01_02_012a_img_new.jpg	media/CNX_ElemAlg_Figure_01_02_012a_img_new.jpg	image/jpeg	49447	6469bc7e90f4f776d891f46eeafcbeb97a1930c55f509900afc9db2cc7905c1d	1
../../media/CNX_ElemAlg_Figure_01_02_012b_img_new.jpg	media/CNX_ElemAlg_Figure_01_02_012b_img_new.jpg	image/jpeg	48381	8ec3ccd4ccb9745db4f7a2a14740c03abd00f61330ab6c0f3a6292a26a864b76	1
../../media/CNX_ElemAlg_Figure_01_02_013a_img_new.jpg	media/CNX_ElemAlg_Figure_01_02_013a_img_new.jpg	image/jpeg	46462	235464ed3e2d0be2f4f4c94ca4f59d47dd2411ae30774ef36261fcab0fe69a6f	1
../../media/CNX_ElemAlg_Figure_01_02_013b_img_new.jpg	media/CNX_ElemAlg_Figure_01_02_013b_img_new.jpg	image/jpeg	44330	efa3a502dd3a5cceadc846d48d1aa6fe5fe3f48b9671183a7ab43143df6d19fb	1
../../media/CNX_ElemAlg_Figure_01_02_014a_new.jpg	media/CNX_ElemAlg_Figure_01_02_014a_new.jpg	image/jpeg	71425	2ad9395bde94fd6a3ba76f02cf35e9ba4806291ea3636c8bc5f29b5c290daac2	1
../../media/CNX_ElemAlg_Figure_01_02_014b_new.jpg	media/CNX_ElemAlg_Figure_01_02_014b_new.jpg	image/jpeg	70762	e90cea2cd7a185f062e0a30792b3e24e98ff1be16b848b412d1cf5f6004859e2	1
../../media/CNX_ElemAlg_Figure_01_02_014c_new.jpg	media/CNX_ElemAlg_Figure_01_02_014c_new.jpg	image/jpeg	64486	3962ad0650b0b3737cbff93dbc3f5bf7a4cac30d5df5a63c5111a3dc90394d2e	1
../../media/CNX_ElemAlg_Figure_01_02_015_img_new.jpg	media/CNX_ElemAlg_Figure_01_02_015_img_new.jpg	image/jpeg	73554	f381d7a25351a8e34b33dad6fe13cbca4b6962fb26686df9b22c9a4d1f013152	1
../../media/CNX_ElemAlg_Figure_01_02_016_img_new.jpg	media/CNX_ElemAlg_Figure_01_02_016_img_new.jpg	image/jpeg	55555	32c2891eeac3b57f1246a1f27bf6caf167edf5db4d9fa6a720453f10e4820163	1
../../media/CNX_ElemAlg_Figure_01_02_018_img_new.jpg	media/CNX_ElemAlg_Figure_01_02_018_img_new.jpg	image/jpeg	59214	c5e8a838dc10f66f7fae2b761284cc49f1b5e53ac5f0b0ad3346546368988580	1
../../media/CNX_ElemAlg_Figure_01_02_201_img_new.jpg	media/CNX_ElemAlg_Figure_01_02_201_img_new.jpg	image/jpeg	85154	a65e4c7efd854d0fbb156d7ccd632741271b6791d0d9d2a90d8c46a8c0fe7bb3	1
../../media/CNX_ElemAlg_Figure_01_03_001_new.jpg	media/CNX_ElemAlg_Figure_01_03_001_new.jpg	image/jpeg	24790	682d5a685951036ead678f7e4a65e313bd5a0d8114bd4716f4eccf09befb5a1a	1
../../media/CNX_ElemAlg_Figure_01_03_002_new.jpg	media/CNX_ElemAlg_Figure_01_03_002_new.jpg	image/jpeg	24597	c98c3d30f36772c053d4d7057edc57092964ce167002f6833bf1c3e414a9abc3	1
../../media/CNX_ElemAlg_Figure_01_03_003_new.jpg	media/CNX_ElemAlg_Figure_01_03_003_new.jpg	image/jpeg	18090	0185eb82b0238ea96fce45127c5a160f84e9db55fc08622790ebb56fa02bbe99	1
../../media/CNX_ElemAlg_Figure_01_03_004_img_new.jpg	media/CNX_ElemAlg_Figure_01_03_004_img_new.jpg	image/jpeg	23578	9121447311a1b3c51542d8245e8492208e83e875423f8e1331bac7c9cd40d412	1
../../media/CNX_ElemAlg_Figure_01_03_005_new.jpg	media/CNX_ElemAlg_Figure_01_03_005_new.jpg	image/jpeg	21113	1de408a04f3e242802da56bc13c15792cd8eb561361dbc2bcf9611036918ad43	1
../../media/CNX_ElemAlg_Figure_01_03_006a_img_new.jpg	media/CNX_ElemAlg_Figure_01_03_006a_img_new.jpg	image/jpeg	17035	c9e8a9c420855958c67535a1a0f352e55058b017c422d05c5908dfa2940d1a59	1
../../media/CNX_ElemAlg_Figure_01_03_006b_img_new.jpg	media/CNX_ElemAlg_Figure_01_03_006b_img_new.jpg	image/jpeg	18425	58206b8b65e3408a10e3998e7e70b332f090469e670568ac16068b62a5e33a74	1
../../media/CNX_ElemAlg_Figure_01_03_006c_img_new.jpg	media/CNX_ElemAlg_Figure_01_03_006c_img_new.jpg	image/jpeg	17216	4e64d54135bd4e5697a5466253055b6f33b7a0b38c70763a42da4f59afe1af44	1
../../media/CNX_ElemAlg_Figure_01_03_007a_img_new.jpg	media/CNX_ElemAlg_Figure_01_03_007a_img_new.jpg	image/jpeg	40525	21cdead32e1a07033f5a31e8d8e050e23fb52d35e032534cbc3f90bbb565ff7c	1
../../media/CNX_ElemAlg_Figure_01_03_007b_img_new.jpg	media/CNX_ElemAlg_Figure_01_03_007b_img_new.jpg	image/jpeg	36647	5f8e9c21413a07ecf201ba502e955dc4b1421ccb349898ded1220c70046e09fe	1
../../media/CNX_ElemAlg_Figure_01_03_007c_img_new.jpg	media/CNX_ElemAlg_Figure_01_03_007c_img_new.jpg	image/jpeg	44182	09d07493b751e15a4bbaac7d7ab24a9fbdf8aae947a301b960d80c1b2c57a6df	1
../../media/CNX_ElemAlg_Figure_01_03_007d_img.jpg	media/CNX_ElemAlg_Figure_01_03_007d_img.jpg	image/jpeg	596610	73db48dd81662a7801700ccae1d6b229fc19907c825477903a87c1bdf11b793a	1
../../media/CNX_ElemAlg_Figure_01_03_008a_img_new.jpg	media/CNX_ElemAlg_Figure_01_03_008a_img_new.jpg	image/jpeg	41023	b23a8fed7d5a072d6191d29b67bf83060d2aa2fd1e28692cb19fe520e8f27a00	1
../../media/CNX_ElemAlg_Figure_01_03_008b_img_new.jpg	media/CNX_ElemAlg_Figure_01_03_008b_img_new.jpg	image/jpeg	36407	4654ac92b08d689b46d4432ce990899f2e825b3ceaaf3bd86c1017b3ba593b50	1
../../media/CNX_ElemAlg_Figure_01_03_008c_img_new.jpg	media/CNX_ElemAlg_Figure_01_03_008c_img_new.jpg	image/jpeg	42700	0270c2fd55054336dca52d49676c8a02a10a196a6ca997eb216c1c00856ea77e	1
../../media/CNX_ElemAlg_Figure_01_03_009_new.jpg	media/CNX_ElemAlg_Figure_01_03_009_new.jpg	image/jpeg	28449	9b6b776621c892d48d0b07b7618ba7db5839ab522f4a9abc48d8ef301fe11d03	1
../../media/CNX_ElemAlg_Figure_01_03_010a_img_new.jpg	media/CNX_ElemAlg_Figure_01_03_010a_img_new.jpg	image/jpeg	40218	1b8098b8397c1393bc37fd979ad2685ffd7a5d4d5fa866d7b8e883c0b5f39de9	1
../../media/CNX_ElemAlg_Figure_01_03_010b_img_new.jpg	media/CNX_ElemAlg_Figure_01_03_010b_img_new.jpg	image/jpeg	42191	f6abf3622371cbd64497d39a865497211deccbb93ae5728a821d6ed6d316afdd	1
../../media/CNX_ElemAlg_Figure_01_03_011a_img_new.jpg	media/CNX_ElemAlg_Figure_01_03_011a_img_new.jpg	image/jpeg	40955	086d0857dfac5491696e7817777c149088a3426a7a099ceed9da277602115930	1
../../media/CNX_ElemAlg_Figure_01_03_011b_img_new.jpg	media/CNX_ElemAlg_Figure_01_03_011b_img_new.jpg	image/jpeg	41588	e5482e94c6f5ed12c937dc9c59378f5add8ce9a07b24e38ba8f0f4b529f843da	1
../../media/CNX_ElemAlg_Figure_01_03_012a_img_new.jpg	media/CNX_ElemAlg_Figure_01_03_012a_img_new.jpg	image/jpeg	40978	a3bdcce01c07b04c1e5f6764d94eba88a89cb7c7a93961c194a40a8025575041	1
../../media/CNX_ElemAlg_Figure_01_03_012b_img_new.jpg	media/CNX_ElemAlg_Figure_01_03_012b_img_new.jpg	image/jpeg	40715	11d9b5acb2cd4d6c089074eb5a1ebe6c6dfc8c8189fd2897991a3bace1f44398	1
../../media/CNX_ElemAlg_Figure_01_03_013a_img_new.jpg	media/CNX_ElemAlg_Figure_01_03_013a_img_new.jpg	image/jpeg	42151	0ba20a85d0588591b1c841ad06d14d614df512da2cb0f4fc9d9df412860622a3	1
../../media/CNX_ElemAlg_Figure_01_03_013b_img_new.jpg	media/CNX_ElemAlg_Figure_01_03_013b_img_new.jpg	image/jpeg	42649	d0c5425a8d6fe174e8e47a402af4ce552135529f612e038caf697e8dd814959d	1
../../media/CNX_ElemAlg_Figure_01_03_014_img_new.jpg	media/CNX_ElemAlg_Figure_01_03_014_img_new.jpg	image/jpeg	43626	27d3da52a344d98243368afa4702c35f7e149a3d6d71fe13a5eb394808a1e21b	1
../../media/CNX_ElemAlg_Figure_01_03_015a_img_new.jpg	media/CNX_ElemAlg_Figure_01_03_015a_img_new.jpg	image/jpeg	21384	eadb6418d5fc10ff2d45849b8d86854991f65ebfdc0410c67415bd113f4440cf	1
../../media/CNX_ElemAlg_Figure_01_03_015b_img_new.jpg	media/CNX_ElemAlg_Figure_01_03_015b_img_new.jpg	image/jpeg	24745	993a65ae60c528510fde31499a3d473e633ecd6983b23d1b258fe1eb69bef4c5	1
../../media/CNX_ElemAlg_Figure_01_03_015c_img_new.jpg	media/CNX_ElemAlg_Figure_01_03_015c_img_new.jpg	image/jpeg	26591	a670930c6a19ece6a1e0c43073894df1a2c9cb76c2e764558b8b7be2e926d366	1
../../media/CNX_ElemAlg_Figure_01_03_018a_img_new.jpg	media/CNX_ElemAlg_Figure_01_03_018a_img_new.jpg	image/jpeg	25501	fa397d466c3b0f6c067cb2548ebc0264c6f6ec61b1864ac42c32b2ff6c79f6d7	1
../../media/CNX_ElemAlg_Figure_01_03_018b_img_new.jpg	media/CNX_ElemAlg_Figure_01_03_018b_img_new.jpg	image/jpeg	29092	6bcb7d208945a85fa99fa9747d0c8129ed2c77771eda810375f21a1e1e2a73cb	1
../../media/CNX_ElemAlg_Figure_01_03_018c_img_new.jpg	media/CNX_ElemAlg_Figure_01_03_018c_img_new.jpg	image/jpeg	31335	ad098b3151bc98515a74049a639a306c9c2cdcd07c51d5f08bcdc94813ae4b61	1
../../media/CNX_ElemAlg_Figure_01_03_021_img_new.jpg	media/CNX_ElemAlg_Figure_01_03_021_img_new.jpg	image/jpeg	34466	1994853b4a7854ed72800145b9b0ab51ad3363db42d21489a036013826d1f294	1
../../media/CNX_ElemAlg_Figure_01_03_022_img_new.jpg	media/CNX_ElemAlg_Figure_01_03_022_img_new.jpg	image/jpeg	22768	14e581484aff6edb2ee4bc63a9a42191319a613a2fb718a5dea57d4a255e0584	1
../../media/CNX_ElemAlg_Figure_01_03_023_img_new.jpg	media/CNX_ElemAlg_Figure_01_03_023_img_new.jpg	image/jpeg	28127	f1e2f7f906b963bdd58734d3a98bdbdf9a9e40aa19740c9198b155accb824bdc	1
../../media/CNX_ElemAlg_Figure_01_03_024a_img_new.jpg	media/CNX_ElemAlg_Figure_01_03_024a_img_new.jpg	image/jpeg	29927	66b7331c64882c5bdff489ad1109bcccb151a2a863f79ad5e6bd09f48e178dec	1
../../media/CNX_ElemAlg_Figure_01_03_024b_img_new.jpg	media/CNX_ElemAlg_Figure_01_03_024b_img_new.jpg	image/jpeg	38943	545cfb61dd030a956ee35df745704de0cc3a6a632eed4141c6a6eed019e89dea	1
../../media/CNX_ElemAlg_Figure_01_03_024c_img_new.jpg	media/CNX_ElemAlg_Figure_01_03_024c_img_new.jpg	image/jpeg	45827	108a1bc1f84f76cdd9b80ecf82de4f4215009cbb17e318df5ea5e6e8f6555c98	1
../../media/CNX_ElemAlg_Figure_01_03_024d_img_new.jpg	media/CNX_ElemAlg_Figure_01_03_024d_img_new.jpg	image/jpeg	25149	5f80cf6dcfb961c56b8f33a48e30676910291d680fde2d8ef8a6d6e5b62f601d	1
../../media/CNX_ElemAlg_Figure_01_03_025a_img_new.jpg	media/CNX_ElemAlg_Figure_01_03_025a_img_new.jpg	image/jpeg	26345	fbf3b2748d81199259ce12ab80cafa2fbd55737743d90ed83eae853c24a63866	1
../../media/CNX_ElemAlg_Figure_01_03_025b_img_new.jpg	media/CNX_ElemAlg_Figure_01_03_025b_img_new.jpg	image/jpeg	37878	06b8a6f6c6043238c1d88be875dbce38dd4f1c988d7a2033e0cbdf6c80e7ad64	1
../../media/CNX_ElemAlg_Figure_01_03_025c_img_new.jpg	media/CNX_ElemAlg_Figure_01_03_025c_img_new.jpg	image/jpeg	44890	446ee8ac158cd13dc4829fcf89c7c430ec33c3c21c97c37a9edc12d3b9fe9a60	1
../../media/CNX_ElemAlg_Figure_01_03_025d_img_new.jpg	media/CNX_ElemAlg_Figure_01_03_025d_img_new.jpg	image/jpeg	24004	737185562fc01c693abed73e79a3ef35e929742c17c496763a5c6253791fd91d	1
../../media/CNX_ElemAlg_Figure_01_03_026_img_new.jpg	media/CNX_ElemAlg_Figure_01_03_026_img_new.jpg	image/jpeg	57948	5c2564be7cc9b6cc2baf362d4a6568d828d50468c921b890b53e08ec8ce298cd	1
../../media/CNX_ElemAlg_Figure_01_03_027_img_new.jpg	media/CNX_ElemAlg_Figure_01_03_027_img_new.jpg	image/jpeg	30784	1dc4be001f41f705a30d40b10d948e74ceec981539e400cdc8ebd22617eaf830	1
../../media/CNX_ElemAlg_Figure_01_03_028_img_new.jpg	media/CNX_ElemAlg_Figure_01_03_028_img_new.jpg	image/jpeg	34963	d305671471d116f74e465b7a775527f4214905bd9366145483ba70c3762ce81a	1
../../media/CNX_ElemAlg_Figure_01_03_029a_img_new.jpg	media/CNX_ElemAlg_Figure_01_03_029a_img_new.jpg	image/jpeg	28393	105b43860d14b49cf0a9d7e0e26e786dbb86edb5031ced88b15e9d898c60ef00	1
../../media/CNX_ElemAlg_Figure_01_03_029b_img_new.jpg	media/CNX_ElemAlg_Figure_01_03_029b_img_new.jpg	image/jpeg	35714	924e132bad4c97f87f1545ab271f44126dd6adf29efba2c6303b8f61f5f63202	1
../../media/CNX_ElemAlg_Figure_01_03_030a_img_new.jpg	media/CNX_ElemAlg_Figure_01_03_030a_img_new.jpg	image/jpeg	33435	6678baf5c26d0bd2b6bca4fc38bf398a0439a6f469ce51bf5d213ac8e552dac7	1
../../media/CNX_ElemAlg_Figure_01_03_030b_img_new.jpg	media/CNX_ElemAlg_Figure_01_03_030b_img_new.jpg	image/jpeg	40228	d6557073e9db42c82410659d385763e0fa2f79188b136f9011a2ca8e4652b1d7	1
../../media/CNX_ElemAlg_Figure_01_03_031_img_new.jpg	media/CNX_ElemAlg_Figure_01_03_031_img_new.jpg	image/jpeg	41189	34531e0a9bce5a22710e3a97c722931bab32885537e92bf1ea129ddef49406cb	1
../../media/CNX_ElemAlg_Figure_01_03_032a_img_new.jpg	media/CNX_ElemAlg_Figure_01_03_032a_img_new.jpg	image/jpeg	30710	8b41e09a0bba3ea20a1c3dc967c41b8a63224d6344926381dd2b926d6b3f07dd	1
../../media/CNX_ElemAlg_Figure_01_03_032b_img_new.jpg	media/CNX_ElemAlg_Figure_01_03_032b_img_new.jpg	image/jpeg	41543	1d54e26a438cd564ca3c356192ee09cbca354434e996869197b89565a0960ab4	1
../../media/CNX_ElemAlg_Figure_01_03_032c_img_new.jpg	media/CNX_ElemAlg_Figure_01_03_032c_img_new.jpg	image/jpeg	46647	c5c1ebc85705d85c2a511456ec7d8aff5303a9ac95d02c540ac73f154fa9be55	1
../../media/CNX_ElemAlg_Figure_01_03_032d_img_new.jpg	media/CNX_ElemAlg_Figure_01_03_032d_img_new.jpg	image/jpeg	38870	cf02fa6fa677681857fc65835b39d89c746f48443667cd518845e411ede051fa	1
../../media/CNX_ElemAlg_Figure_01_03_033a_img_new.jpg	media/CNX_ElemAlg_Figure_01_03_033a_img_new.jpg	image/jpeg	25986	fabe860fe5534c9587cb63c7c6ec38f143e071d316709ed92921f1ab5ef4ee8c	1
../../media/CNX_ElemAlg_Figure_01_03_033b_img_new.jpg	media/CNX_ElemAlg_Figure_01_03_033b_img_new.jpg	image/jpeg	37877	bddbd1d96b12aaf6929d378e343011f95d01ba6d6d5f353318b1d49dbfd5baab	1
../../media/CNX_ElemAlg_Figure_01_03_033c_img_new.jpg	media/CNX_ElemAlg_Figure_01_03_033c_img_new.jpg	image/jpeg	42145	bf037c7f05c4147ff6f1225621635d78cdfaadcc3781f5e251b900dffdccb7d8	1
../../media/CNX_ElemAlg_Figure_01_03_033d_img_new.jpg	media/CNX_ElemAlg_Figure_01_03_033d_img_new.jpg	image/jpeg	32049	d4c6c798b08086e24dfcdfe6fee43044f57e43c59c9bd6cdbfa059f177415a78	1
../../media/CNX_ElemAlg_Figure_01_03_034a_img_new.jpg	media/CNX_ElemAlg_Figure_01_03_034a_img_new.jpg	image/jpeg	25287	040a10f4591d883c8a31adce26ba3d317a87fd9b5a947c9f9a359ea857b299ae	1
../../media/CNX_ElemAlg_Figure_01_03_034b_img_new.jpg	media/CNX_ElemAlg_Figure_01_03_034b_img_new.jpg	image/jpeg	21233	4eea71beffc7403a9a4a9be9f10f2507a4366c4bc45d6db769e80b259a703b80	1
../../media/CNX_ElemAlg_Figure_01_03_034c_img_new.jpg	media/CNX_ElemAlg_Figure_01_03_034c_img_new.jpg	image/jpeg	21636	60789d8ef81b3418024113337214dc9a6ab9c4a9fdf2f7b60b84ca294e744317	1
../../media/CNX_ElemAlg_Figure_01_03_034d_img_new.jpg	media/CNX_ElemAlg_Figure_01_03_034d_img_new.jpg	image/jpeg	22146	9d0a0b30ecb02c4902180640983155f159b363b1ee5ecdcea38ce808d8f90c8e	1
../../media/CNX_ElemAlg_Figure_01_03_035_img_new.jpg	media/CNX_ElemAlg_Figure_01_03_035_img_new.jpg	image/jpeg	45799	0cf21bfcdd9016a8d8c91cf3592006f0d3597e0b5ff15389ec2b424a1a506217	1
../../media/CNX_ElemAlg_Figure_01_03_036_img_new.jpg	media/CNX_ElemAlg_Figure_01_03_036_img_new.jpg	image/jpeg	41530	fa546c33bdd54ec46da5bd6c6468d53b298f5a13cd9b29ab091e28a328a5ab6c	1
../../media/CNX_ElemAlg_Figure_01_03_201_img_new.jpg	media/CNX_ElemAlg_Figure_01_03_201_img_new.jpg	image/jpeg	62373	8fe91d3c42f0251b63297d687b44916bdb6f7d3f54e8541ead050511fd63eb82	1
../../media/CNX_ElemAlg_Figure_01_04_001_img_new.jpg	media/CNX_ElemAlg_Figure_01_04_001_img_new.jpg	image/jpeg	77345	f50bd4a6dd24c9fb0d51891da9eeecdcf5fd99d0e5071e1c8ede43befa5c8f34	1
../../media/CNX_ElemAlg_Figure_01_04_002_img_new.jpg	media/CNX_ElemAlg_Figure_01_04_002_img_new.jpg	image/jpeg	155715	caa4be6dc84c41a672e7fb574c23104f8ad2deab9e8bc0c827d9309251f16c8d	1
../../media/CNX_ElemAlg_Figure_01_04_003a_img_new.jpg	media/CNX_ElemAlg_Figure_01_04_003a_img_new.jpg	image/jpeg	41430	d23a4e46c979b5fe8413df61baf1319ebb27baafa51df27fb4cd028f101bf433	1
../../media/CNX_ElemAlg_Figure_01_04_003b_img_new.jpg	media/CNX_ElemAlg_Figure_01_04_003b_img_new.jpg	image/jpeg	38993	40f59944dcdbe36a3a90caf795b18e48463e13913e10c65b0bbe5008d474fe60	1
../../media/CNX_ElemAlg_Figure_01_04_003c_img_new.jpg	media/CNX_ElemAlg_Figure_01_04_003c_img_new.jpg	image/jpeg	40694	2b2863b93b813c990bb2a1cb4e6ca9c3d0e18ae259901583a56cb5ad7f8ecb5f	1
../../media/CNX_ElemAlg_Figure_01_04_004a_img_new.jpg	media/CNX_ElemAlg_Figure_01_04_004a_img_new.jpg	image/jpeg	40941	e41cddb3c9a0f84c09bd61f9039806413e8dffaa3e8d9a633be970383cbdeec2	1
../../media/CNX_ElemAlg_Figure_01_04_004b_img_new.jpg	media/CNX_ElemAlg_Figure_01_04_004b_img_new.jpg	image/jpeg	38397	89636ef3561d7e88da3186c5f505d356195573847e35e4589eaec433f9fc24a7	1
../../media/CNX_ElemAlg_Figure_01_04_004c_img_new.jpg	media/CNX_ElemAlg_Figure_01_04_004c_img_new.jpg	image/jpeg	40295	661cf747ad33412006fc435bdd24a505939e4119ce10d796a813c4dd6ea5207e	1
../../media/CNX_ElemAlg_Figure_01_04_004d_img_new.jpg	media/CNX_ElemAlg_Figure_01_04_004d_img_new.jpg	image/jpeg	38075	1b3e5e930f073f0ed2f5dc21c845123e6b86efa1ff011f8807f668ca471e7323	1
../../media/CNX_ElemAlg_Figure_01_04_005a_img_new.jpg	media/CNX_ElemAlg_Figure_01_04_005a_img_new.jpg	image/jpeg	42602	3dedd32a83da2cbc7642911b6bad8c15877a14f2b2dbe37164ed3ffebd97ebb1	1
../../media/CNX_ElemAlg_Figure_01_04_005b_img_new.jpg	media/CNX_ElemAlg_Figure_01_04_005b_img_new.jpg	image/jpeg	41128	4e2ea3a5b6787df89b93d15059b85ec3c2541db20a0163870b8b96fb99ad62c3	1
../../media/CNX_ElemAlg_Figure_01_04_005c_img.jpg	media/CNX_ElemAlg_Figure_01_04_005c_img.jpg	image/jpeg	603579	9a83ecf35dff142cea433640f2761b29cf5972b0e5682fa35c890970e9c338cd	1
../../media/CNX_ElemAlg_Figure_01_04_006a_img_new.jpg	media/CNX_ElemAlg_Figure_01_04_006a_img_new.jpg	image/jpeg	43848	8e9a4942f6a02895e780d654b1ddb06ad407d8ffc3daa8164e156ca718695520	1
../../media/CNX_ElemAlg_Figure_01_04_006b_img_new.jpg	media/CNX_ElemAlg_Figure_01_04_006b_img_new.jpg	image/jpeg	42744	8d3e8f49aa71e0460de1c0ddae28ec93c68eea544f9f3578043135699d63e2ba	1
../../media/CNX_ElemAlg_Figure_01_04_006c_img_new.jpg	media/CNX_ElemAlg_Figure_01_04_006c_img_new.jpg	image/jpeg	44325	f47131a4ec2d2f267000a01939031ba699742fe388ad43fb411e47f86b3cc7f0	1
../../media/CNX_ElemAlg_Figure_01_04_007a_img_new.jpg	media/CNX_ElemAlg_Figure_01_04_007a_img_new.jpg	image/jpeg	44808	8437e42a5708a30bb6f0491c92d5d5713fee2107d796de04c1459d27302dbd1b	1
../../media/CNX_ElemAlg_Figure_01_04_007b_img_new.jpg	media/CNX_ElemAlg_Figure_01_04_007b_img_new.jpg	image/jpeg	43761	d6b6bdb6f8169d56aa6efd78c74a10b8dc61c41f83f889ec46bd187e246d9b8c	1
../../media/CNX_ElemAlg_Figure_01_04_007c_img_new.jpg	media/CNX_ElemAlg_Figure_01_04_007c_img_new.jpg	image/jpeg	46013	42838378c75ef0bf4743ade8b37e1b1cf48ca5004c503f209a1d046a1b09bf0a	1
../../media/CNX_ElemAlg_Figure_01_04_008a_img_new.jpg	media/CNX_ElemAlg_Figure_01_04_008a_img_new.jpg	image/jpeg	42230	d66361c04066beaffb58b2fb494553c01806d20f9ff2854594fa0d4493b4c9de	1
../../media/CNX_ElemAlg_Figure_01_04_008b_img_new.jpg	media/CNX_ElemAlg_Figure_01_04_008b_img_new.jpg	image/jpeg	46194	3bc16c0284302ed842a91bebe8b89c3502561805f7046ae6b28272762cfd8fff	1
../../media/CNX_ElemAlg_Figure_01_04_008c_img_new.jpg	media/CNX_ElemAlg_Figure_01_04_008c_img_new.jpg	image/jpeg	44042	57bb37031721ea6c40ed6723da876e55c9da1c04d320aa99090d0c1627ea62e0	1
../../media/CNX_ElemAlg_Figure_01_04_008d_img_new.jpg	media/CNX_ElemAlg_Figure_01_04_008d_img_new.jpg	image/jpeg	42117	a676cbefb8bea62ca1e609380b48bcf41b443fe5db88a6f9f5f117fcc54eec79	1
../../media/CNX_ElemAlg_Figure_01_04_009a_new.jpg	media/CNX_ElemAlg_Figure_01_04_009a_new.jpg	image/jpeg	70001	448422c9d177b925f5db30e14122c90c2040eebf6dcb38d1f27a1697512f2c99	1
../../media/CNX_ElemAlg_Figure_01_04_009b_new.jpg	media/CNX_ElemAlg_Figure_01_04_009b_new.jpg	image/jpeg	71468	a66dbc2a86aecae254d98a0852c3a4056ae5fdff23eaf9b4136dce7fdbb61a92	1
../../media/CNX_ElemAlg_Figure_01_04_009c_new.jpg	media/CNX_ElemAlg_Figure_01_04_009c_new.jpg	image/jpeg	72274	5b08bafb340939b41694b02126132a401ee06223420943f4785e4dfdf9fdbb58	1
../../media/CNX_ElemAlg_Figure_01_04_009d_new.jpg	media/CNX_ElemAlg_Figure_01_04_009d_new.jpg	image/jpeg	65996	e3e36da5ec9ce5d4884a6f05293f44732c6f3a4b88bfac80712232ffa21795d5	1
../../media/CNX_ElemAlg_Figure_01_04_009e_new.jpg	media/CNX_ElemAlg_Figure_01_04_009e_new.jpg	image/jpeg	63388	ce934d7f6f53b95eeb99d5b0e0056ce8b8b7972bb108dc0cd646e408e14527e4	1
../../media/CNX_ElemAlg_Figure_01_04_009f_new.jpg	media/CNX_ElemAlg_Figure_01_04_009f_new.jpg	image/jpeg	72871	37f0a837de99d84b2d4e4c6c582a15e1de70f14cfd7d3fca4f0d201e19e91eda	1
../../media/CNX_ElemAlg_Figure_01_04_201_img_new.jpg	media/CNX_ElemAlg_Figure_01_04_201_img_new.jpg	image/jpeg	85719	70456251ff45425b43450e768da02882dfbf146274922fa77588b914d05ccf06	1
../../media/CNX_ElemAlg_Figure_01_05_001_img_new.jpg	media/CNX_ElemAlg_Figure_01_05_001_img_new.jpg	image/jpeg	40327	062cce04fcde5dfaf7ef5ac1d4f7c8b40bb479eedc36d2949037d3b9583a604a	1
../../media/CNX_ElemAlg_Figure_01_05_002_new.jpg	media/CNX_ElemAlg_Figure_01_05_002_new.jpg	image/jpeg	43976	705dad7d99f2f1a8a94000c35b21b3b2e3b0f030926951d3809400382ce5d6ed	1
../../media/CNX_ElemAlg_Figure_01_05_003_img_new.jpg	media/CNX_ElemAlg_Figure_01_05_003_img_new.jpg	image/jpeg	54453	7973fa10df25af92152a69735ef54cb2a9fe21b55b33437b20dd2e2d83020b8b	1
../../media/CNX_ElemAlg_Figure_01_05_004_new.jpg	media/CNX_ElemAlg_Figure_01_05_004_new.jpg	image/jpeg	39989	04105c8c8421d01623427071b22a71e918e7c682dd370dad5d272625213e3e02	1
../../media/CNX_ElemAlg_Figure_01_05_005_img_new.jpg	media/CNX_ElemAlg_Figure_01_05_005_img_new.jpg	image/jpeg	50073	86426c9f60253249e81c6f99a08357f65c20e5973deadfb5bd4f589eb6654627	1
../../media/CNX_ElemAlg_Figure_01_05_006_img_new.jpg	media/CNX_ElemAlg_Figure_01_05_006_img_new.jpg	image/jpeg	29716	6fcdd2441cfc11ea3c761a55e4b921859d9cd1cb97e1097b282fb79a4a14e443	1
../../media/CNX_ElemAlg_Figure_01_05_007_img_new.jpg	media/CNX_ElemAlg_Figure_01_05_007_img_new.jpg	image/jpeg	42168	0924adbb93c4a7504256cef428ae6b844e5ad627b99f3146ca57cac0d2f3f041	1
../../media/CNX_ElemAlg_Figure_01_05_008a_new.jpg	media/CNX_ElemAlg_Figure_01_05_008a_new.jpg	image/jpeg	92284	a6fb3a62ad4d88b3ae6b81fbe1f52e7a3c2f9d186c5519af70ba024a96216c2c	1
../../media/CNX_ElemAlg_Figure_01_05_008b_new.jpg	media/CNX_ElemAlg_Figure_01_05_008b_new.jpg	image/jpeg	84734	640ac3822736e7f9a64e1577558ddc0195d962bae7420242c12e0cfaf63cb961	1
../../media/CNX_ElemAlg_Figure_01_05_008c_new.jpg	media/CNX_ElemAlg_Figure_01_05_008c_new.jpg	image/jpeg	71061	96cea8d47e8ef12be0b9c78a04e99bbc849a468caf7d07c9ea470e78dd28790d	1
../../media/CNX_ElemAlg_Figure_01_05_009_img_new.jpg	media/CNX_ElemAlg_Figure_01_05_009_img_new.jpg	image/jpeg	44168	7009d04718b8392753f42b87d5bf1f262d7f8903cbe5aafe3a3f41ad60ead43e	1
../../media/CNX_ElemAlg_Figure_01_05_010_img_new.jpg	media/CNX_ElemAlg_Figure_01_05_010_img_new.jpg	image/jpeg	31749	012c28d720042e10fcc13d6263b692c0fd1894578f6498b10255a6b2c562609e	1
../../media/CNX_ElemAlg_Figure_01_05_011_img_new.jpg	media/CNX_ElemAlg_Figure_01_05_011_img_new.jpg	image/jpeg	59108	f5aced039c6722e8babea53edce91e8c6cd2e2f167553df0c77f28838bdc5494	1
../../media/CNX_ElemAlg_Figure_01_05_012_img_new.jpg	media/CNX_ElemAlg_Figure_01_05_012_img_new.jpg	image/jpeg	36288	2b0545e32b95073d26d1f68d32d6a2334039498646ab8561bdfc2bf759f23e47	1
../../media/CNX_ElemAlg_Figure_01_05_013_img_new.jpg	media/CNX_ElemAlg_Figure_01_05_013_img_new.jpg	image/jpeg	41709	caa39bf84d7ee3ddffc69513985775803ea0c2726c2fb3fc3cce8fa74df6dfc3	1
../../media/CNX_ElemAlg_Figure_01_05_014_img_new.jpg	media/CNX_ElemAlg_Figure_01_05_014_img_new.jpg	image/jpeg	39616	d955ecbb61c373dbb8b7d4b8d51256dc7cf6fbd29ac18e518cb89a883154222f	1
../../media/CNX_ElemAlg_Figure_01_05_015_img_new.jpg	media/CNX_ElemAlg_Figure_01_05_015_img_new.jpg	image/jpeg	44304	f08e748f38bd3c316472ecd00a17a2b60bc0b7c8e78d8ff1b1667d85053cd25d	1
../../media/CNX_ElemAlg_Figure_01_05_016_img_new.jpg	media/CNX_ElemAlg_Figure_01_05_016_img_new.jpg	image/jpeg	99644	289d8bcef983dc36af72c81d2dba6437da8c642512a777e659e8f6e126322476	1
../../media/CNX_ElemAlg_Figure_01_05_201_img_new.jpg	media/CNX_ElemAlg_Figure_01_05_201_img_new.jpg	image/jpeg	84659	f314ef88d89bd9ef6b34b8c3391009a1ef96bc8f20a1e950907b4c8de1e0cb5c	1
../../media/CNX_ElemAlg_Figure_01_06_001a_new.jpg	media/CNX_ElemAlg_Figure_01_06_001a_new.jpg	image/jpeg	115346	a29e2dd18de5c7adce5f5d3142ccd25d50be0b660272d4af8af8495508d889c8	1
../../media/CNX_ElemAlg_Figure_01_06_001b_new.jpg	media/CNX_ElemAlg_Figure_01_06_001b_new.jpg	image/jpeg	67327	a59ed78b20fe8154b5c4ef2b0dbfb7f1d8b54ca70b619c194957216333de98cf	1
../../media/CNX_ElemAlg_Figure_01_06_001c_new.jpg	media/CNX_ElemAlg_Figure_01_06_001c_new.jpg	image/jpeg	77067	5b0fb794aa8469f0d6cfd64d91cfaaf336601e6e0949717e9b6dc2b51f01e6ba	1
../../media/CNX_ElemAlg_Figure_01_06_002_img_new.jpg	media/CNX_ElemAlg_Figure_01_06_002_img_new.jpg	image/jpeg	44600	c674f4b51411098b6403b454708698fa8c1cdb4ea2303d5079803b9e4f2ac284	1
../../media/CNX_ElemAlg_Figure_01_06_003a_img_new.jpg	media/CNX_ElemAlg_Figure_01_06_003a_img_new.jpg	image/jpeg	45931	d57cdecfe01b25368d45e697ddf93a00fd7afe2fab09783d8319995d9a94ac20	1
../../media/CNX_ElemAlg_Figure_01_06_003b_img_new.jpg	media/CNX_ElemAlg_Figure_01_06_003b_img_new.jpg	image/jpeg	39169	8d2b775a0a9854e64f67c2ecc3ff21896eb3241377dff5edc6e58c5a713446a4	1
../../media/CNX_ElemAlg_Figure_01_06_003c_img_new.jpg	media/CNX_ElemAlg_Figure_01_06_003c_img_new.jpg	image/jpeg	38846	fb60b9231bcc4c8a1ec8f2a5cb796025ba7d6a4b081a7ef466bd6dc989a7ca58	1
../../media/CNX_ElemAlg_Figure_01_06_004a_img_new.jpg	media/CNX_ElemAlg_Figure_01_06_004a_img_new.jpg	image/jpeg	31753	14654eb6d87b72dfd09688bad861172def375c0adc00006f7e1d05e69c874662	1
../../media/CNX_ElemAlg_Figure_01_06_004b_img_new.jpg	media/CNX_ElemAlg_Figure_01_06_004b_img_new.jpg	image/jpeg	42201	bd843fcff4b0dbc79080d809df0e82238319fb74f7253fb040cc93f30ba5a14b	1
../../media/CNX_ElemAlg_Figure_01_06_004c_img_new.jpg	media/CNX_ElemAlg_Figure_01_06_004c_img_new.jpg	image/jpeg	36383	f8b2be8ee1ecc6d438fdc6facd6e2b9948826cca469e1e65843d97c0d997ef09	1
../../media/CNX_ElemAlg_Figure_01_06_004d_img_new.jpg	media/CNX_ElemAlg_Figure_01_06_004d_img_new.jpg	image/jpeg	33547	e1d55000b1517f7de28b6ea4bb7965918cbeac0efb3a675113d9f369a2cfacae	1
../../media/CNX_ElemAlg_Figure_01_06_004e_img_new.jpg	media/CNX_ElemAlg_Figure_01_06_004e_img_new.jpg	image/jpeg	32592	8de471b30bc78dd398352f1bbb0228f5e2c206d5aa9c69aea1a0588e72f6701a	1
../../media/CNX_ElemAlg_Figure_01_06_005a_img_new.jpg	media/CNX_ElemAlg_Figure_01_06_005a_img_new.jpg	image/jpeg	33184	fc62695567403974dc831ec64ff3337fb2e82b96444bb7dbe06c2cf8f6b62392	1
../../media/CNX_ElemAlg_Figure_01_06_005b_img_new.jpg	media/CNX_ElemAlg_Figure_01_06_005b_img_new.jpg	image/jpeg	36291	2c6d687f2a1abbefda818eead402f9a04a350dc8b326ffa3a682e3582a65522b	1
../../media/CNX_ElemAlg_Figure_01_06_005c_img_new.jpg	media/CNX_ElemAlg_Figure_01_06_005c_img_new.jpg	image/jpeg	35968	3f4f0b9cad742ca72dcbffeaf7c4cec961e1d886b8eab80b00d132f79c9ff17a	1
../../media/CNX_ElemAlg_Figure_01_06_006a_img_new.jpg	media/CNX_ElemAlg_Figure_01_06_006a_img_new.jpg	image/jpeg	34710	5038959e6c5b5e0e1815dc0626c66abd99e140adb8733d1871df188a1d6ceee1	1
../../media/CNX_ElemAlg_Figure_01_06_006b_img_new.jpg	media/CNX_ElemAlg_Figure_01_06_006b_img_new.jpg	image/jpeg	35275	02db0c2e0fc12d11fed550104593a3b513802fc011076bfd7886694f6e95182e	1
../../media/CNX_ElemAlg_Figure_01_06_006c_img_new.jpg	media/CNX_ElemAlg_Figure_01_06_006c_img_new.jpg	image/jpeg	36048	df7af427b5bd736e885266172326ef2c258a15d46c4e12c0d3de47df9b910472	1
../../media/CNX_ElemAlg_Figure_01_06_006d_img_new.jpg	media/CNX_ElemAlg_Figure_01_06_006d_img_new.jpg	image/jpeg	37322	0819b9620bfb98aff890af312e18e828830a4c67345b2dc975f2841f6751fa38	1
../../media/CNX_ElemAlg_Figure_01_06_006e_img_new.jpg	media/CNX_ElemAlg_Figure_01_06_006e_img_new.jpg	image/jpeg	34726	5ef0971458074232f054f155af16a32d788349a371129e40a627a9f5a5c1cefc	1
../../media/CNX_ElemAlg_Figure_01_06_007a_img_new.jpg	media/CNX_ElemAlg_Figure_01_06_007a_img_new.jpg	image/jpeg	34522	8e5e13808cae0a2e4535d6f46444147db8074a7647037e4e567745fdc0393b92	1
../../media/CNX_ElemAlg_Figure_01_06_007b_img_new.jpg	media/CNX_ElemAlg_Figure_01_06_007b_img_new.jpg	image/jpeg	35882	313f3abda12c1906d2f39922b2057f521d41571a72df5536ecc61d79928b16a2	1
../../media/CNX_ElemAlg_Figure_01_06_007c_img_new.jpg	media/CNX_ElemAlg_Figure_01_06_007c_img_new.jpg	image/jpeg	38316	6643afc41ee745bd3f05f5c1eef0fae526aba5289e988bbbbbc0abbba44dc817	1
../../media/CNX_ElemAlg_Figure_01_06_007d_img_new.jpg	media/CNX_ElemAlg_Figure_01_06_007d_img_new.jpg	image/jpeg	38297	1121c59a5ec47ef63ea75ffd3a05b7bb5f5f7308ed47e7dda1e96808368b0275	1
../../media/CNX_ElemAlg_Figure_01_06_007e_img_new.jpg	media/CNX_ElemAlg_Figure_01_06_007e_img_new.jpg	image/jpeg	36251	6c44da11a2aa92e360a346e66e4bef08e4a078c1a0bcc02aca173449b5839fbb	1
../../media/CNX_ElemAlg_Figure_01_06_008a_img_new.jpg	media/CNX_ElemAlg_Figure_01_06_008a_img_new.jpg	image/jpeg	36380	8f9abcab9d5b43bc36a6186ba73b2659aa490d91f013bf088c80108b5504b6cf	1
../../media/CNX_ElemAlg_Figure_01_06_008b_img_new.jpg	media/CNX_ElemAlg_Figure_01_06_008b_img_new.jpg	image/jpeg	42032	10855f7999535eb3059c241b404920832d46725908ad0093f1b678d749c824a9	1
../../media/CNX_ElemAlg_Figure_01_06_009a_img_new.jpg	media/CNX_ElemAlg_Figure_01_06_009a_img_new.jpg	image/jpeg	35036	5c0fa7fa9dbd0d10262f132b37f91f6d724ec4ece68fe84a2178b38e5b0eb4f7	1
../../media/CNX_ElemAlg_Figure_01_06_009b_img_new.jpg	media/CNX_ElemAlg_Figure_01_06_009b_img_new.jpg	image/jpeg	36718	4076b0e4063e3f57c5b591ab4ec1e56c4acf8cc68c5bdb124886c8ca2e9bdbec	1
../../media/CNX_ElemAlg_Figure_01_06_010a_new.jpg	media/CNX_ElemAlg_Figure_01_06_010a_new.jpg	image/jpeg	72000	a7c9ed81939d2fc5fa820c61b51c4f6182f4ab2565eb37a8fb7f75ccf00bc8c3	1
../../media/CNX_ElemAlg_Figure_01_06_010b_new.jpg	media/CNX_ElemAlg_Figure_01_06_010b_new.jpg	image/jpeg	66514	6d1ffdb379bfdf02b42954a67f6f2b724271ccbb2a7e11ee3f94b421bfa7610b	1
../../media/CNX_ElemAlg_Figure_01_06_010c_new.jpg	media/CNX_ElemAlg_Figure_01_06_010c_new.jpg	image/jpeg	74537	56b4093fb5ee4d1a8d26767a283a39b3a1270b558254471f872a450e0cb09f90	1
../../media/CNX_ElemAlg_Figure_01_06_201_img_new.jpg	media/CNX_ElemAlg_Figure_01_06_201_img_new.jpg	image/jpeg	75649	cdfae8ddc64c43daa155d4ec239f8fd6798fa15f0294a0f6b376fea20fa3ffa0	1
../../media/CNX_ElemAlg_Figure_01_07_001_new.jpg	media/CNX_ElemAlg_Figure_01_07_001_new.jpg	image/jpeg	81137	f893955d271e14287ec2ce2dda7f7c526385788be0a745932afffe43104028d7	1
../../media/CNX_ElemAlg_Figure_01_07_002a_new.jpg	media/CNX_ElemAlg_Figure_01_07_002a_new.jpg	image/jpeg	70539	7e310d2388163796168361df735b1b87104b002e2cfb95ec6dc68588b98c94c1	1
../../media/CNX_ElemAlg_Figure_01_07_002b_new.jpg	media/CNX_ElemAlg_Figure_01_07_002b_new.jpg	image/jpeg	64019	6955b53d46a425a417a15751a03fc9d6a2e5dfd89c300577bdc60331a5244be4	1
../../media/CNX_ElemAlg_Figure_01_07_002c_new.jpg	media/CNX_ElemAlg_Figure_01_07_002c_new.jpg	image/jpeg	74292	db8b83560bc7801c4fa9c3e0524bf8eadf03ada03992837c5214cecf32fe41a9	1
../../media/CNX_ElemAlg_Figure_01_07_002d_new.jpg	media/CNX_ElemAlg_Figure_01_07_002d_new.jpg	image/jpeg	65409	4d424bedd1db8ac572e01f1a074d3dfbc031adc9e9959bcd2cc14f4ca0772abd	1
../../media/CNX_ElemAlg_Figure_01_07_003a_new.jpg	media/CNX_ElemAlg_Figure_01_07_003a_new.jpg	image/jpeg	94123	6ff895054695c3d6476a3bf1f508cf4f7e0837331952dd1a6991966c6282142e	1
../../media/CNX_ElemAlg_Figure_01_07_003b_new.jpg	media/CNX_ElemAlg_Figure_01_07_003b_new.jpg	image/jpeg	82998	9d0f9c2bc75c4aafe2bccc5b32f92919f63add53936ef69af9a4171e31d8a110	1
../../media/CNX_ElemAlg_Figure_01_07_003c_new.jpg	media/CNX_ElemAlg_Figure_01_07_003c_new.jpg	image/jpeg	100493	6a1a0fad7f3f4c43b6e7df770a8946044e435a2fc1c77ebf8bd91242ebf4ecd3	1
../../media/CNX_ElemAlg_Figure_01_07_003d_new.jpg	media/CNX_ElemAlg_Figure_01_07_003d_new.jpg	image/jpeg	78128	e3b99de69fde110bff2fb013dca9be5e4e5f70d057e537a29c8818786b066495	1
../../media/CNX_ElemAlg_Figure_01_07_004a_new.jpg	media/CNX_ElemAlg_Figure_01_07_004a_new.jpg	image/jpeg	69700	d411a1c31f9f349e00c9bf78fc786e5f54a0e27b6a3d1ec009b1749fc82dbd77	1
../../media/CNX_ElemAlg_Figure_01_07_004b_new.jpg	media/CNX_ElemAlg_Figure_01_07_004b_new.jpg	image/jpeg	70201	c6ce86394130559b8c562f812715ecc3cf6e43c68303f243c8f28611d8449594	1
../../media/CNX_ElemAlg_Figure_01_07_004c_new.jpg	media/CNX_ElemAlg_Figure_01_07_004c_new.jpg	image/jpeg	86185	731310748bce6bcc313737b1d6ce5b24495681c1f9f055991747b6095561c5f0	1
../../media/CNX_ElemAlg_Figure_01_07_004d_new.jpg	media/CNX_ElemAlg_Figure_01_07_004d_new.jpg	image/jpeg	77216	9820b35a01ed3f1fd7f355a062c4ab3db2d8159f15668787f4fdf1546e8d2b56	1
../../media/CNX_ElemAlg_Figure_01_07_005a_img_new.jpg	media/CNX_ElemAlg_Figure_01_07_005a_img_new.jpg	image/jpeg	36283	898cac2cc8457319505d5162b22614082e87996fbc79e3ce17d0e80607a64300	1
../../media/CNX_ElemAlg_Figure_01_07_005b_img_new.jpg	media/CNX_ElemAlg_Figure_01_07_005b_img_new.jpg	image/jpeg	37739	fe28736469111a6de4bbe5190e2746110c821dc391411b1c3a4217bad1ef4ddd	1
../../media/CNX_ElemAlg_Figure_01_07_005c_img_new.jpg	media/CNX_ElemAlg_Figure_01_07_005c_img_new.jpg	image/jpeg	34944	857854a8282a50a2d7f97cfdb43cab9c94cc0080b4a9e530e6e4148a90714252	1
../../media/CNX_ElemAlg_Figure_01_07_005d_img_new.jpg	media/CNX_ElemAlg_Figure_01_07_005d_img_new.jpg	image/jpeg	30862	6df7e55d08483c2b2af33dc79da0fcf3aaddd2b1c057b0240085d4f418164635	1
../../media/CNX_ElemAlg_Figure_01_07_006a_img_new.jpg	media/CNX_ElemAlg_Figure_01_07_006a_img_new.jpg	image/jpeg	36500	a1b5d65ada72317c28cc773abc003b2835501ecbe369eceb452ff1d44ed97429	1
../../media/CNX_ElemAlg_Figure_01_07_006b_img_new.jpg	media/CNX_ElemAlg_Figure_01_07_006b_img_new.jpg	image/jpeg	38120	a7d6027f7e8e54452fe30f33ad9023dc50580c280448fac15e4adebbf4ec5d7d	1
../../media/CNX_ElemAlg_Figure_01_07_006c_img_new.jpg	media/CNX_ElemAlg_Figure_01_07_006c_img_new.jpg	image/jpeg	33746	fc02aa281a8da28f61a966abe34df87c098e299b706ed6c711a8c9db61575650	1
../../media/CNX_ElemAlg_Figure_01_07_006d_img_new.jpg	media/CNX_ElemAlg_Figure_01_07_006d_img_new.jpg	image/jpeg	33081	37b8967733298b383da261d26baa50abd11870232ee8dcbf7a8f034b09d805cf	1
../../media/CNX_ElemAlg_Figure_01_07_009a_img_new.jpg	media/CNX_ElemAlg_Figure_01_07_009a_img_new.jpg	image/jpeg	42705	d840f204675e52104c3b0e875c052b21b4c70d7df5285d7e6ff03874ea4b0f98	1
../../media/CNX_ElemAlg_Figure_01_07_009b_img_new.jpg	media/CNX_ElemAlg_Figure_01_07_009b_img_new.jpg	image/jpeg	37660	0a9af756e0c04dfdad3dc33aa22d415df605c3c8d5f3a4aa9743dfbcfaa8adfe	1
../../media/CNX_ElemAlg_Figure_01_07_009c_img_new.jpg	media/CNX_ElemAlg_Figure_01_07_009c_img_new.jpg	image/jpeg	36315	607f51e3bbd3658017f74ac4cd1e6e89a0efcde4becea7aa627efc22ac7a16e5	1
../../media/CNX_ElemAlg_Figure_01_07_009d_img_new.jpg	media/CNX_ElemAlg_Figure_01_07_009d_img_new.jpg	image/jpeg	38717	f0c788f07546d1a27cba081d94a280fefd527049f294d1fe3bc3e2cf8e7cc9f4	1
../../media/CNX_ElemAlg_Figure_01_07_010a_img_new.jpg	media/CNX_ElemAlg_Figure_01_07_010a_img_new.jpg	image/jpeg	33341	1af40cfde1d6cb8fd434a12e3c45dc9a638f3bb48404448f917f57df6d37b83c	1
../../media/CNX_ElemAlg_Figure_01_07_010b_img_new.jpg	media/CNX_ElemAlg_Figure_01_07_010b_img_new.jpg	image/jpeg	38618	4164cc03ef97e045e4396d962c1b74ec7fba3f256e681886a19dffd03a2361b1	1
../../media/CNX_ElemAlg_Figure_01_07_010c_img_new.jpg	media/CNX_ElemAlg_Figure_01_07_010c_img_new.jpg	image/jpeg	41198	5d2fb2eedc1da343b55afae1b75d744f627863bebb8c61c074fc3e65fce033e7	1
../../media/CNX_ElemAlg_Figure_01_07_010d_img_new.jpg	media/CNX_ElemAlg_Figure_01_07_010d_img_new.jpg	image/jpeg	41256	cc9525d02374c71883934cb28bfff6ca167ec35a9a348154f196361a52b06a7b	1
../../media/CNX_ElemAlg_Figure_01_07_011_img_new.jpg	media/CNX_ElemAlg_Figure_01_07_011_img_new.jpg	image/jpeg	31662	c7913dc6045d8f1ccde303715a3714692045daa86fe6f01c222af554aab77359	1
../../media/CNX_ElemAlg_Figure_01_07_012_img_new.jpg	media/CNX_ElemAlg_Figure_01_07_012_img_new.jpg	image/jpeg	37967	1b54747748e968010fc509a835fecb888cb5ee71778293119e9f62e36301c7d8	1
../../media/CNX_ElemAlg_Figure_01_07_013a_img_new.jpg	media/CNX_ElemAlg_Figure_01_07_013a_img_new.jpg	image/jpeg	39043	cfe064ab99d5e42118a4ac9265c6f73ed0cafe13c6473dd8d717fd86d3213a20	1
../../media/CNX_ElemAlg_Figure_01_07_013b_img_new.jpg	media/CNX_ElemAlg_Figure_01_07_013b_img_new.jpg	image/jpeg	31828	14a9347141cd2a7a2dc35a5d802c16ae4e1af79b9a8c11bfc44db66f9dc1beac	1
../../media/CNX_ElemAlg_Figure_01_07_014a_img_new.jpg	media/CNX_ElemAlg_Figure_01_07_014a_img_new.jpg	image/jpeg	36709	54a9fa8ea4f166d41bec02a6bc195d65f55b7a2f8de368435d3cfc47ec6990a8	1
../../media/CNX_ElemAlg_Figure_01_07_014b_img_new.jpg	media/CNX_ElemAlg_Figure_01_07_014b_img_new.jpg	image/jpeg	41594	3ea7c9d52b70e6fd6385f9b7f931dce0131f0f4ec3c173ca02601ce3483ee689	1
../../media/CNX_ElemAlg_Figure_01_07_015_img_new.jpg	media/CNX_ElemAlg_Figure_01_07_015_img_new.jpg	image/jpeg	37403	22747071a28fe5394dddf06669587dbb09c8f77d96919baa1cc89dac0b9305e2	1
../../media/CNX_ElemAlg_Figure_01_07_016_img_new.jpg	media/CNX_ElemAlg_Figure_01_07_016_img_new.jpg	image/jpeg	28127	0634d074d1d9ea185869234e013489bc023dd26c66ea664167ef10958c0173f9	1
../../media/CNX_ElemAlg_Figure_01_07_017_img_new.jpg	media/CNX_ElemAlg_Figure_01_07_017_img_new.jpg	image/jpeg	39039	7803c85f0cd2eb952cb64758f3b4617da884e4482042cca1745c016717e96fc1	1
../../media/CNX_ElemAlg_Figure_01_07_018_img_new.jpg	media/CNX_ElemAlg_Figure_01_07_018_img_new.jpg	image/jpeg	68071	0b901610cbc55efdea9936078d36862eeac6f36544b90cd6220378a1293f9924	1
../../media/CNX_ElemAlg_Figure_01_07_019_img_new.jpg	media/CNX_ElemAlg_Figure_01_07_019_img_new.jpg	image/jpeg	41232	9e6fd66a96019b8287c6667ec5f7ed031ef8b82b01a1cce30e179f54fffb607f	1
../../media/CNX_ElemAlg_Figure_01_07_020a_img_new.jpg	media/CNX_ElemAlg_Figure_01_07_020a_img_new.jpg	image/jpeg	43573	db155843298c77ac49fde0b021f97d8f424b27ea20796d7ef9d28a1be1864078	1
../../media/CNX_ElemAlg_Figure_01_07_020b_img_new.jpg	media/CNX_ElemAlg_Figure_01_07_020b_img_new.jpg	image/jpeg	44144	88558f8bcde1360bcf2e17f8776cd41c32905d45aaea8394600178b13281d1bd	1
../../media/CNX_ElemAlg_Figure_01_07_020c_img_new.jpg	media/CNX_ElemAlg_Figure_01_07_020c_img_new.jpg	image/jpeg	602732	2d2e7895c8f8800e7af0d707e63a58640c560c984e96dcf7d4f89025bebcf61b	1
../../media/CNX_ElemAlg_Figure_01_07_021_img_new.jpg	media/CNX_ElemAlg_Figure_01_07_021_img_new.jpg	image/jpeg	41827	6cf225bed91eaba907ef5aaa10d61fee9ac825ee8c8077ad0e4601c86ac3499f	1
../../media/CNX_ElemAlg_Figure_01_07_022a_img_new.jpg	media/CNX_ElemAlg_Figure_01_07_022a_img_new.jpg	image/jpeg	41146	00a3bf00ef43925c21d7d64ff721cc23d073fb891cedee014085d2e6cdd0d30e	1
../../media/CNX_ElemAlg_Figure_01_07_022b_img_new.jpg	media/CNX_ElemAlg_Figure_01_07_022b_img_new.jpg	image/jpeg	41759	bd58188c626efa671613884e5acbea495cb183a2e4715056d7ca1790aeb1563e	1
../../media/CNX_ElemAlg_Figure_01_07_022c_img_new.jpg	media/CNX_ElemAlg_Figure_01_07_022c_img_new.jpg	image/jpeg	45337	388b6174212447deef2973366c804a49ac43faad4e7d4e10e49aa3e3b567167a	1
../../media/CNX_ElemAlg_Figure_01_07_023_img_new.jpg	media/CNX_ElemAlg_Figure_01_07_023_img_new.jpg	image/jpeg	41803	cb611f575fbe57c083771c245b9613ef6082e514f06211a65a10692a6d864cd6	1
../../media/CNX_ElemAlg_Figure_01_07_201_img_new.jpg	media/CNX_ElemAlg_Figure_01_07_201_img_new.jpg	image/jpeg	62478	c2aab832820c759e6f371bef5441e3c701d3473f1e5a972153f2ad82fd020d7a	1
../../media/CNX_ElemAlg_Figure_01_08_001_img_new.jpg	media/CNX_ElemAlg_Figure_01_08_001_img_new.jpg	image/jpeg	26941	084228b1b9c1fda93fbd7917906a3bb1fd2f3e00a57ae1a07cce727d6a21f4ca	1
../../media/CNX_ElemAlg_Figure_01_08_001_new.jpg	media/CNX_ElemAlg_Figure_01_08_001_new.jpg	image/jpeg	60489	bf5c4c171a3eb34b798fd61aa2b907ee032b7baa292a1659b8e287c618732b8b	1
../../media/CNX_ElemAlg_Figure_01_08_002_new.jpg	media/CNX_ElemAlg_Figure_01_08_002_new.jpg	image/jpeg	24286	f690226e1c303f412b2d43a8d56ff2de24a9186638b79304c01a4be10a689ab2	1
../../media/CNX_ElemAlg_Figure_01_08_003_img_new.jpg	media/CNX_ElemAlg_Figure_01_08_003_img_new.jpg	image/jpeg	24104	9bc7a728857b029abea48cff1b386afb39cadc4f467a5180a6b47d777ab74374	1
../../media/CNX_ElemAlg_Figure_01_08_004_img_new.jpg	media/CNX_ElemAlg_Figure_01_08_004_img_new.jpg	image/jpeg	27386	26c8a5617f04561a04fb8341856d600f143211197743f80147e7cdeaaaea9596	1
../../media/CNX_ElemAlg_Figure_01_08_005_img_new.jpg	media/CNX_ElemAlg_Figure_01_08_005_img_new.jpg	image/jpeg	27632	d148ea3cb258f431aeef683d73cf5394e6590f9ec634e50af353bec11a3191da	1
../../media/CNX_ElemAlg_Figure_01_08_006_img_new.jpg	media/CNX_ElemAlg_Figure_01_08_006_img_new.jpg	image/jpeg	26064	4cb49ea450cdfa3020573861b1a07f6e8f8b2e85604e379dbc7324ffc8a6a22d	1
../../media/CNX_ElemAlg_Figure_01_08_007_new.jpg	media/CNX_ElemAlg_Figure_01_08_007_new.jpg	image/jpeg	19921	3f7610074d8c5f5f01efbef07c399b4bb51bfa6c0a1e1095665268c11624e9d4	1
../../media/CNX_ElemAlg_Figure_01_08_008_img_new.jpg	media/CNX_ElemAlg_Figure_01_08_008_img_new.jpg	image/jpeg	21281	5bfa72eb70c87d7098d617d6dc3e8f3afaba1ff886d1bd4f961567d108557aa1	1
../../media/CNX_ElemAlg_Figure_01_08_009_img_new.jpg	media/CNX_ElemAlg_Figure_01_08_009_img_new.jpg	image/jpeg	22007	537e53e77123b50f5437738a936009e6ccd49d56743e3e757a5e033ed618969b	1
../../media/CNX_ElemAlg_Figure_01_08_010_new.jpg	media/CNX_ElemAlg_Figure_01_08_010_new.jpg	image/jpeg	28280	2d4c799c90dbc9d66417091ffef35f0c1444d69be2a40f55382bd1b4ce421d3a	1
../../media/CNX_ElemAlg_Figure_01_08_011_img_new.jpg	media/CNX_ElemAlg_Figure_01_08_011_img_new.jpg	image/jpeg	24763	d8544b5ef8c56489a310c0ce0f7139f53e4ac961ad8a3d7861bfbd7acc2bd1f6	1
../../media/CNX_ElemAlg_Figure_01_08_012_img_new.jpg	media/CNX_ElemAlg_Figure_01_08_012_img_new.jpg	image/jpeg	26708	d617b44a9d59d8396eb0e6d209dc2d48ced45a337f4866fcfdaa87c08650f036	1
../../media/CNX_ElemAlg_Figure_01_08_013_new.jpg	media/CNX_ElemAlg_Figure_01_08_013_new.jpg	image/jpeg	27403	e64e665c46249a1ab2df403489a4190419b58c822f61e5f029e1e832b4ed3619	1
../../media/CNX_ElemAlg_Figure_01_08_014a_img_new.jpg	media/CNX_ElemAlg_Figure_01_08_014a_img_new.jpg	image/jpeg	34090	c3689c684705f88036995c4b6cc924f499a857ca8a6d8715210c47bc3fa433d7	1
../../media/CNX_ElemAlg_Figure_01_08_014b_img_new.jpg	media/CNX_ElemAlg_Figure_01_08_014b_img_new.jpg	image/jpeg	37728	2f20f565aec7498bfa263944d6502ac2e3fbe371a79ff4eaaa9f09e6deebec31	1
../../media/CNX_ElemAlg_Figure_01_08_015_new.jpg	media/CNX_ElemAlg_Figure_01_08_015_new.jpg	image/jpeg	22268	8cfc0065bd524b8f0bc3f99302bcc76cfd53e2a489a1aad12ab4ef04703bf3b9	1
../../media/CNX_ElemAlg_Figure_01_08_016_img_new.jpg	media/CNX_ElemAlg_Figure_01_08_016_img_new.jpg	image/jpeg	49495	6250b1297397eec731997445aefcb33d0bea6c7132fdbc1e89bfce6b28310b6f	1
../../media/CNX_ElemAlg_Figure_01_08_017_img_new.jpg	media/CNX_ElemAlg_Figure_01_08_017_img_new.jpg	image/jpeg	42955	9b1eb7831984fa7ecaa6b27478809221c453ef57c746dc2588c892e332b0c349	1
../../media/CNX_ElemAlg_Figure_01_08_201_img_new.jpg	media/CNX_ElemAlg_Figure_01_08_201_img_new.jpg	image/jpeg	64923	9d9c90aae7f065ccc57bca97d65fb31c70a020b129debe4515d8c72703512b04	1
../../media/CNX_ElemAlg_Figure_01_08_202_img_new.jpg	media/CNX_ElemAlg_Figure_01_08_202_img_new.jpg	image/jpeg	24744	d6fb9934a63ae1376b2033fd519bc8e7d8ac29bb31974675373193c455dc0326	1
../../media/CNX_ElemAlg_Figure_01_08_203_img_new.jpg	media/CNX_ElemAlg_Figure_01_08_203_img_new.jpg	image/jpeg	26035	90ac59ee93eb2ca4b87640fb46fe82e77899176eb705cece55f4bfd6d376906c	1
../../media/CNX_ElemAlg_Figure_01_08_205_img_new.jpg	media/CNX_ElemAlg_Figure_01_08_205_img_new.jpg	image/jpeg	27020	b8a01722b4b642a18f60ed9658a82326e7a12dfede299c1df6f86f0049664815	1
../../media/CNX_ElemAlg_Figure_01_08_207_img_new.jpg	media/CNX_ElemAlg_Figure_01_08_207_img_new.jpg	image/jpeg	28255	df209299109ef62fcbf24932581c0bfb9ca5bb7e98c7b1db1c1fdbe525133947	1
../../media/CNX_ElemAlg_Figure_01_08_209_img_new.jpg	media/CNX_ElemAlg_Figure_01_08_209_img_new.jpg	image/jpeg	18617	6edb4c2aa192011044436b0de5da01445fb6c3ae2c5b3eb4d28f45405ea89ee2	1
../../media/CNX_ElemAlg_Figure_01_08_211_img_new.jpg	media/CNX_ElemAlg_Figure_01_08_211_img_new.jpg	image/jpeg	19545	89270ce2b81444dfd686fb23ff07ba39db1a05342318b4fa93e1f26583389cff	1
../../media/CNX_ElemAlg_Figure_01_09_003_img_new.jpg	media/CNX_ElemAlg_Figure_01_09_003_img_new.jpg	image/jpeg	48061	0728dda0919db9dcb6ee54bb22d200290e94ad6e52c1e324dd946d3b04f12f40	1
../../media/CNX_ElemAlg_Figure_01_09_004_img_new.jpg	media/CNX_ElemAlg_Figure_01_09_004_img_new.jpg	image/jpeg	36743	80de9318044df971403fd07780bb1104439225920a4a88d2faf6872efd02d884	1
../../media/CNX_ElemAlg_Figure_01_09_005_img_new.jpg	media/CNX_ElemAlg_Figure_01_09_005_img_new.jpg	image/jpeg	35585	6baaf6eeed13c548a0574ec503d3807c629e5c966f6081b411a359aef87e998a	1
../../media/CNX_ElemAlg_Figure_01_09_006_img_new.jpg	media/CNX_ElemAlg_Figure_01_09_006_img_new.jpg	image/jpeg	26939	816b715386d6709baf526c8a58acf61f964a9affbdcae89e79975ee08a5a884e	1
../../media/CNX_ElemAlg_Figure_01_09_007a_img_new.jpg	media/CNX_ElemAlg_Figure_01_09_007a_img_new.jpg	image/jpeg	27258	ba8b545d06edec0114a5624bcb2b5cbd84d4fa0cbf0a5e5b946d5a654a05b20d	1
../../media/CNX_ElemAlg_Figure_01_09_007b_img_new.jpg	media/CNX_ElemAlg_Figure_01_09_007b_img_new.jpg	image/jpeg	24313	1d35995decafb161eb4cc2faf65adbef665ef08aa327e91466f96e279e1831a9	1
../../media/CNX_ElemAlg_Figure_01_09_007c_img_new.jpg	media/CNX_ElemAlg_Figure_01_09_007c_img_new.jpg	image/jpeg	24447	37d595d2b767fc06f9f878fca0b5a0cf2207a5841206de3bf2b6e5230199dbc1	1
../../media/CNX_ElemAlg_Figure_01_09_008a_img_new.jpg	media/CNX_ElemAlg_Figure_01_09_008a_img_new.jpg	image/jpeg	28191	ba07e9f79d7f4360de507f006d6a7dd4903dcc93860df02dc5c76717ed1421ce	1
../../media/CNX_ElemAlg_Figure_01_09_008b_img_new.jpg	media/CNX_ElemAlg_Figure_01_09_008b_img_new.jpg	image/jpeg	25959	785e172bb4ca5a32e476c76de2133239fbe4aaed3f7fec2bc1a028d8b91511ad	1
../../media/CNX_ElemAlg_Figure_01_09_008c_img_new.jpg	media/CNX_ElemAlg_Figure_01_09_008c_img_new.jpg	image/jpeg	22693	8b368b0b56afb2df53ed616f58ecb3c08e8dbd7dad523d2c4400da1586d915ad	1
../../media/CNX_ElemAlg_Figure_01_09_009a_img_new.jpg	media/CNX_ElemAlg_Figure_01_09_009a_img_new.jpg	image/jpeg	27193	52c12d4b0285aca9df9b5ce6e20cde1bf6b1390cd304f00efe1984a931eeab7a	1
../../media/CNX_ElemAlg_Figure_01_09_009b_img_new.jpg	media/CNX_ElemAlg_Figure_01_09_009b_img_new.jpg	image/jpeg	26923	c5466d61d5101e0242ce707838a8c2933e8daf5c02274d6b8e4057369705e7e8	1
../../media/CNX_ElemAlg_Figure_01_09_009c_img_new.jpg	media/CNX_ElemAlg_Figure_01_09_009c_img_new.jpg	image/jpeg	24622	ef3c93bed11d127411b346107ba2785380d0bf645eb1e2fd4da03d7e52bd5103	1
../../media/CNX_ElemAlg_Figure_01_09_010a_img_new.jpg	media/CNX_ElemAlg_Figure_01_09_010a_img_new.jpg	image/jpeg	25276	45c104952235568b41b4dad2df579e9f8d4f2f0cbeb002c3c617258a868bdf30	1
../../media/CNX_ElemAlg_Figure_01_09_010b_img_new.jpg	media/CNX_ElemAlg_Figure_01_09_010b_img_new.jpg	image/jpeg	29416	239b991668599b7635390db683d5a1c36e7961e4094377bda34dcd361c65e7bf	1
../../media/CNX_ElemAlg_Figure_01_09_010c_img_new.jpg	media/CNX_ElemAlg_Figure_01_09_010c_img_new.jpg	image/jpeg	23936	f6ddac068aa16fca1c452f4756b50b856417bf1c55b3726ae37057e473886985	1
../../media/CNX_ElemAlg_Figure_01_09_201_img_new.jpg	media/CNX_ElemAlg_Figure_01_09_201_img_new.jpg	image/jpeg	79798	e398cab9c01e22268e6d179830bf25be7bca995f10a0b66ceb420ebe72e341a2	1
../../media/CNX_ElemAlg_Figure_01_10_001_img_new.jpg	media/CNX_ElemAlg_Figure_01_10_001_img_new.jpg	image/jpeg	32663	918f7d26cc24d569232f9368a7caa9923239ca68930b5297aedaee516e47b503	1
../../media/CNX_ElemAlg_Figure_01_10_002a_img_new.jpg	media/CNX_ElemAlg_Figure_01_10_002a_img_new.jpg	image/jpeg	28445	2cfc88d3abf22ef6da9e83b068b44d57af3e2789e20ee6a40aeaea4300f226a8	1
../../media/CNX_ElemAlg_Figure_01_10_002b_img_new.jpg	media/CNX_ElemAlg_Figure_01_10_002b_img_new.jpg	image/jpeg	33884	1849fe8260ed7d1d76e3962d8befcb75a19677ed9677d55b7a028ce780781245	1
../../media/CNX_ElemAlg_Figure_01_10_002c_img_new.jpg	media/CNX_ElemAlg_Figure_01_10_002c_img_new.jpg	image/jpeg	36039	04d20272303859f93b8631ee6fa9005a025c0e5a2d0b33bb53507b50481df985	1
../../media/CNX_ElemAlg_Figure_01_10_004a_img_new.jpg	media/CNX_ElemAlg_Figure_01_10_004a_img_new.jpg	image/jpeg	27311	5760a49d34c0d98fe88ab0ecc32c505a6ba8aa547b19c8610541aef493eea508	1
../../media/CNX_ElemAlg_Figure_01_10_004b_img_new.jpg	media/CNX_ElemAlg_Figure_01_10_004b_img_new.jpg	image/jpeg	26528	1be3fe071b055b9196867ef04d6c21110ab6521ea1d66229aac0fab7fd1ac653	1
../../media/CNX_ElemAlg_Figure_01_10_004c_img_new.jpg	media/CNX_ElemAlg_Figure_01_10_004c_img_new.jpg	image/jpeg	29799	2c38a309ea4526ee71ec6c90a45e796a275726bc09824fb3f227af3b99911689	1
../../media/CNX_ElemAlg_Figure_01_10_004d_img_new.jpg	media/CNX_ElemAlg_Figure_01_10_004d_img_new.jpg	image/jpeg	30980	42be9ec296fd2dea0b20b4a9eb803357f3957306b2d350647ab119f6a2a32a7d	1
../../media/CNX_ElemAlg_Figure_01_10_005_img_new.jpg	media/CNX_ElemAlg_Figure_01_10_005_img_new.jpg	image/jpeg	25852	fa6d1936518322c7fb999d431179fea9b089ed3ed5cb516b3b03a4ab87cd0ac7	1
../../media/CNX_ElemAlg_Figure_01_10_006_img_new.jpg	media/CNX_ElemAlg_Figure_01_10_006_img_new.jpg	image/jpeg	9029	9e4eeddc4d31e4aac0ecd7f2f07e9a4873254d27bf0ba29c11c9f961e85852c1	1
../../media/CNX_ElemAlg_Figure_01_10_007a_img_new.jpg	media/CNX_ElemAlg_Figure_01_10_007a_img_new.jpg	image/jpeg	22909	b12ef83276bf210475e5642d89f543472344ff51e32465dd20cc109046b8021f	1
../../media/CNX_ElemAlg_Figure_01_10_007b_img_new.jpg	media/CNX_ElemAlg_Figure_01_10_007b_img_new.jpg	image/jpeg	28976	17634420e56113f38b3e195bd5a804aa845ff1b1b1705297aeac2667ca4a439c	1
../../media/CNX_ElemAlg_Figure_01_10_007c_img_new.jpg	media/CNX_ElemAlg_Figure_01_10_007c_img_new.jpg	image/jpeg	29978	4e1828c331eff9ebf5d491246ab77f3db323552d773ce93f5cd5044affa65147	1
../../media/CNX_ElemAlg_Figure_01_10_007d_img_new.jpg	media/CNX_ElemAlg_Figure_01_10_007d_img_new.jpg	image/jpeg	29345	350266d3897844bd52a5280f005fc42cc07fa3dab92f3abf7cce7925fbb7a053	1
../../media/CNX_ElemAlg_Figure_01_10_007e_img_new.jpg	media/CNX_ElemAlg_Figure_01_10_007e_img_new.jpg	image/jpeg	26536	59a79c6d3a52bdbc48e6349ecd84979629af15eca388756fe0bc6a0e00515806	1
../../media/CNX_ElemAlg_Figure_01_10_008_img_new.jpg	media/CNX_ElemAlg_Figure_01_10_008_img_new.jpg	image/jpeg	50644	ca00d25779c91ba8091682bd6434d952a23a7cbf677f50c2ce2f68990c9ecac7	1
../../media/CNX_ElemAlg_Figure_01_10_009_img_new.jpg	media/CNX_ElemAlg_Figure_01_10_009_img_new.jpg	image/jpeg	664497	8246a50f7307cc669d0294bd4fa690c90c6b3ffd93fe7f0cda7d1a1cb352e2f9	1
../../media/CNX_ElemAlg_Figure_01_10_010_img_new.jpg	media/CNX_ElemAlg_Figure_01_10_010_img_new.jpg	image/jpeg	124664	6712072038bfbb4c315d9c0c001b12fc3fe22923f34704e8394d98038e92b423	1
../../media/CNX_ElemAlg_Figure_01_10_011_img_new.jpg	media/CNX_ElemAlg_Figure_01_10_011_img_new.jpg	image/jpeg	93691	ea2ef10ea34e9e4c9fc7cdea1a1099ca1e4c6c7899de8a30d842df8b6b39886e	1
../../media/CNX_ElemAlg_Figure_01_10_012a_img_new.jpg	media/CNX_ElemAlg_Figure_01_10_012a_img_new.jpg	image/jpeg	37905	4e7605b3786042161c11edd04bd15b3da7f6040545105ed7ffbaf06bd9de3fea	1
../../media/CNX_ElemAlg_Figure_01_10_012b_img_new.jpg	media/CNX_ElemAlg_Figure_01_10_012b_img_new.jpg	image/jpeg	37174	be86ab9ad95ccd91dd0ad5786e85e866d8fc93b196aaad33f0b84bfa7e51ae87	1
../../media/CNX_ElemAlg_Figure_01_10_012c_img_new.jpg	media/CNX_ElemAlg_Figure_01_10_012c_img_new.jpg	image/jpeg	38872	5d7f71a8120b38a3ad7e3372f4ff506fd44b4606957c44146fb3f47c8d6c7902	1
../../media/CNX_ElemAlg_Figure_01_10_012d_img_new.jpg	media/CNX_ElemAlg_Figure_01_10_012d_img_new.jpg	image/jpeg	36801	a2996c5c120ae280db0bc91a6658b0da2ce283133fa73e01274a2ede411058d2	1
../../media/CNX_ElemAlg_Figure_01_10_012e_img_new.jpg	media/CNX_ElemAlg_Figure_01_10_012e_img_new.jpg	image/jpeg	34150	1dd5f34647fa3b499e5151f53743f99b85bcb2eab0e1cf7be36b88ba52bfb99f	1
../../media/CNX_ElemAlg_Figure_01_10_013a_img_new.jpg	media/CNX_ElemAlg_Figure_01_10_013a_img_new.jpg	image/jpeg	37038	ea6c428d7be5086917c7dd052eacc75050c7387d55e0efddc5a5249ae6a6d2af	1
../../media/CNX_ElemAlg_Figure_01_10_013b_img_new.jpg	media/CNX_ElemAlg_Figure_01_10_013b_img_new.jpg	image/jpeg	38443	9d2cfc9a8b0f7392d8cff30f79bae2384ee76078581403252cdadd951f0e694a	1
../../media/CNX_ElemAlg_Figure_01_10_013c_img_new.jpg	media/CNX_ElemAlg_Figure_01_10_013c_img_new.jpg	image/jpeg	40129	c201adce2dd0c27f2ab344a1572392500ae79cd0e2a0660f24b59dfea2378834	1
../../media/CNX_ElemAlg_Figure_01_10_013d_img_new.jpg	media/CNX_ElemAlg_Figure_01_10_013d_img_new.jpg	image/jpeg	39001	0f9013607592f3ddc8eafc0718d77a1885ad7c8af721d3b2441f5ee80e0e34e1	1
../../media/CNX_ElemAlg_Figure_01_10_013e_img_new.jpg	media/CNX_ElemAlg_Figure_01_10_013e_img_new.jpg	image/jpeg	40496	07382b1e991e98c175dcd79f0556cacc72d65e6f3a7c9362b10a12f30f17587b	1
../../media/CNX_ElemAlg_Figure_01_10_014_img_new.jpg	media/CNX_ElemAlg_Figure_01_10_014_img_new.jpg	image/jpeg	11662	edbcfbee8e9432b5b7610cb5c1a95efacf04a5260634d44eb2e8792013c33d44	1
../../media/CNX_ElemAlg_Figure_01_10_015a_img_new.jpg	media/CNX_ElemAlg_Figure_01_10_015a_img_new.jpg	image/jpeg	29333	83942f2b03b8c1e5300bb93d499eff4eb5fbcb303c29e2ba17346f9733f61cce	1
../../media/CNX_ElemAlg_Figure_01_10_015b_img_new.jpg	media/CNX_ElemAlg_Figure_01_10_015b_img_new.jpg	image/jpeg	29159	72458a111d3cea6f4f16847cce15a8c0ce380072bc168b780dbfad9aff2edfb8	1
../../media/CNX_ElemAlg_Figure_01_10_016_img_new.jpg	media/CNX_ElemAlg_Figure_01_10_016_img_new.jpg	image/jpeg	44302	1b875095e4e42b284168536f73aa50cf9d3e60a71606f5ce45cf2460368e8542	1
../../media/CNX_ElemAlg_Figure_01_10_017a_img_new.jpg	media/CNX_ElemAlg_Figure_01_10_017a_img_new.jpg	image/jpeg	110429	073007c43944c22f0b6eee57ff2eecfd0dde9c2e4679994556f612644ef05cdb	1
../../media/CNX_ElemAlg_Figure_01_10_017b_img_new.jpg	media/CNX_ElemAlg_Figure_01_10_017b_img_new.jpg	image/jpeg	68843	d99d98e4a7f6783588559fa9088a33092a94601672db4150036f78c72fb6c750	1
../../media/CNX_ElemAlg_Figure_01_10_017c_img_new.jpg	media/CNX_ElemAlg_Figure_01_10_017c_img_new.jpg	image/jpeg	74136	7c0aeb0c57a17720d4f113a78d02a73f9af6eed4a04d649af798fdd50af35e98	1
../../media/CNX_ElemAlg_Figure_01_10_017d_img_new.jpg	media/CNX_ElemAlg_Figure_01_10_017d_img_new.jpg	image/jpeg	64807	bd502ce33b9e3134dc04820e730fff58416463a44d78785f75e606facb5844cf	1
../../media/CNX_ElemAlg_Figure_01_10_018_img_new.jpg	media/CNX_ElemAlg_Figure_01_10_018_img_new.jpg	image/jpeg	32894	cc5b8da479ad18b9a56337d6f819aa9cf309cbb30a3f27994d16530f067bd44f	1
../../media/CNX_ElemAlg_Figure_01_10_019_img_new.jpg	media/CNX_ElemAlg_Figure_01_10_019_img_new.jpg	image/jpeg	14923	9f0021dd14f6df3088f549ca9f110e385a01dde09a0f5f07ef2b0c7f961ec260	1
../../media/CNX_ElemAlg_Figure_01_10_201_img_new.jpg	media/CNX_ElemAlg_Figure_01_10_201_img_new.jpg	image/jpeg	115073	993ee163ec20e33cd359bf549ec337766e1eaca3d565762f88b072b862fa11d8	1
../../media/CNX_ElemAlg_Figure_01_10_202_img_new.jpg	media/CNX_ElemAlg_Figure_01_10_202_img_new.jpg	image/jpeg	24693	4fb3f157dbfd51cf57acdb243f3fb81a67d7f0824c6fbd61eb7cc3f2740aa58d	1
../../media/CNX_ElemAlg_Figure_01_10_204_img_new.jpg	media/CNX_ElemAlg_Figure_01_10_204_img_new.jpg	image/jpeg	23184	20854f18333215cf7b9949e097ac6ee66f5e13f12ea400f2e2ad2c15e8557929	1
../../media/CNX_ElemAlg_Figure_01_10_206_img_new.jpg	media/CNX_ElemAlg_Figure_01_10_206_img_new.jpg	image/jpeg	23517	92d37d747920bee88357ff310fe5b76e272bc9c2b3d928435b2ea77e6f569b88	1
../../media/CNX_ElemAlg_Figure_01_10_208_img_new.jpg	media/CNX_ElemAlg_Figure_01_10_208_img_new.jpg	image/jpeg	23296	f4a6bc23be46ead33c44fa6fa8a4d1373d98e85d0363ee0e0ec3fbe5db7f0115	1
../../media/CNX_ElemAlg_Figure_02_00_001_img_new.jpg	media/CNX_ElemAlg_Figure_02_00_001_img_new.jpg	image/jpeg	389719	1aa4da73b19ca49299a62bb558c8a5150c16e388e2814b33476b7501d112f96f	1
../../media/CNX_ElemAlg_Figure_02_01_001a_img_new.jpg	media/CNX_ElemAlg_Figure_02_01_001a_img_new.jpg	image/jpeg	16548	4acc63f8ae5ca3ffcff3d585004b033294678d843066f8adb28df9da6defa360	1
../../media/CNX_ElemAlg_Figure_02_01_001b_img_new.jpg	media/CNX_ElemAlg_Figure_02_01_001b_img_new.jpg	image/jpeg	12700	259618a30fef39ee67ccfaed75022b8284c6aea5e17a6a5e16165c8c6cd1e1c9	1
../../media/CNX_ElemAlg_Figure_02_01_001c_img.jpg	media/CNX_ElemAlg_Figure_02_01_001c_img.jpg	image/jpeg	28475	c5dba6102246c2bf5991be58123975dd10b24f3b76d782e0415ff6deb70a4184	1
../../media/CNX_ElemAlg_Figure_02_01_001d_img_new.jpg	media/CNX_ElemAlg_Figure_02_01_001d_img_new.jpg	image/jpeg	12535	e1c31e9b5cae677ec8209500ba09bb4dd7b8854707c946fa366f8221ba7bc389	1
../../media/CNX_ElemAlg_Figure_02_01_001e_img_new.jpg	media/CNX_ElemAlg_Figure_02_01_001e_img_new.jpg	image/jpeg	10106	1aa59406f7be9bf9e6149fce743551afce04b0af5326b13015154f562226a771	1
../../media/CNX_ElemAlg_Figure_02_01_002_img_new.jpg	media/CNX_ElemAlg_Figure_02_01_002_img_new.jpg	image/jpeg	36632	53fb59e69e8ef811360772cbc5eda8996f0615cfa4857b3b95ba90f643fce61d	1
../../media/CNX_ElemAlg_Figure_02_01_003_img_new.jpg	media/CNX_ElemAlg_Figure_02_01_003_img_new.jpg	image/jpeg	44146	b94d432a5d6936d7bff0e14138fcf31a95cca016125afe6ecf897690050e3e0e	1
../../media/CNX_ElemAlg_Figure_02_01_004_img_new.jpg	media/CNX_ElemAlg_Figure_02_01_004_img_new.jpg	image/jpeg	40767	6c50b3997a14dabb68ed50c46f67ce6e0df95691b2fff606f53f79c1e752f165	1
../../media/CNX_ElemAlg_Figure_02_01_005a_img_new.jpg	media/CNX_ElemAlg_Figure_02_01_005a_img_new.jpg	image/jpeg	11926	d9e9f6d896957577559b3357c09ca067d80c92fa46649a399d42623d7c916537	1
../../media/CNX_ElemAlg_Figure_02_01_005b_img_new.jpg	media/CNX_ElemAlg_Figure_02_01_005b_img_new.jpg	image/jpeg	14703	5004754fbff89b5d264d46d770d54c3f970c2e7c294509fca85fa512f1e4674a	1
../../media/CNX_ElemAlg_Figure_02_01_005c_img_new.jpg	media/CNX_ElemAlg_Figure_02_01_005c_img_new.jpg	image/jpeg	10860	3983f71d86a418e96f753c26fbf5217389353f39fab1a44208ebb0202aedc69c	1
../../media/CNX_ElemAlg_Figure_02_01_006a_img_new.jpg	media/CNX_ElemAlg_Figure_02_01_006a_img_new.jpg	image/jpeg	12034	1e8f96287ce363b9c90e5130ad188d22db62d428d880feff7e73307cca8b24c6	1
../../media/CNX_ElemAlg_Figure_02_01_006b_img_new.jpg	media/CNX_ElemAlg_Figure_02_01_006b_img_new.jpg	image/jpeg	13536	c8ca66761f77b512b9c964d146c3999309ca9cae788aa3ce55283ef2c93987d0	1
../../media/CNX_ElemAlg_Figure_02_01_006c_img_new.jpg	media/CNX_ElemAlg_Figure_02_01_006c_img_new.jpg	image/jpeg	13727	a796c1ba103fddb262707833cd0b7ad616665ea2ce4127589011da2cffd91fdc	1
../../media/CNX_ElemAlg_Figure_02_01_006d_img_new.jpg	media/CNX_ElemAlg_Figure_02_01_006d_img_new.jpg	image/jpeg	11896	a488404694d5aa077ce0d9636160f0903eb9bb8b489db73778a38a70bb0af3c5	1
../../media/CNX_ElemAlg_Figure_02_01_006e_img_new.jpg	media/CNX_ElemAlg_Figure_02_01_006e_img_new.jpg	image/jpeg	15370	f2094fd87de5928092b3a6cc866b94db589ff06437b070518cdf0e960d550281	1
../../media/CNX_ElemAlg_Figure_02_01_006f_img_new.jpg	media/CNX_ElemAlg_Figure_02_01_006f_img_new.jpg	image/jpeg	10106	753a57c79646cc110fe930e0ad2d00ad998e84f0b67153353070d152a0e8e16b	1
../../media/CNX_ElemAlg_Figure_02_01_007a_img_new.jpg	media/CNX_ElemAlg_Figure_02_01_007a_img_new.jpg	image/jpeg	12817	36ac1b2ddc080dffaee38e1979c28db69f6e72162079649715a42dad6cb4fb4d	1
../../media/CNX_ElemAlg_Figure_02_01_007b_img_new.jpg	media/CNX_ElemAlg_Figure_02_01_007b_img_new.jpg	image/jpeg	12959	87aab0983f76fcce0cefba2ed3e5108bfcbb9769c8916a1beb6f8c8d6eb255c6	1
../../media/CNX_ElemAlg_Figure_02_01_007c_img_new.jpg	media/CNX_ElemAlg_Figure_02_01_007c_img_new.jpg	image/jpeg	13062	9a0e2778e03158383257e651723275af4449c64da5800f12c55f69764c420209	1
../../media/CNX_ElemAlg_Figure_02_01_007d_img_new.jpg	media/CNX_ElemAlg_Figure_02_01_007d_img_new.jpg	image/jpeg	11408	66ab53c3e0d340360326185bcb264e674875863c95348a58db9b11b69508077a	1
../../media/CNX_ElemAlg_Figure_02_01_007e_img_new.jpg	media/CNX_ElemAlg_Figure_02_01_007e_img_new.jpg	image/jpeg	16461	8a7ee256332450912f8e6985a3ba2a4bd85634d3b38808509c73fea5fc4fc33d	1
../../media/CNX_ElemAlg_Figure_02_01_007f_img_new.jpg	media/CNX_ElemAlg_Figure_02_01_007f_img_new.jpg	image/jpeg	10609	db74ae7e081d8ce528c27f95d229ba27fdb7a11e93743b712ca3e6e2e3678994	1
../../media/CNX_ElemAlg_Figure_02_01_008a_img_new.jpg	media/CNX_ElemAlg_Figure_02_01_008a_img_new.jpg	image/jpeg	13454	4e7a7d7274542f6bc856ab2582021db25b207ffb5268241d0f398f7f235fa595	1
../../media/CNX_ElemAlg_Figure_02_01_008b_img_new.jpg	media/CNX_ElemAlg_Figure_02_01_008b_img_new.jpg	image/jpeg	12778	d6e3dc13bcb15ad6e1ca04e0f6033dc3add384229022522331804f5e1379adb1	1
../../media/CNX_ElemAlg_Figure_02_01_008c_img_new.jpg	media/CNX_ElemAlg_Figure_02_01_008c_img_new.jpg	image/jpeg	12659	09fffd0d43896c0091132f55f5bb58e73c78c32df01c3c4f41a786c02a42c752	1
../../media/CNX_ElemAlg_Figure_02_01_008d_img_new.jpg	media/CNX_ElemAlg_Figure_02_01_008d_img_new.jpg	image/jpeg	19836	6e9b71746a147893ed3f00ec74516ba3c2323e228011331b8565b2d9e569b87f	1
../../media/CNX_ElemAlg_Figure_02_01_008e_img_new.jpg	media/CNX_ElemAlg_Figure_02_01_008e_img_new.jpg	image/jpeg	16496	341148dc20774904ee16ef1efd35a528433d585e63c567a3de02d9a837373e4d	1
../../media/CNX_ElemAlg_Figure_02_01_008f_img_new.jpg	media/CNX_ElemAlg_Figure_02_01_008f_img_new.jpg	image/jpeg	16881	1a260a431354dd678387fe51ec0890f77abbc0c22c311f2c7addd093f77b165f	1
../../media/CNX_ElemAlg_Figure_02_01_008g_img_new.jpg	media/CNX_ElemAlg_Figure_02_01_008g_img_new.jpg	image/jpeg	14135	c4a63fb2bdc2ed569c7d4f524696252951f45998b04cf3890d6d5d46ca880088	1
../../media/CNX_ElemAlg_Figure_02_01_008h_img_new.jpg	media/CNX_ElemAlg_Figure_02_01_008h_img_new.jpg	image/jpeg	14198	8c7f04761342a2a06db25e85f524ad053cf8b07eb19429a692dc90eb9e54daed	1
../../media/CNX_ElemAlg_Figure_02_01_009a_img_new.jpg	media/CNX_ElemAlg_Figure_02_01_009a_img_new.jpg	image/jpeg	10496	8275e36befe5378bcea210d5d543c1b4b7807faedbd86e914a0b2f733a265785	1
../../media/CNX_ElemAlg_Figure_02_01_009b_img_new.jpg	media/CNX_ElemAlg_Figure_02_01_009b_img_new.jpg	image/jpeg	14149	7135912741b5aa0d6ac4248a688dcde44f7e9654737763e1fa2d9ed1508b596f	1
../../media/CNX_ElemAlg_Figure_02_01_009c_img_new.jpg	media/CNX_ElemAlg_Figure_02_01_009c_img_new.jpg	image/jpeg	11256	80921e80d514d0f411627e1d1336a87399e450a7a172972b7a265f0ac573cc73	1
../../media/CNX_ElemAlg_Figure_02_01_009d_img_new.jpg	media/CNX_ElemAlg_Figure_02_01_009d_img_new.jpg	image/jpeg	12384	00f1fa5d1a28150aa4f73c217529c18f2149fae2829e8ed2555de7b519ed5056	1
../../media/CNX_ElemAlg_Figure_02_01_009e_img_new.jpg	media/CNX_ElemAlg_Figure_02_01_009e_img_new.jpg	image/jpeg	17795	000a0d6b2bf2313da75801696974ba4aa5a523d345019f83a87d605bdb571ed8	1
../../media/CNX_ElemAlg_Figure_02_01_009f_img_new.jpg	media/CNX_ElemAlg_Figure_02_01_009f_img_new.jpg	image/jpeg	12059	3604c658c41c8bf791a27299924f15e0db8be734c5960092eb7272c43c2f2648	1
../../media/CNX_ElemAlg_Figure_02_01_010a_img_new.jpg	media/CNX_ElemAlg_Figure_02_01_010a_img_new.jpg	image/jpeg	58920	07027af5465fddec3b00f70ef77c44a24400ee88ad4929e0eecad7c218259229	1
../../media/CNX_ElemAlg_Figure_02_01_010b_img_new.jpg	media/CNX_ElemAlg_Figure_02_01_010b_img_new.jpg	image/jpeg	35040	00340fad94c98d3e3b24400bdeaa25ae78cdf4e8c4d8e18ce3115618a715cefd	1
../../media/CNX_ElemAlg_Figure_02_01_010c_img_new.jpg	media/CNX_ElemAlg_Figure_02_01_010c_img_new.jpg	image/jpeg	33779	3f95ee381c8cf571548a65485189347a405503ef6883457f0aa485f093848ea6	1
../../media/CNX_ElemAlg_Figure_02_01_010d_img_new.jpg	media/CNX_ElemAlg_Figure_02_01_010d_img_new.jpg	image/jpeg	52207	a9379fe7da8a893997710362408a370e63ecd9ca1dc3037e1eb2da03be65a59a	1
../../media/CNX_ElemAlg_Figure_02_01_011a_img_new.jpg	media/CNX_ElemAlg_Figure_02_01_011a_img_new.jpg	image/jpeg	31325	a225d8beabd11acacc92bdc88af3c83629e3e45cf4d54273b0d98d31e32cab37	1
../../media/CNX_ElemAlg_Figure_02_01_011b_img_new.jpg	media/CNX_ElemAlg_Figure_02_01_011b_img_new.jpg	image/jpeg	12099	577929fcc4c580650c45b2d35c1b8d97462c4bd01202133e38fff6bf73dc57df	1
../../media/CNX_ElemAlg_Figure_02_01_011c_img_new.jpg	media/CNX_ElemAlg_Figure_02_01_011c_img_new.jpg	image/jpeg	12442	0dba7c308a12b281cf44ad4dc1199ef44aabfe79fc18134b823d360d803d2842	1
../../media/CNX_ElemAlg_Figure_02_01_011d_img_new.jpg	media/CNX_ElemAlg_Figure_02_01_011d_img_new.jpg	image/jpeg	12901	c21d476c65c94288e8526a15cec0a76d8d8b783e1e251b5fdc291e2fc0064002	1
../../media/CNX_ElemAlg_Figure_02_01_011e_img_new.jpg	media/CNX_ElemAlg_Figure_02_01_011e_img_new.jpg	image/jpeg	11989	0caf39670c1f614be6d37c84fc41331cfd9a8ba0db012909feacdb114aea21d9	1
../../media/CNX_ElemAlg_Figure_02_01_011f_img_new.jpg	media/CNX_ElemAlg_Figure_02_01_011f_img_new.jpg	image/jpeg	16698	1771333918614d821d8d8199c4b364a568dcfd78b326ef99c8b34c91cd72496e	1
../../media/CNX_ElemAlg_Figure_02_01_011g_img_new.jpg	media/CNX_ElemAlg_Figure_02_01_011g_img_new.jpg	image/jpeg	11947	07b978bf0656a51a4fa291843785ed538c71eceede9b73072eb6be8c0c0319b6	1
../../media/CNX_ElemAlg_Figure_02_01_012a_img_new.jpg	media/CNX_ElemAlg_Figure_02_01_012a_img_new.jpg	image/jpeg	33997	40e4f4b2f2386bba4c65c65848ce58e0af33230abb0f06ce8a75f415da9bcef6	1
../../media/CNX_ElemAlg_Figure_02_01_012b_img_new.jpg	media/CNX_ElemAlg_Figure_02_01_012b_img_new.jpg	image/jpeg	13864	9ced3b50c23b8f210948dc64c204b700393e35c0d14737642f5877f34520d239	1
../../media/CNX_ElemAlg_Figure_02_01_012c_img_new.jpg	media/CNX_ElemAlg_Figure_02_01_012c_img_new.jpg	image/jpeg	12591	be639b7773f55f3deddc3ae8af79a0d210d4fd925395c0c00e5f4499fd826b63	1
../../media/CNX_ElemAlg_Figure_02_01_012d_img_new.jpg	media/CNX_ElemAlg_Figure_02_01_012d_img_new.jpg	image/jpeg	12758	7e7e984e844476a4dd25227c0421bcb9908862dd56a5f6b15c6fbddf52f7cb3e	1
../../media/CNX_ElemAlg_Figure_02_01_012e_img_new.jpg	media/CNX_ElemAlg_Figure_02_01_012e_img_new.jpg	image/jpeg	9736	ad27e0363c64d54d49bac5a038d2327563e24513680a4922608f5555a5224cd3	1
../../media/CNX_ElemAlg_Figure_02_01_012f_img_new.jpg	media/CNX_ElemAlg_Figure_02_01_012f_img_new.jpg	image/jpeg	12048	d2fa72bfa10a34cf4b72bd5ed05fb4bef5282755b26a5cafc01d585207bbe5fc	1
../../media/CNX_ElemAlg_Figure_02_01_012g_img_new.jpg	media/CNX_ElemAlg_Figure_02_01_012g_img_new.jpg	image/jpeg	9785	31e117cad71990606c6f3427796334cd2a0194e93b2e106b6011906df50016ea	1
../../media/CNX_ElemAlg_Figure_02_01_013a_img_new.jpg	media/CNX_ElemAlg_Figure_02_01_013a_img_new.jpg	image/jpeg	21166	c0bc29b5f23cb964b199bd39b68b343e59404cd760541760f7f014027f1f30ae	1
../../media/CNX_ElemAlg_Figure_02_01_013b_img_new.jpg	media/CNX_ElemAlg_Figure_02_01_013b_img_new.jpg	image/jpeg	15414	f0fcf6f9332876d0db9c89b4743f37a79a1c6b0bb854a4465b4cd4d851753612	1
../../media/CNX_ElemAlg_Figure_02_01_013c_img_new.jpg	media/CNX_ElemAlg_Figure_02_01_013c_img_new.jpg	image/jpeg	12786	e7e4f163a16b0874076abbe767ca85b976f3f73310d49334ff9c1e6e049e686d	1
../../media/CNX_ElemAlg_Figure_02_01_014a_img_new.jpg	media/CNX_ElemAlg_Figure_02_01_014a_img_new.jpg	image/jpeg	20168	bc84a192f85f8bad2ffd35e0701925b860d1ce27f5da006b0dc9100beef4bb55	1
../../media/CNX_ElemAlg_Figure_02_01_014b_img_new.jpg	media/CNX_ElemAlg_Figure_02_01_014b_img_new.jpg	image/jpeg	10143	f650aecc034aa03a011781384f43c70bafa496ebcd6ba16133519ad871a37e35	1
../../media/CNX_ElemAlg_Figure_02_01_015a_img_new.jpg	media/CNX_ElemAlg_Figure_02_01_015a_img_new.jpg	image/jpeg	42211	c07370666d082f5bf05106d9ae5360a3c378c72d35915fb812dc92071edb4eb2	1
../../media/CNX_ElemAlg_Figure_02_01_015b_img_new.jpg	media/CNX_ElemAlg_Figure_02_01_015b_img_new.jpg	image/jpeg	614465	03cad0f8a802ea295fcfbe8c8ee2dd8a7b7b8d3af937e2a3678c1c335c278c97	1
../../media/CNX_ElemAlg_Figure_02_01_015c_img_new.jpg	media/CNX_ElemAlg_Figure_02_01_015c_img_new.jpg	image/jpeg	44733	a924bd7345ef4aa2fd471bd20f195438eac596a629cea79554d663f498c37404	1
../../media/CNX_ElemAlg_Figure_02_01_015d_img_new.jpg	media/CNX_ElemAlg_Figure_02_01_015d_img_new.jpg	image/jpeg	83526	17b27d5375a930913bef7acf0834e39a684eb3cd9b9991e7c0467ce116a172fb	1
../../media/CNX_ElemAlg_Figure_02_01_015e_img_new.jpg	media/CNX_ElemAlg_Figure_02_01_015e_img_new.jpg	image/jpeg	36566	e909a7b1c8b18614bf01f24c47efb06641e2a66d12c0a9e7a229347a37863ac4	1
../../media/CNX_ElemAlg_Figure_02_01_015f_img_new.jpg	media/CNX_ElemAlg_Figure_02_01_015f_img_new.jpg	image/jpeg	54425	5edadef77eea8ec997a48bd6474edc3f428f0915290d809b7c35f671e4978750	1
../../media/CNX_ElemAlg_Figure_02_01_015g_img_new.jpg	media/CNX_ElemAlg_Figure_02_01_015g_img_new.jpg	image/jpeg	636089	11e5b84a1bf23ce363c53b4b6b3ea9dc64bfa4feddb23a4acb02b2b7513c5ff2	1
../../media/CNX_ElemAlg_Figure_02_01_201_img_new.jpg	media/CNX_ElemAlg_Figure_02_01_201_img_new.jpg	image/jpeg	90920	965c4670f9374187f57c8f508934b4bada5cfd3847e1a8ea97bc0f1ae41a8d58	1
../../media/CNX_ElemAlg_Figure_02_02_001_img_new.jpg	media/CNX_ElemAlg_Figure_02_02_001_img_new.jpg	image/jpeg	36839	c0869b72c8b6761549caf88cf5377869203c4cc7984c21b952733318a95e26b1	1
../../media/CNX_ElemAlg_Figure_02_02_002_img_new.jpg	media/CNX_ElemAlg_Figure_02_02_002_img_new.jpg	image/jpeg	41094	b2a477844320a50f35cbe993959c1f0dba8cf55718196788cbebaf52dee3d932	1
../../media/CNX_ElemAlg_Figure_02_02_003a_img_new.jpg	media/CNX_ElemAlg_Figure_02_02_003a_img_new.jpg	image/jpeg	15655	9fbc9e83139c4af450d93fd3e481a855c5fbfcee6555131e4349a00784fb87cd	1
../../media/CNX_ElemAlg_Figure_02_02_003b_img_new.jpg	media/CNX_ElemAlg_Figure_02_02_003b_img_new.jpg	image/jpeg	20625	5225f771c047eb4e5c73e30c0a3ff87e8e5979a019a3970040aee369cb2d19cf	1
../../media/CNX_ElemAlg_Figure_02_02_003c_img_new.jpg	media/CNX_ElemAlg_Figure_02_02_003c_img_new.jpg	image/jpeg	13645	b519ebe177b658cf08177f7ac0e3c74b26ad59d58baf0fd4a26bcbfdbd4a2b4b	1
../../media/CNX_ElemAlg_Figure_02_02_004a_img_new.jpg	media/CNX_ElemAlg_Figure_02_02_004a_img_new.jpg	image/jpeg	11095	3c792ca6e402edf1074b50bf8e08b1d85c8b25745fa3865d9a5bc021bf9a8461	1
../../media/CNX_ElemAlg_Figure_02_02_004b_img_new.jpg	media/CNX_ElemAlg_Figure_02_02_004b_img_new.jpg	image/jpeg	17185	4a7cfc891239b1831d8523b3c908dbb8eba36631e50dec549f5cc1421f771316	1
../../media/CNX_ElemAlg_Figure_02_02_004c_img_new.jpg	media/CNX_ElemAlg_Figure_02_02_004c_img_new.jpg	image/jpeg	11712	be5d437fbba9accc52f3f20e570d7ac85c7afa7e2c8bf7dc858fedfb00062bae	1
../../media/CNX_ElemAlg_Figure_02_02_004d_img_new.jpg	media/CNX_ElemAlg_Figure_02_02_004d_img_new.jpg	image/jpeg	11140	aa549c369074f79ca0f3811e787954b72e7272c83a6a4f11ed0bf825d8521e12	1
../../media/CNX_ElemAlg_Figure_02_02_004e_img_new.jpg	media/CNX_ElemAlg_Figure_02_02_004e_img_new.jpg	image/jpeg	13862	ac8297bf91afd012fe7af886c4f9e3de3b0c27809b329f663706a480348a493f	1
../../media/CNX_ElemAlg_Figure_02_02_004f_img_new.jpg	media/CNX_ElemAlg_Figure_02_02_004f_img_new.jpg	image/jpeg	11654	aa5fef3dfcc6dabec4231df88ae9bc787dbdccb6d9ff45f3660338348c0bea30	1
../../media/CNX_ElemAlg_Figure_02_02_005a_img_new.jpg	media/CNX_ElemAlg_Figure_02_02_005a_img_new.jpg	image/jpeg	13399	b2338624350bda628bbf77b407d48bd5c3e91434021976236c856336681d70d3	1
../../media/CNX_ElemAlg_Figure_02_02_005b_img_new.jpg	media/CNX_ElemAlg_Figure_02_02_005b_img_new.jpg	image/jpeg	11367	6836bfeaf2c49f3cc77c010399ea50d4846e2d6d0b8923f5e8c24e4559acec33	1
../../media/CNX_ElemAlg_Figure_02_02_005c_img_new.jpg	media/CNX_ElemAlg_Figure_02_02_005c_img_new.jpg	image/jpeg	11858	5a442a02e8256f825f0276886bcf5405f7db3201f072b4c6cf7c9dff023f45ed	1
../../media/CNX_ElemAlg_Figure_02_02_005d_img_new.jpg	media/CNX_ElemAlg_Figure_02_02_005d_img_new.jpg	image/jpeg	15456	4d14b5c3ed02bc8d86f033c266ec5fb85c81084f3d2c2a682987b94db60df12d	1
../../media/CNX_ElemAlg_Figure_02_02_005e_img_new.jpg	media/CNX_ElemAlg_Figure_02_02_005e_img_new.jpg	image/jpeg	10881	866e7d63fc475221b3b4bfe2a91fb5e708fe08773df0f47c8f1a77df834a9a0d	1
../../media/CNX_ElemAlg_Figure_02_02_005f_img_new.jpg	media/CNX_ElemAlg_Figure_02_02_005f_img_new.jpg	image/jpeg	10644	4fdc59dedf3902c97bd65a22c3db6bad9e541884bda9e40662718fd9b427f6fb	1
../../media/CNX_ElemAlg_Figure_02_02_006a_img_new.jpg	media/CNX_ElemAlg_Figure_02_02_006a_img_new.jpg	image/jpeg	11454	3313596560b1c2de1b6527774474a0cf1d7b770f0b79c13361834724f3454a01	1
../../media/CNX_ElemAlg_Figure_02_02_006b_img_new.jpg	media/CNX_ElemAlg_Figure_02_02_006b_img_new.jpg	image/jpeg	14791	4bb87ab735f5e323508796a4f55bd35e5f56b4ce10f0b9ac4c616da30ba9a52f	1
../../media/CNX_ElemAlg_Figure_02_02_006c_img_new.jpg	media/CNX_ElemAlg_Figure_02_02_006c_img_new.jpg	image/jpeg	11781	11a61c73991af50583dc281773923f4132fa4bf82a6c6a5e7380c0309c6707aa	1
../../media/CNX_ElemAlg_Figure_02_02_006d_img_new.jpg	media/CNX_ElemAlg_Figure_02_02_006d_img_new.jpg	image/jpeg	10978	ea410f6c4c1b22e13a26cd20107c83049940aef25aacb46460d490ce20fda3bd	1
../../media/CNX_ElemAlg_Figure_02_02_006e_img_new.jpg	media/CNX_ElemAlg_Figure_02_02_006e_img_new.jpg	image/jpeg	11424	b620fbf9766bbbae2451c78b6aa71f90af11df948993684999b0f34f7adf7fa0	1
../../media/CNX_ElemAlg_Figure_02_02_006f_img_new.jpg	media/CNX_ElemAlg_Figure_02_02_006f_img_new.jpg	image/jpeg	15088	7c3d597b78bff1988c5116f82127ce4fbb6f9771252b773f4c036e19c9c2467c	1
../../media/CNX_ElemAlg_Figure_02_02_006g_img_new.jpg	media/CNX_ElemAlg_Figure_02_02_006g_img_new.jpg	image/jpeg	11778	a5e23a285c1cefc4bf97082ef11d1f1a74c3c9f905ed163e4cff7c07f4d0e010	1
../../media/CNX_ElemAlg_Figure_02_02_007a_img_new.jpg	media/CNX_ElemAlg_Figure_02_02_007a_img_new.jpg	image/jpeg	12791	5d2addfe6652dc82e1c49d41d996b4882b4430891edb95f59f9991dd5eec0850	1
../../media/CNX_ElemAlg_Figure_02_02_007b_img_new.jpg	media/CNX_ElemAlg_Figure_02_02_007b_img_new.jpg	image/jpeg	14582	212a250b9c1fbf2646b385ef90163f1155917f6a04cfda0de6448dd5a31c4b3a	1
../../media/CNX_ElemAlg_Figure_02_02_007c_img_new.jpg	media/CNX_ElemAlg_Figure_02_02_007c_img_new.jpg	image/jpeg	11891	fb63329e6b53cba414c4a232bc70c1761ee169000d1b01365bdc3a1329b07f30	1
../../media/CNX_ElemAlg_Figure_02_02_007d_img_new.jpg	media/CNX_ElemAlg_Figure_02_02_007d_img_new.jpg	image/jpeg	12325	e9e86559628a778ad38e0ff9294a1d936a03dde63bdfef28e6cbd60ebdb1bb20	1
../../media/CNX_ElemAlg_Figure_02_02_007e_img_new.jpg	media/CNX_ElemAlg_Figure_02_02_007e_img_new.jpg	image/jpeg	17496	4e7531e8906f2b5f3c1f29ddcee0ec44db8f3e94892c1f4e390982647e672c31	1
../../media/CNX_ElemAlg_Figure_02_02_007f_img_new.jpg	media/CNX_ElemAlg_Figure_02_02_007f_img_new.jpg	image/jpeg	13333	a71b4a7323779d4e58f3836a49d321fb0b3cabc6a45ea10a96a18972b6b0429b	1
../../media/CNX_ElemAlg_Figure_02_02_007g_img_new.jpg	media/CNX_ElemAlg_Figure_02_02_007g_img_new.jpg	image/jpeg	10356	1778933565a1d5a9c33eec05af8c19f0534550e6c549b38a77b1f609cc7bb60e	1
../../media/CNX_ElemAlg_Figure_02_02_008a_img_new.jpg	media/CNX_ElemAlg_Figure_02_02_008a_img_new.jpg	image/jpeg	13991	f43613d1fe740c0e5fcb1c17f4426f46897b71a4b2002d49b48a7d94c632bafc	1
../../media/CNX_ElemAlg_Figure_02_02_008b_img_new.jpg	media/CNX_ElemAlg_Figure_02_02_008b_img_new.jpg	image/jpeg	18481	8de2cfcc9182c8fcfde16de25fa59acd46851e143d4ff927c5617ff8196f3e1c	1
../../media/CNX_ElemAlg_Figure_02_02_008c_img_new.jpg	media/CNX_ElemAlg_Figure_02_02_008c_img_new.jpg	image/jpeg	14476	d2d9dc69b17f244d5fef022fe9fc862e50fa74bee45a52b3567c6fea07f1e234	1
../../media/CNX_ElemAlg_Figure_02_02_008d_img_new.jpg	media/CNX_ElemAlg_Figure_02_02_008d_img_new.jpg	image/jpeg	13403	328074265a4f3f04f8906ef871f2ceb5bcc5f05c34977ec5917a0de6491293c9	1
../../media/CNX_ElemAlg_Figure_02_02_008e_img_new.jpg	media/CNX_ElemAlg_Figure_02_02_008e_img_new.jpg	image/jpeg	21339	ecabb043241ebc65fe7db0258c8c93afe9e02589653538485b41dde488729b8c	1
../../media/CNX_ElemAlg_Figure_02_02_008f_img_new.jpg	media/CNX_ElemAlg_Figure_02_02_008f_img_new.jpg	image/jpeg	15239	9d99d9a7a9e191bddb587b8cd075753e62e0ed13b9577d9ab18f788185c5a210	1
../../media/CNX_ElemAlg_Figure_02_02_008g_img_new.jpg	media/CNX_ElemAlg_Figure_02_02_008g_img_new.jpg	image/jpeg	12105	c960e64622ce71e31ef5707fd99eaa21c9a2706438561ed6a14bb2eb323367f9	1
../../media/CNX_ElemAlg_Figure_02_02_009a_img_new.jpg	media/CNX_ElemAlg_Figure_02_02_009a_img_new.jpg	image/jpeg	574650	8ee12c3e3284a7aeb49585dd1c9a5e363fe195a3b096e5f8ec4a79f5469474ea	1
../../media/CNX_ElemAlg_Figure_02_02_009b_img_new.jpg	media/CNX_ElemAlg_Figure_02_02_009b_img_new.jpg	image/jpeg	570242	ca9605b29c5f429914e7cd85eb03221564d562e88d288cd8e75033de9acc187c	1
../../media/CNX_ElemAlg_Figure_02_02_009c_img_new.jpg	media/CNX_ElemAlg_Figure_02_02_009c_img_new.jpg	image/jpeg	570964	ce8065ea1c87d1d924431a9d3428599fa4232dd5f7ac82105ed9085961b0d742	1
../../media/CNX_ElemAlg_Figure_02_02_009d_img_new.jpg	media/CNX_ElemAlg_Figure_02_02_009d_img_new.jpg	image/jpeg	573305	98fae7a0bacc749a044cf5dae78077268778a9414fb21bfff158b8a9c46df84e	1
../../media/CNX_ElemAlg_Figure_02_02_009e_img_new.jpg	media/CNX_ElemAlg_Figure_02_02_009e_img_new.jpg	image/jpeg	584536	3cc72a1c469cbfc1da9cf3db61382ba137f86e0e621ff3fbd7af1c1e96289308	1
../../media/CNX_ElemAlg_Figure_02_02_009f_img_new.jpg	media/CNX_ElemAlg_Figure_02_02_009f_img_new.jpg	image/jpeg	581602	5a889ab55d28979caf0b9ae89549b0e5c4ee7fbf705307f1b44e81f5f7e30e5b	1
../../media/CNX_ElemAlg_Figure_02_02_009g_img.jpg	media/CNX_ElemAlg_Figure_02_02_009g_img.jpg	image/jpeg	579125	90ed11dd658285438e060dc33e9a4d28ed020b161d354dc936f70ab821e495b7	1
../../media/CNX_ElemAlg_Figure_02_02_010a_img_new.jpg	media/CNX_ElemAlg_Figure_02_02_010a_img_new.jpg	image/jpeg	14507	7aa866b689c1bfc27c51280cedbc682549def22a0f5941d1196cdde11f5d3874	1
../../media/CNX_ElemAlg_Figure_02_02_010b_img_new.jpg	media/CNX_ElemAlg_Figure_02_02_010b_img_new.jpg	image/jpeg	15310	1bc9b9bdf8f7f39a1015631c5940a8a78dd886deeeae9d1c68dac6cae743f9ee	1
../../media/CNX_ElemAlg_Figure_02_02_010c_img_new.jpg	media/CNX_ElemAlg_Figure_02_02_010c_img_new.jpg	image/jpeg	13236	2ce35e616c26538000911cbada8e1f132f7840bdb2354fb632202684861c7970	1
../../media/CNX_ElemAlg_Figure_02_02_010d_img_new.jpg	media/CNX_ElemAlg_Figure_02_02_010d_img_new.jpg	image/jpeg	12490	c5309697bacf325687b493cb474a9d10230f0aa9083e6157c44d1de291d980d0	1
../../media/CNX_ElemAlg_Figure_02_02_010e_img_new.jpg	media/CNX_ElemAlg_Figure_02_02_010e_img_new.jpg	image/jpeg	11212	6fb69efe8442fba7800be14335fd9b274530b4f2e2e9177caf47c6a61275a24d	1
../../media/CNX_ElemAlg_Figure_02_02_010f_img_new.jpg	media/CNX_ElemAlg_Figure_02_02_010f_img_new.jpg	image/jpeg	13196	e7000a4e9f90b4638c2eef0b08cb191d4a429dff9cba8775e8c54ba18c711aba	1
../../media/CNX_ElemAlg_Figure_02_02_010g_img_new.jpg	media/CNX_ElemAlg_Figure_02_02_010g_img_new.jpg	image/jpeg	13589	1ff3cb8021d82b7153a602f2378b7da12eb2b3ac2ea0760abaa4e6c26314ec13	1
../../media/CNX_ElemAlg_Figure_02_02_010h_img_new.jpg	media/CNX_ElemAlg_Figure_02_02_010h_img_new.jpg	image/jpeg	13021	a32a3face063eb259caa57af2a4ca771f66b9ab6e773aa8d16c3a76bfb5dbad8	1
../../media/CNX_ElemAlg_Figure_02_02_010i_img_new.jpg	media/CNX_ElemAlg_Figure_02_02_010i_img_new.jpg	image/jpeg	12640	8946de3f2c2f19e9f50ad6f862b5227ea607da11f1c208b661ce7a2423b9e8cb	1
../../media/CNX_ElemAlg_Figure_02_02_010j_img_new.jpg	media/CNX_ElemAlg_Figure_02_02_010j_img_new.jpg	image/jpeg	16590	f2a6d23be95488abfca15de4f0b4925dd6a213e05abc0a1fb0d35e3a43bfa292	1
../../media/CNX_ElemAlg_Figure_02_02_010k_img_new.jpg	media/CNX_ElemAlg_Figure_02_02_010k_img_new.jpg	image/jpeg	12841	7e2e61727723cc47a74b8dba73c3231d66cbd1d2630cc664c42ad0cd1f291dda	1
../../media/CNX_ElemAlg_Figure_02_02_011a_img_new.jpg	media/CNX_ElemAlg_Figure_02_02_011a_img_new.jpg	image/jpeg	19715	91b4690537f49f3863f8b1230fc388a7d3ff1a9210487d9b285cab27b6a78301	1
../../media/CNX_ElemAlg_Figure_02_02_011b_img_new.jpg	media/CNX_ElemAlg_Figure_02_02_011b_img_new.jpg	image/jpeg	12895	3f02699d22f4e9f0ffb6af35a20526d4fe5b06e699aeea77c72cffb42eef75f5	1
../../media/CNX_ElemAlg_Figure_02_02_011c_img_new.jpg	media/CNX_ElemAlg_Figure_02_02_011c_img_new.jpg	image/jpeg	10365	5f0d3ed4d9ff31a795815f9018edc5fde3c0d9d0ae2dfa91d79e249ff81a928e	1
../../media/CNX_ElemAlg_Figure_02_02_012a_img_new.jpg	media/CNX_ElemAlg_Figure_02_02_012a_img_new.jpg	image/jpeg	19369	4fd2171f3c4a52cd258315ab5efef21c7a6c5d90f3ab44957da0b52b868e4b6c	1
../../media/CNX_ElemAlg_Figure_02_02_012b_img_new.jpg	media/CNX_ElemAlg_Figure_02_02_012b_img_new.jpg	image/jpeg	14498	90b242f120116a3301231fbd50036df39bb0fbd1a661255185bd61b11df5de58	1
../../media/CNX_ElemAlg_Figure_02_02_012c_img_new.jpg	media/CNX_ElemAlg_Figure_02_02_012c_img_new.jpg	image/jpeg	11467	47d000bb6ad9b63c12fb8ab4d7f1bd18ad19f1bf5560dc8eab98ce5fafde7840	1
../../media/CNX_ElemAlg_Figure_02_02_013a_img_new.jpg	media/CNX_ElemAlg_Figure_02_02_013a_img_new.jpg	image/jpeg	19268	2a14976f77e9cc2657169f99082f02d0e4c224e2c2cccd4a4ebfe1cb846b2c0c	1
../../media/CNX_ElemAlg_Figure_02_02_013b_img_new.jpg	media/CNX_ElemAlg_Figure_02_02_013b_img_new.jpg	image/jpeg	13813	a746bbbe17000d4b294073d6deba34001bb4bdf094ed17c0c51271f0911d7f42	1
../../media/CNX_ElemAlg_Figure_02_02_013c_img_new.jpg	media/CNX_ElemAlg_Figure_02_02_013c_img_new.jpg	image/jpeg	10856	1a2fdbabcc3ffbe27539c500fa77b979dabca7a55ef042d21c713793b4ed29b8	1
../../media/CNX_ElemAlg_Figure_02_02_014a_img_new.jpg	media/CNX_ElemAlg_Figure_02_02_014a_img_new.jpg	image/jpeg	20820	b143c8a6989ff3d4c26996b5ec20b27f8be2f60473b19f74a2cf831feca049a5	1
../../media/CNX_ElemAlg_Figure_02_02_014b_img_new.jpg	media/CNX_ElemAlg_Figure_02_02_014b_img_new.jpg	image/jpeg	16884	31009d4605cec14f935352ea38921c13ae131474d133f8bcdc7074fcf7a0c752	1
../../media/CNX_ElemAlg_Figure_02_02_014c_img_new.jpg	media/CNX_ElemAlg_Figure_02_02_014c_img_new.jpg	image/jpeg	11835	dab5bb311f6d1b20c93f2a97295aa131a8726da9204cbaf6c242452e03e25c62	1
../../media/CNX_ElemAlg_Figure_02_02_015a_img_new.jpg	media/CNX_ElemAlg_Figure_02_02_015a_img_new.jpg	image/jpeg	20469	ec00e022516bead868717609d9155535e33036ade546118eebd03940c9b85b07	1
../../media/CNX_ElemAlg_Figure_02_02_015b_img_new.jpg	media/CNX_ElemAlg_Figure_02_02_015b_img_new.jpg	image/jpeg	15163	462a432f3739fd2fa46f7325ce1f388cfd26d304534e3e7cdda24560de2a1568	1
../../media/CNX_ElemAlg_Figure_02_02_015c_img_new.jpg	media/CNX_ElemAlg_Figure_02_02_015c_img_new.jpg	image/jpeg	12412	ed9a421c340a1d8ebc1d612d467b468280773b1e9b6a4d67a92f8e869c00288d	1
../../media/CNX_ElemAlg_Figure_02_02_015d_img_new.jpg	media/CNX_ElemAlg_Figure_02_02_015d_img_new.jpg	image/jpeg	11468	c8ca4c85f4b7c0a2aa5a20117b02fb39a14beff9f9f772f9af073a6352131147	1
../../media/CNX_ElemAlg_Figure_02_02_201_img_new.jpg	media/CNX_ElemAlg_Figure_02_02_201_img_new.jpg	image/jpeg	80493	81997df531343ec9492ce2d35c5968572e17cbd3d994e26eef9c4c2ed85a3f0d	1
../../media/CNX_ElemAlg_Figure_02_03_001_img_new.jpg	media/CNX_ElemAlg_Figure_02_03_001_img_new.jpg	image/jpeg	45839	1f7204fa0faf403dd6e934da6e84a5bff1e4021a9f20b9cf81173c420dea372a	1
../../media/CNX_ElemAlg_Figure_02_03_002a_img_new.jpg	media/CNX_ElemAlg_Figure_02_03_002a_img_new.jpg	image/jpeg	11482	241b92972492fc32ee429d65bbef47d59f9339145543a946afdae884c3bf6d5a	1
../../media/CNX_ElemAlg_Figure_02_03_002b_img_new.jpg	media/CNX_ElemAlg_Figure_02_03_002b_img_new.jpg	image/jpeg	13969	06aad611f4042598138c71c58b51d5e69176fc6749934087ae3f73553503f795	1
../../media/CNX_ElemAlg_Figure_02_03_002c_img_new.jpg	media/CNX_ElemAlg_Figure_02_03_002c_img_new.jpg	image/jpeg	16241	7b5790a5e420199b82a2b05f70f763da4f368c9a380894bba7926b40de876ebb	1
../../media/CNX_ElemAlg_Figure_02_03_002d_img_new.jpg	media/CNX_ElemAlg_Figure_02_03_002d_img_new.jpg	image/jpeg	24492	b7cf443582edec37e14e305d55d00f350c62a686aef165ea8ed5d18b9246da05	1
../../media/CNX_ElemAlg_Figure_02_03_002e_img_new.jpg	media/CNX_ElemAlg_Figure_02_03_002e_img_new.jpg	image/jpeg	15926	af39f012dcc392046284d21c969717f9e14e9808debdbd722afc17ed692e7f8e	1
../../media/CNX_ElemAlg_Figure_02_03_002f_img_new.jpg	media/CNX_ElemAlg_Figure_02_03_002f_img_new.jpg	image/jpeg	12749	cbf7be3afd2077e3e6eba3450c235e863493399188d9e3d7b68c3351f3cb0ca0	1
../../media/CNX_ElemAlg_Figure_02_03_002g_img_new.jpg	media/CNX_ElemAlg_Figure_02_03_002g_img_new.jpg	image/jpeg	15714	31c35ea19e3d6689ff289d858c5117c92cf0811c310a903c831091b1bebee463	1
../../media/CNX_ElemAlg_Figure_02_03_002h_img_new.jpg	media/CNX_ElemAlg_Figure_02_03_002h_img_new.jpg	image/jpeg	13108	87496eb50c639531a05cf0c4eb915b738abe8c61de99bef32a13ab3dfe175bd5	1
../../media/CNX_ElemAlg_Figure_02_03_004a_img_new.jpg	media/CNX_ElemAlg_Figure_02_03_004a_img_new.jpg	image/jpeg	11356	33a52e7e7cfebe043920a527e3f2b5b1b683429edb7c6fd2452b32997d0f82fe	1
../../media/CNX_ElemAlg_Figure_02_03_004b_img_new.jpg	media/CNX_ElemAlg_Figure_02_03_004b_img_new.jpg	image/jpeg	12901	7aa547e06608e2a56551449eb34cde30a851d35a8b2c0fa5e2af9590f8cbbb41	1
../../media/CNX_ElemAlg_Figure_02_03_004c_img_new.jpg	media/CNX_ElemAlg_Figure_02_03_004c_img_new.jpg	image/jpeg	12539	a082740642ad59ca2bc6d9eac4569081993110d3464e17e6bba6d8f42e4491bf	1
../../media/CNX_ElemAlg_Figure_02_03_004d_img_new.jpg	media/CNX_ElemAlg_Figure_02_03_004d_img_new.jpg	image/jpeg	12656	85a1719c1606f7f79e571571f24c1f55445834f09b443ec16359cb6561b05986	1
../../media/CNX_ElemAlg_Figure_02_03_004e_img_new.jpg	media/CNX_ElemAlg_Figure_02_03_004e_img_new.jpg	image/jpeg	21105	b546666dbcbc26953d66b211f2e792527bccaf46e53fd30abac3ca7709ebbb24	1
../../media/CNX_ElemAlg_Figure_02_03_004f_img_new.jpg	media/CNX_ElemAlg_Figure_02_03_004f_img_new.jpg	image/jpeg	16949	12e52686f9e0fd3c4ac128085a7c20b3669d08592d15ef830d4ea7af2ad2bbb2	1
../../media/CNX_ElemAlg_Figure_02_03_004g_img_new.jpg	media/CNX_ElemAlg_Figure_02_03_004g_img_new.jpg	image/jpeg	13586	013ee603254b9133f5d2defdbd60b16beb4a40f528bf4656aff8d6918cddf28d	1
../../media/CNX_ElemAlg_Figure_02_03_004h_img_new.jpg	media/CNX_ElemAlg_Figure_02_03_004h_img_new.jpg	image/jpeg	17388	3dbfb77d858568d96820fcc65c932376234d4c88111146b1a4306615b7c419b8	1
../../media/CNX_ElemAlg_Figure_02_03_004i_img_new.jpg	media/CNX_ElemAlg_Figure_02_03_004i_img_new.jpg	image/jpeg	13726	3a8ef87f786a435ef1c7198c58707535cf3a0baff7e24649c9a0c9e1875352af	1
../../media/CNX_ElemAlg_Figure_02_03_006a_img_new.jpg	media/CNX_ElemAlg_Figure_02_03_006a_img_new.jpg	image/jpeg	12969	42510bda8784f0021d83b96c3fe5260c70edde819817de35922011b570d1aa9c	1
../../media/CNX_ElemAlg_Figure_02_03_006b_img_new.jpg	media/CNX_ElemAlg_Figure_02_03_006b_img_new.jpg	image/jpeg	16282	afe5f4c966cda97ad89a182b0baaf4473bd7b7ecdcbc4904dc5a500b681141c1	1
../../media/CNX_ElemAlg_Figure_02_03_006c_img_new.jpg	media/CNX_ElemAlg_Figure_02_03_006c_img_new.jpg	image/jpeg	14887	91570265c1745b2030216392ceb7fbaa3ad2793082a13c4b8be0580239a3115a	1
../../media/CNX_ElemAlg_Figure_02_03_006d_img_new.jpg	media/CNX_ElemAlg_Figure_02_03_006d_img_new.jpg	image/jpeg	14322	c8612d2f7946892437316e077209be9adf91a485617acd6bafc83a72883d36ad	1
../../media/CNX_ElemAlg_Figure_02_03_006e_img_new.jpg	media/CNX_ElemAlg_Figure_02_03_006e_img_new.jpg	image/jpeg	22039	214d143c3834fd2cf4895420fffd81c666161022de15112aa53468d72cfc0228	1
../../media/CNX_ElemAlg_Figure_02_03_006f_img_new.jpg	media/CNX_ElemAlg_Figure_02_03_006f_img_new.jpg	image/jpeg	19043	582566061c1f7c0efedac8e391fc58526453a6fd5bae28605c9742f4138ba142	1
../../media/CNX_ElemAlg_Figure_02_03_006g_img_new.jpg	media/CNX_ElemAlg_Figure_02_03_006g_img_new.jpg	image/jpeg	14607	1267d0185672db2a8c7bf709405f96093380e3d852a840dbcfef154362191235	1
../../media/CNX_ElemAlg_Figure_02_03_008a_img_new.jpg	media/CNX_ElemAlg_Figure_02_03_008a_img_new.jpg	image/jpeg	15423	2a4597c670aa1e0a127e5c41d09ed75e43c587ff1ce3594d40e1a117627bf529	1
../../media/CNX_ElemAlg_Figure_02_03_008b_img_new.jpg	media/CNX_ElemAlg_Figure_02_03_008b_img_new.jpg	image/jpeg	19033	50a7246f392453743253ee87777ac9308c5c2618188cd1c0d71421b6d446d72f	1
../../media/CNX_ElemAlg_Figure_02_03_008c_img_new.jpg	media/CNX_ElemAlg_Figure_02_03_008c_img_new.jpg	image/jpeg	16110	4619d66b499da6ab779ec077ef895d96b2ad6f498496073ad61972f7684455a2	1
../../media/CNX_ElemAlg_Figure_02_03_008d_img_new.jpg	media/CNX_ElemAlg_Figure_02_03_008d_img_new.jpg	image/jpeg	15357	c1552f5ad7d301bfdff95ef8523aed540e6c93669124d0092fb8a729b76e5afb	1
../../media/CNX_ElemAlg_Figure_02_03_008e_img_new.jpg	media/CNX_ElemAlg_Figure_02_03_008e_img_new.jpg	image/jpeg	22946	cbf2390a961a08863ee0261f5042dde7d1367985da097f3a9a40e7415c18b973	1
../../media/CNX_ElemAlg_Figure_02_03_008f_img_new.jpg	media/CNX_ElemAlg_Figure_02_03_008f_img_new.jpg	image/jpeg	19210	9a73b97ca8285bd3d820588144494443009b35867dd71be6fbddfd8e19aa51a6	1
../../media/CNX_ElemAlg_Figure_02_03_008g_img_new.jpg	media/CNX_ElemAlg_Figure_02_03_008g_img_new.jpg	image/jpeg	14467	bb76e52fa07671c391aeadc0a6803e5156b32a49c2e8067585cde23f358dc45d	1
../../media/CNX_ElemAlg_Figure_02_03_008h_img_new.jpg	media/CNX_ElemAlg_Figure_02_03_008h_img_new.jpg	image/jpeg	16998	10e8298d78276415b5e08f45736aeaf10ba996fed53bb654c4b6934f2ee607b2	1
../../media/CNX_ElemAlg_Figure_02_03_008i_img_new.jpg	media/CNX_ElemAlg_Figure_02_03_008i_img_new.jpg	image/jpeg	14000	6c5fcb00e8b8cd0757a6bc2713a0fdb638273e97ba6d2d82e5ebb5cb03c17ba3	1
../../media/CNX_ElemAlg_Figure_02_03_009a_img_new.jpg	media/CNX_ElemAlg_Figure_02_03_009a_img_new.jpg	image/jpeg	20799	345dc7712c1cd0016da691ce7c0db14aecb241f34a885bcdaaaf06a0410fb8cf	1
../../media/CNX_ElemAlg_Figure_02_03_009b_img_new.jpg	media/CNX_ElemAlg_Figure_02_03_009b_img_new.jpg	image/jpeg	16475	2dc07e884c89356581c495db3e86f8884f4f9656f753c52fc46b8427f6466de0	1
../../media/CNX_ElemAlg_Figure_02_03_009c_img_new.jpg	media/CNX_ElemAlg_Figure_02_03_009c_img_new.jpg	image/jpeg	13497	a3b15bad8c7ce42cdbc101c02764dc870bf25bf624b7f303c36edf19a59672ab	1
../../media/CNX_ElemAlg_Figure_02_03_009d_img_new.jpg	media/CNX_ElemAlg_Figure_02_03_009d_img_new.jpg	image/jpeg	17339	5fa1aa7a3ed81a9169c04ab25088a38b4c46f71da3f22827e53f7008f1c70561	1
../../media/CNX_ElemAlg_Figure_02_03_009e_img_new.jpg	media/CNX_ElemAlg_Figure_02_03_009e_img_new.jpg	image/jpeg	13022	97ccc692cd2a6d66344e14800380e14789fc89df08395029cff3c6a25e31059f	1
../../media/CNX_ElemAlg_Figure_02_03_010a_img_new.jpg	media/CNX_ElemAlg_Figure_02_03_010a_img_new.jpg	image/jpeg	61756	2d6d215c85baefab9ec5eac87f0dfd9fa94555d7d93a1d0a6704928d818b306a	1
../../media/CNX_ElemAlg_Figure_02_03_010b_img_new.jpg	media/CNX_ElemAlg_Figure_02_03_010b_img_new.jpg	image/jpeg	74991	09cca8efdf5a2a7febf946df4fc514006d3713e7209ca101510181939dd59e50	1
../../media/CNX_ElemAlg_Figure_02_03_010c_img_new.jpg	media/CNX_ElemAlg_Figure_02_03_010c_img_new.jpg	image/jpeg	61909	b2270ac4f49e3087d155d6065420a4f57e914831c91e3e17c325138671534c1d	1
../../media/CNX_ElemAlg_Figure_02_03_010d_img_new.jpg	media/CNX_ElemAlg_Figure_02_03_010d_img_new.jpg	image/jpeg	51250	b56dde1823cde82c1d3926a6c144e10e35dd33de02682e5fe2eccdf1bea6b5d1	1
../../media/CNX_ElemAlg_Figure_02_03_010e_img_new.jpg	media/CNX_ElemAlg_Figure_02_03_010e_img_new.jpg	image/jpeg	39628	53ce8d72111efe7e57b9a623a65317fc419312a90b6e64079d57fe162ac9abcf	1
../../media/CNX_ElemAlg_Figure_02_03_011a_img_new.jpg	media/CNX_ElemAlg_Figure_02_03_011a_img_new.jpg	image/jpeg	16995	210cbb59c3c510a569bb6d38b66dcaf284f3a031a6d4c2f09a6b31c6e42ec9cb	1
../../media/CNX_ElemAlg_Figure_02_03_011b_img_new.jpg	media/CNX_ElemAlg_Figure_02_03_011b_img_new.jpg	image/jpeg	18088	2dacb0dec3d230c1cd86dd096e3e39af38cc236b86431518a9a95f43f398098d	1
../../media/CNX_ElemAlg_Figure_02_03_011c_img_new.jpg	media/CNX_ElemAlg_Figure_02_03_011c_img_new.jpg	image/jpeg	17237	2dba4ab2aa880b445e7e07dea16021275781b0b18579cd73e7a89a4bd73e3658	1
../../media/CNX_ElemAlg_Figure_02_03_011d_img_new.jpg	media/CNX_ElemAlg_Figure_02_03_011d_img_new.jpg	image/jpeg	16098	b4e5c3ba95f61850fcc5690ee120a520490eb60d0b40d6238384d3cf1e6553fd	1
../../media/CNX_ElemAlg_Figure_02_03_011e_img_new.jpg	media/CNX_ElemAlg_Figure_02_03_011e_img_new.jpg	image/jpeg	21481	f7e1c18c119d46333369eda09f08673109020fd2c8ee34ffa864f5d6313bf7f3	1
../../media/CNX_ElemAlg_Figure_02_03_011f_img_new.jpg	media/CNX_ElemAlg_Figure_02_03_011f_img_new.jpg	image/jpeg	19815	9dcfdaa051c59ad21f327a5fa386ffe7789ec97e76ec231cc59f13c6a6e38792	1
../../media/CNX_ElemAlg_Figure_02_03_011g_img_new.jpg	media/CNX_ElemAlg_Figure_02_03_011g_img_new.jpg	image/jpeg	15436	48223fb9a678870d3d45795a5ce9a8250b51f4315334a91ce78d01c781a7775a	1
../../media/CNX_ElemAlg_Figure_02_03_011h_img_new.jpg	media/CNX_ElemAlg_Figure_02_03_011h_img_new.jpg	image/jpeg	18422	da9fb4e337ba12770a8515499af7f03bbf8a443774b05a879d931219c3827800	1
../../media/CNX_ElemAlg_Figure_02_03_011i_img_new.jpg	media/CNX_ElemAlg_Figure_02_03_011i_img_new.jpg	image/jpeg	15922	667d3f8fc4b01ba8f1ac00b8b4ebdaca5dc5bd841c5bc3b499029c54e284aebd	1
../../media/CNX_ElemAlg_Figure_02_03_011j_img_new.jpg	media/CNX_ElemAlg_Figure_02_03_011j_img_new.jpg	image/jpeg	19378	4be070c5177b4caf3bfdebadccabba2f56ceedab6612a8ca30e60ebb8eeacab9	1
../../media/CNX_ElemAlg_Figure_02_03_011k_img_new.jpg	media/CNX_ElemAlg_Figure_02_03_011k_img_new.jpg	image/jpeg	15656	aafadcd7d0c80263e72e43aacbce3a8153c9aff372361d12c30a309c35df1dea	1
../../media/CNX_ElemAlg_Figure_02_03_012a_img_new.jpg	media/CNX_ElemAlg_Figure_02_03_012a_img_new.jpg	image/jpeg	15459	0c8efca3bd09b0fde3a52ab87f37d6bdc1b6dd43c4f2e1b7dc8cdc098f3c1e58	1
../../media/CNX_ElemAlg_Figure_02_03_012b_img_new.jpg	media/CNX_ElemAlg_Figure_02_03_012b_img_new.jpg	image/jpeg	22027	880a93c8db3bfa42459c50dc1e4fcbdf5ced810d2d3fa19a6bfa6eca9676ee37	1
../../media/CNX_ElemAlg_Figure_02_03_012c_img_new.jpg	media/CNX_ElemAlg_Figure_02_03_012c_img_new.jpg	image/jpeg	19878	9f56e67822855237cbd832b311e312fe49485bf123499b793bf9fef98fe33323	1
../../media/CNX_ElemAlg_Figure_02_03_012d_img_new.jpg	media/CNX_ElemAlg_Figure_02_03_012d_img_new.jpg	image/jpeg	580996	cfbfdae220fe0a4de38a46706ae789b87cb77564cfcc1ebf7da09563f8f5f5d7	1
../../media/CNX_ElemAlg_Figure_02_03_012e_img_new.jpg	media/CNX_ElemAlg_Figure_02_03_012e_img_new.jpg	image/jpeg	23649	10eecb80eb72f4b5438531cd6344e98d0e78042f1f1e0eba9b07d6a050468543	1
../../media/CNX_ElemAlg_Figure_02_03_012f_img_new.jpg	media/CNX_ElemAlg_Figure_02_03_012f_img_new.jpg	image/jpeg	21096	39b2647347e4e342a81e36c28d25acafb331447bfcf988d9460bc77f55fd6362	1
../../media/CNX_ElemAlg_Figure_02_03_012g_img_new.jpg	media/CNX_ElemAlg_Figure_02_03_012g_img_new.jpg	image/jpeg	17328	62fca7fd5d0da377e55bbfdb823fd588fa0fe5ff04ad0ae597f03c18c61eb1ac	1
../../media/CNX_ElemAlg_Figure_02_03_012h_img_new.jpg	media/CNX_ElemAlg_Figure_02_03_012h_img_new.jpg	image/jpeg	19668	cec2120db4da941811e69ef7a0c95bab0d92b03c86b78b7a9c9f01d9ca9dc0e1	1
../../media/CNX_ElemAlg_Figure_02_03_012i_img_new.jpg	media/CNX_ElemAlg_Figure_02_03_012i_img_new.jpg	image/jpeg	17720	dc802b30b224b61d21721e9e1fbba7721f070eee6cd3491bc2cbfe5d43cb0679	1
../../media/CNX_ElemAlg_Figure_02_03_012j_img_new.jpg	media/CNX_ElemAlg_Figure_02_03_012j_img_new.jpg	image/jpeg	20578	1a64b153a20532b9bfa19356155f37588f3bb57a6b3059c4a02abe9327c49122	1
../../media/CNX_ElemAlg_Figure_02_03_012l_img_new.jpg	media/CNX_ElemAlg_Figure_02_03_012l_img_new.jpg	image/jpeg	19121	90ba0fc0c2fde7074ad954993bc0c873415c019d98e8c36450a11daf0babd8e1	1
../../media/CNX_ElemAlg_Figure_02_03_013a_img_new.jpg	media/CNX_ElemAlg_Figure_02_03_013a_img_new.jpg	image/jpeg	22816	38c937443fd3f54676185235b03ceab67aad70d9f7eb339c21240228c9fd7cda	1
../../media/CNX_ElemAlg_Figure_02_03_013b_img_new.jpg	media/CNX_ElemAlg_Figure_02_03_013b_img_new.jpg	image/jpeg	22094	f26c3aab4b7d5ef8a04e4fde2b5512b5e956b28a0bb9f4d1aec956c9b8763fc4	1
../../media/CNX_ElemAlg_Figure_02_03_013c_img_new.jpg	media/CNX_ElemAlg_Figure_02_03_013c_img_new.jpg	image/jpeg	15696	3acd90690861eb07e3acabc0ce4edab44d305c512347089a39c4915fb4d630a0	1
../../media/CNX_ElemAlg_Figure_02_03_013d_img_new.jpg	media/CNX_ElemAlg_Figure_02_03_013d_img_new.jpg	image/jpeg	17652	b31eb48523f09cea5ec8c95c4ecdc82ac5c023457b51c0e51ce800390105028e	1
../../media/CNX_ElemAlg_Figure_02_03_013e_img_new.jpg	media/CNX_ElemAlg_Figure_02_03_013e_img_new.jpg	image/jpeg	15862	74e787e4cfe2ec6949850bf88d7419ffb27eb5db146e3f2ec0481fba15a22c38	1
../../media/CNX_ElemAlg_Figure_02_03_014a_img_new.jpg	media/CNX_ElemAlg_Figure_02_03_014a_img_new.jpg	image/jpeg	11265	e14d588b8f1eb5d8e1e4efa4185e3829c1a0d7c6a7da36a7e8edf8b61056c793	1
../../media/CNX_ElemAlg_Figure_02_03_014b_img_new.jpg	media/CNX_ElemAlg_Figure_02_03_014b_img_new.jpg	image/jpeg	14658	599fe438d22a9f1e0d0371317367ed7dc26f5d5f132d3a04c88cffb9e5158888	1
../../media/CNX_ElemAlg_Figure_02_03_014c_img_new.jpg	media/CNX_ElemAlg_Figure_02_03_014c_img_new.jpg	image/jpeg	12159	70e55a051a750e788164b102ac58b5b7d4ab4b6ee3a805814cbbc4cdc90f0f04	1
../../media/CNX_ElemAlg_Figure_02_03_014d_img_new.jpg	media/CNX_ElemAlg_Figure_02_03_014d_img_new.jpg	image/jpeg	11362	7dc3871869f7a7e0b8c29c4ebf42e03cdc496f3d6ade99cf2bc73aa8d1407375	1
../../media/CNX_ElemAlg_Figure_02_03_014e_img_new.jpg	media/CNX_ElemAlg_Figure_02_03_014e_img_new.jpg	image/jpeg	21580	5a574e464b801454b8c2ea1a1dd3666d88207335bf75b654f626f9881dc9bc4c	1
../../media/CNX_ElemAlg_Figure_02_03_014f_img_new.jpg	media/CNX_ElemAlg_Figure_02_03_014f_img_new.jpg	image/jpeg	17357	627f9b1886d65f337831f0e51506429053505450a789387231d406399778bce3	1
../../media/CNX_ElemAlg_Figure_02_03_014g_img_new.jpg	media/CNX_ElemAlg_Figure_02_03_014g_img_new.jpg	image/jpeg	12974	d81912ba3d72ca6ce778e90cce0989b7349c89ba8ed792b20de841dbaccc7fed	1
../../media/CNX_ElemAlg_Figure_02_03_014h_img_new.jpg	media/CNX_ElemAlg_Figure_02_03_014h_img_new.jpg	image/jpeg	15269	f432fff066aebf0bf7ee3dabc0545a7618f7d4c4a30270170eb64443a97f341f	1
../../media/CNX_ElemAlg_Figure_02_03_014i_img_new.jpg	media/CNX_ElemAlg_Figure_02_03_014i_img_new.jpg	image/jpeg	13461	6f6839007e6c137c9d2ec26a3f2043c96df07a655bc6ad4bb301f7eebbf0ca21	1
../../media/CNX_ElemAlg_Figure_02_03_014j_img_new.jpg	media/CNX_ElemAlg_Figure_02_03_014j_img_new.jpg	image/jpeg	17339	22e5ea2a13d86b6662d795e6a7f238977c98c28395db2d263269af793e95879a	1
../../media/CNX_ElemAlg_Figure_02_03_014k_img_new.jpg	media/CNX_ElemAlg_Figure_02_03_014k_img_new.jpg	image/jpeg	13203	fe615bab1d0facc8c0b68044eac6b68aca0865de409470db40291057658d56eb	1
../../media/CNX_ElemAlg_Figure_02_03_201_img_new.jpg	media/CNX_ElemAlg_Figure_02_03_201_img_new.jpg	image/jpeg	70187	e67a8fbc6db9a8ff2d01ac0e72c5a763b7736d3328317f3d150662c7a427d10b	1
../../media/CNX_ElemAlg_Figure_02_04_001a_img_new.jpg	media/CNX_ElemAlg_Figure_02_04_001a_img_new.jpg	image/jpeg	49913	7051677a4ea27353491532488b59eb3ea0bcc51192f9b6d0fba518929245f044	1
../../media/CNX_ElemAlg_Figure_02_04_001b_img_new.jpg	media/CNX_ElemAlg_Figure_02_04_001b_img_new.jpg	image/jpeg	38793	ca3f4337428d0abc962b2ccd595546b5ce82e2387686ae3b9464b28892e72a31	1
../../media/CNX_ElemAlg_Figure_02_04_001c_img_new.jpg	media/CNX_ElemAlg_Figure_02_04_001c_img_new.jpg	image/jpeg	46984	6f2f5fc22e84341ef050d48c896c74a32bec3c7569ec644fe359719a8868985f	1
../../media/CNX_ElemAlg_Figure_02_04_001d_img_new.jpg	media/CNX_ElemAlg_Figure_02_04_001d_img_new.jpg	image/jpeg	41971	805b0bf9341fcc53e1f60965792c5005af031557767c16fd850190743b051573	1
../../media/CNX_ElemAlg_Figure_02_04_001e_img_new.jpg	media/CNX_ElemAlg_Figure_02_04_001e_img_new.jpg	image/jpeg	43520	4114966f44ddfac596733d34db9ddc495a98373a8781bbb54fa486d3f1e34775	1
../../media/CNX_ElemAlg_Figure_02_04_002a_img_new.jpg	media/CNX_ElemAlg_Figure_02_04_002a_img_new.jpg	image/jpeg	13225	d8795d2484abb22f160f58ff786b03147668b5007da207c1decc79c8d6311635	1
../../media/CNX_ElemAlg_Figure_02_04_002b_img_new.jpg	media/CNX_ElemAlg_Figure_02_04_002b_img_new.jpg	image/jpeg	14516	88d6b2887a8e59f0466b6a72a9e01a8cad8397b45fb73b183dfd4b5cf61a161e	1
../../media/CNX_ElemAlg_Figure_02_04_002c_img_new.jpg	media/CNX_ElemAlg_Figure_02_04_002c_img_new.jpg	image/jpeg	12792	5da970a0ec159b3983130af6fc1bced4486ebc9c2b3ffcc7ca0e417357a4aa5b	1
../../media/CNX_ElemAlg_Figure_02_04_002d_img_new.jpg	media/CNX_ElemAlg_Figure_02_04_002d_img_new.jpg	image/jpeg	12307	f7d41632af1be5ade6f90168924d92a775baeb54df77c815c2dd6ed45ca8a2a2	1
../../media/CNX_ElemAlg_Figure_02_04_002e_img_new.jpg	media/CNX_ElemAlg_Figure_02_04_002e_img_new.jpg	image/jpeg	13803	dccc038f4c7b9eeabf516d849c77f5222ced521ecda3d7ee07af525d4583557e	1
../../media/CNX_ElemAlg_Figure_02_04_002f_img_new.jpg	media/CNX_ElemAlg_Figure_02_04_002f_img_new.jpg	image/jpeg	13495	93e31d48c410b2eaf5a9cc9e0fd593d66b0de513dfa96c32dbf18ae0d62794d7	1
../../media/CNX_ElemAlg_Figure_02_04_002g_img_new.jpg	media/CNX_ElemAlg_Figure_02_04_002g_img_new.jpg	image/jpeg	17098	5f1d7a9f47ff4cb5ae7e822060b9ab33dd505d444955987d0220617cb431e69b	1
../../media/CNX_ElemAlg_Figure_02_04_002h_img_new.jpg	media/CNX_ElemAlg_Figure_02_04_002h_img_new.jpg	image/jpeg	14026	f618413795e54b11261d983d188b642de1af53b3d4de6efa258afa779e15ca68	1
../../media/CNX_ElemAlg_Figure_02_04_002i_img_new.jpg	media/CNX_ElemAlg_Figure_02_04_002i_img_new.jpg	image/jpeg	14501	27f0d52adcce5e725766c00da525fc09749d00bdd81ef55ebf98bcdb018c5eeb	1
../../media/CNX_ElemAlg_Figure_02_04_002j_img_new.jpg	media/CNX_ElemAlg_Figure_02_04_002j_img_new.jpg	image/jpeg	16960	bcb3722bbad8444795f04c9dd12c9cf0c754115019c2ffc4ee15fbd39821bf08	1
../../media/CNX_ElemAlg_Figure_02_04_002k_img_new.jpg	media/CNX_ElemAlg_Figure_02_04_002k_img_new.jpg	image/jpeg	14951	7a6f31ca2ad1fc1817b74d5153a5ea77fff43b0b0a260cdf857f45ec6abb3a6b	1
../../media/CNX_ElemAlg_Figure_02_04_004a_img_new.jpg	media/CNX_ElemAlg_Figure_02_04_004a_img_new.jpg	image/jpeg	12459	49ce9514ec3718522681b6b7db6b8e32058bb63514ffb27f3d9436017bb9397a	1
../../media/CNX_ElemAlg_Figure_02_04_004b_img_new.jpg	media/CNX_ElemAlg_Figure_02_04_004b_img_new.jpg	image/jpeg	13812	eb06e732fc7aac4bc2958c9d18a3e9157006398616bdc4a5ddf8117ab3ee01a2	1
../../media/CNX_ElemAlg_Figure_02_04_004c_img_new.jpg	media/CNX_ElemAlg_Figure_02_04_004c_img_new.jpg	image/jpeg	13457	88b1f2c550b7d4eda4e46d394d708988fe657b82e6cb43c7519ea0506002584b	1
../../media/CNX_ElemAlg_Figure_02_04_004d_img_new.jpg	media/CNX_ElemAlg_Figure_02_04_004d_img_new.jpg	image/jpeg	12940	c98ab623c811cb6d88e1ada59e809d1810cdc3f6ddb7adb5d817fd3a1ef9eb7d	1
../../media/CNX_ElemAlg_Figure_02_04_004e_img_new.jpg	media/CNX_ElemAlg_Figure_02_04_004e_img_new.jpg	image/jpeg	12514	302f270a182330e6449ea6bcce423c161b2d59ec21b38cb29d91f9eb7365a4da	1
../../media/CNX_ElemAlg_Figure_02_04_004f_img_new.jpg	media/CNX_ElemAlg_Figure_02_04_004f_img_new.jpg	image/jpeg	14978	21e86afeb82ac01c365e28c433ac2a4c8b345c90b93586e5d4f92ee675edbe62	1
../../media/CNX_ElemAlg_Figure_02_04_004g_img_new.jpg	media/CNX_ElemAlg_Figure_02_04_004g_img_new.jpg	image/jpeg	15119	632b3d00a7abf5415864b62e935bad82d2bdc25d1e439d8f5bb9b64b480e0233	1
../../media/CNX_ElemAlg_Figure_02_04_004h_img_new.jpg	media/CNX_ElemAlg_Figure_02_04_004h_img_new.jpg	image/jpeg	14397	a1421d94ef815e8b378a00f3c54019cf3f25c910c307b20527a58b57ee843a7e	1
../../media/CNX_ElemAlg_Figure_02_04_004i_img_new.jpg	media/CNX_ElemAlg_Figure_02_04_004i_img_new.jpg	image/jpeg	18297	2ecfb98fcc100e4cec9732eb6fe7d8782ebc9841cf1ade0b0ae410a87b1c2c28	1
../../media/CNX_ElemAlg_Figure_02_04_004j_img_new.jpg	media/CNX_ElemAlg_Figure_02_04_004j_img_new.jpg	image/jpeg	13721	30f06a5f2015d9ecd5f498da63aca825916bdc63cef9bce324edf1bbac6511f1	1
../../media/CNX_ElemAlg_Figure_02_04_004k_img_new.jpg	media/CNX_ElemAlg_Figure_02_04_004k_img_new.jpg	image/jpeg	16676	524eb46a64ab100048d9a1c9c1c9238831a0f82073fb805f10dcfe17c668dbce	1
../../media/CNX_ElemAlg_Figure_02_04_004l_img_new.jpg	media/CNX_ElemAlg_Figure_02_04_004l_img_new.jpg	image/jpeg	13735	e3125dcc5072d4839c98324c94272f5bcba847d2e63b535e420cbcc9c0798440	1
../../media/CNX_ElemAlg_Figure_02_04_006a_img_new.jpg	media/CNX_ElemAlg_Figure_02_04_006a_img_new.jpg	image/jpeg	13102	8a5ba06946f824ad88afe906523fa68ac5b8d897b2cc99498146762cc94ea283	1
../../media/CNX_ElemAlg_Figure_02_04_006b_img_new.jpg	media/CNX_ElemAlg_Figure_02_04_006b_img_new.jpg	image/jpeg	14723	0fa4df4753107380556dcf39f5091b6dd34e8e47367fba35b04497e401c523f8	1
../../media/CNX_ElemAlg_Figure_02_04_006c_img_new.jpg	media/CNX_ElemAlg_Figure_02_04_006c_img_new.jpg	image/jpeg	13459	eb6acf956dd1384ff73fd02a611dd1295970e75d5a5abfef1e0634049ea9a54c	1
../../media/CNX_ElemAlg_Figure_02_04_006d_img_new.jpg	media/CNX_ElemAlg_Figure_02_04_006d_img_new.jpg	image/jpeg	12809	5999c7d32aa698a26510558b3a2826b4d48d3e38b066ad67a94bd41fd3188459	1
../../media/CNX_ElemAlg_Figure_02_04_006e_img_new.jpg	media/CNX_ElemAlg_Figure_02_04_006e_img_new.jpg	image/jpeg	11439	25db71fb086b4fae5629d320ee58775ce50be4f55dff843f6a7849748876a831	1
../../media/CNX_ElemAlg_Figure_02_04_006f_img_new.jpg	media/CNX_ElemAlg_Figure_02_04_006f_img_new.jpg	image/jpeg	15192	392d58cdc5dd30fc9ceb003cfc7c1876bcc203b9bae05f34e2d797cecd09bd0b	1
../../media/CNX_ElemAlg_Figure_02_04_006g_img_new.jpg	media/CNX_ElemAlg_Figure_02_04_006g_img_new.jpg	image/jpeg	13804	6b23a6a2114c76faf2e4a18ed27a7bcc26393b9237b89302e355de5af50abbff	1
../../media/CNX_ElemAlg_Figure_02_04_006h_img_new.jpg	media/CNX_ElemAlg_Figure_02_04_006h_img_new.jpg	image/jpeg	17641	7426a4cc11c529d4944a3cf2d6bb843607756b96323c27af8af6b7cef672bea2	1
../../media/CNX_ElemAlg_Figure_02_04_006i_img_new.jpg	media/CNX_ElemAlg_Figure_02_04_006i_img_new.jpg	image/jpeg	13905	1ecc73d890d2a9d9e6408a1c594fcd7991fcaffaa83d069f62fe2431249f6a02	1
../../media/CNX_ElemAlg_Figure_02_04_006j_img_new.jpg	media/CNX_ElemAlg_Figure_02_04_006j_img_new.jpg	image/jpeg	17180	7240ec1f04fc20af39de4c8e0d141dd54aad2c843aecf8807cc16b4c60f871d4	1
../../media/CNX_ElemAlg_Figure_02_04_006k_img_new.jpg	media/CNX_ElemAlg_Figure_02_04_006k_img_new.jpg	image/jpeg	14140	22f0014c88aea78189b78ddada99cded55e4ba134c5a4ab83aee3c77fb442109	1
../../media/CNX_ElemAlg_Figure_02_04_006l_img_new.jpg	media/CNX_ElemAlg_Figure_02_04_006l_img_new.jpg	image/jpeg	17301	0a40a5daabb1bbe542fd6dda6857e05740b2cee5cdf2e57d23752b161395e5d5	1
../../media/CNX_ElemAlg_Figure_02_04_006m_img_new.jpg	media/CNX_ElemAlg_Figure_02_04_006m_img_new.jpg	image/jpeg	14493	bf3d74526a7f2c3a730e375f7afe93288a4fef7bfddb3256523ffd991ca38bde	1
../../media/CNX_ElemAlg_Figure_02_04_008a_img_new.jpg	media/CNX_ElemAlg_Figure_02_04_008a_img_new.jpg	image/jpeg	27707	4182540dedb2d2e33331c0681339eb67224c54a27725e89f2d80f459ce0b36c6	1
../../media/CNX_ElemAlg_Figure_02_04_008b_img_new.jpg	media/CNX_ElemAlg_Figure_02_04_008b_img_new.jpg	image/jpeg	14911	cd603bfeb78fc03f11b037ca7717014f0b3326039c0792eb8d6fec7f8f279a75	1
../../media/CNX_ElemAlg_Figure_02_04_008c_img_new.jpg	media/CNX_ElemAlg_Figure_02_04_008c_img_new.jpg	image/jpeg	14615	3e95771dc3d89a819423f075866a8c88a055add5fb71e1e9db17b577c6717469	1
../../media/CNX_ElemAlg_Figure_02_04_008d_img_new.jpg	media/CNX_ElemAlg_Figure_02_04_008d_img_new.jpg	image/jpeg	14088	1e168dd65a2ef9e0aa5cac92a83d84075b92fa80c68655cd528ec7529ffb41a4	1
../../media/CNX_ElemAlg_Figure_02_04_008e_img_new.jpg	media/CNX_ElemAlg_Figure_02_04_008e_img_new.jpg	image/jpeg	17273	173d571f5a39648f8022c64bd323402333d62523e6ca08682a8c20e2b513433e	1
../../media/CNX_ElemAlg_Figure_02_04_008f_img_new.jpg	media/CNX_ElemAlg_Figure_02_04_008f_img_new.jpg	image/jpeg	14277	3a965efdd9866917f76a6403adc34de6676f13fcff2c1415980b09dc47e5cfd5	1
../../media/CNX_ElemAlg_Figure_02_04_008g_img_new.jpg	media/CNX_ElemAlg_Figure_02_04_008g_img_new.jpg	image/jpeg	17563	e66e81b8968463787c4fce0288a1d9f27d54b6638babc53fa395d651d99598ec	1
../../media/CNX_ElemAlg_Figure_02_04_008h_img_new.jpg	media/CNX_ElemAlg_Figure_02_04_008h_img_new.jpg	image/jpeg	15437	683df9db93c45eb6f3b4135abd72eaac509bb2ed24749609f4457c93a26fbe22	1
../../media/CNX_ElemAlg_Figure_02_04_010a_img_new.jpg	media/CNX_ElemAlg_Figure_02_04_010a_img_new.jpg	image/jpeg	13227	e16c50c42465e3698b75da4a5b973ba0ebe8ca2d4519c5b19fb824545bdd9921	1
../../media/CNX_ElemAlg_Figure_02_04_010b_img_new.jpg	media/CNX_ElemAlg_Figure_02_04_010b_img_new.jpg	image/jpeg	20101	34e68a36e7fa9d2d6dc7fa5b36eb71a00a3450651de189e4767f3fb48e0bc738	1
../../media/CNX_ElemAlg_Figure_02_04_010c_img_new.jpg	media/CNX_ElemAlg_Figure_02_04_010c_img_new.jpg	image/jpeg	15649	3871925dba4a4374b053720c5ec69b386836a05e196835b33f13d77c8295b616	1
../../media/CNX_ElemAlg_Figure_02_04_010d_img_new.jpg	media/CNX_ElemAlg_Figure_02_04_010d_img_new.jpg	image/jpeg	13568	5b7e0d4af3e5c050dd3c37a530f6487df63fd5fa02a6bc2190558774084f13f1	1
../../media/CNX_ElemAlg_Figure_02_04_010e_img_new.jpg	media/CNX_ElemAlg_Figure_02_04_010e_img_new.jpg	image/jpeg	13109	37ef5f0050c7bc16866406e79dfb35689e0e7aa925c6d3146e2e44391292a106	1
../../media/CNX_ElemAlg_Figure_02_04_010f_img_new.jpg	media/CNX_ElemAlg_Figure_02_04_010f_img_new.jpg	image/jpeg	12766	49993595a4875c98150d4e906bf7b46a4a9d47427735711dffe20274b15f26c2	1
../../media/CNX_ElemAlg_Figure_02_04_010g_img_new.jpg	media/CNX_ElemAlg_Figure_02_04_010g_img_new.jpg	image/jpeg	15720	5ca727b33c226d26ebc3a53ef892f089dce203375d138e56fcf5ae7972b9c360	1
../../media/CNX_ElemAlg_Figure_02_04_010h_img_new.jpg	media/CNX_ElemAlg_Figure_02_04_010h_img_new.jpg	image/jpeg	15724	2f4f3bd62a05b192d88281f8b30660fb243fdf75d311ece9e260fa944ecbfdea	1
../../media/CNX_ElemAlg_Figure_02_04_010i_img_new.jpg	media/CNX_ElemAlg_Figure_02_04_010i_img_new.jpg	image/jpeg	15022	d89ee61d3797f04fe029b7ee968b9e50f75d7f7953e1e5e1f56cd333d9c7be38	1
../../media/CNX_ElemAlg_Figure_02_04_010j_img_new.jpg	media/CNX_ElemAlg_Figure_02_04_010j_img_new.jpg	image/jpeg	18075	665477817849c40187394ae8ab48a62b73678cd2b910330605273daf64e0e67b	1
../../media/CNX_ElemAlg_Figure_02_04_010k_img_new.jpg	media/CNX_ElemAlg_Figure_02_04_010k_img_new.jpg	image/jpeg	15119	1edd5f70079c4b91adc9f17b1f2c410253376cfccc89baa5d0027b9d2b3e6737	1
../../media/CNX_ElemAlg_Figure_02_04_010l_img_new.jpg	media/CNX_ElemAlg_Figure_02_04_010l_img_new.jpg	image/jpeg	17960	74035d11db3fcea321c4a020c751edd4aa46ebdfbe6007ce96bed8ceea2afa3c	1
../../media/CNX_ElemAlg_Figure_02_04_010m_img_new.jpg	media/CNX_ElemAlg_Figure_02_04_010m_img_new.jpg	image/jpeg	15349	b316fbc4b6264963d05c84c6b6797b60dfb9bf10e872ee4eec78c19ff83b0655	1
../../media/CNX_ElemAlg_Figure_02_04_010n_img_new.jpg	media/CNX_ElemAlg_Figure_02_04_010n_img_new.jpg	image/jpeg	18096	543d38f3c9069949585c298d0cf903a63b94bf76752b958512a9fbe4a621e200	1
../../media/CNX_ElemAlg_Figure_02_04_010o_img_new.jpg	media/CNX_ElemAlg_Figure_02_04_010o_img_new.jpg	image/jpeg	16545	1f494d88b9ea4733821596403020d471aa08009d734ea221a3970e7ef9ad34a6	1
../../media/CNX_ElemAlg_Figure_02_04_012a_img_new.jpg	media/CNX_ElemAlg_Figure_02_04_012a_img_new.jpg	image/jpeg	14521	1cf535ec23fc51d092eb9dc1a837e4fbc5a4fd58c5c10e10d5f83d28f58c1206	1
../../media/CNX_ElemAlg_Figure_02_04_012b_img_new.jpg	media/CNX_ElemAlg_Figure_02_04_012b_img_new.jpg	image/jpeg	17114	477d0b6f4c3d2e4607aff6529093e2eeb5a0a847045e825362eb1f3c658713c0	1
../../media/CNX_ElemAlg_Figure_02_04_012c_img_new.jpg	media/CNX_ElemAlg_Figure_02_04_012c_img_new.jpg	image/jpeg	15822	191ab977e06507f98df5f00d16196b1ed876000976a82c273626d7031ec25b72	1
../../media/CNX_ElemAlg_Figure_02_04_012d_img_new.jpg	media/CNX_ElemAlg_Figure_02_04_012d_img_new.jpg	image/jpeg	15039	e6b346abad6d0b2372a06e75bfe34e3ec01718edc1c08daeb60dc4fb8e8e2322	1
../../media/CNX_ElemAlg_Figure_02_04_012e_img_new.jpg	media/CNX_ElemAlg_Figure_02_04_012e_img_new.jpg	image/jpeg	15196	afa7eb7cd585127748be2ba739dc377a3c38460b392bd7001e59e0b3cf382bed	1
../../media/CNX_ElemAlg_Figure_02_04_012f_img_new.jpg	media/CNX_ElemAlg_Figure_02_04_012f_img_new.jpg	image/jpeg	15044	1fd6bacf2fa7719143af940993e61485b59c2b62c4ecc2df6564db5d537304f8	1
../../media/CNX_ElemAlg_Figure_02_04_012g_img_new.jpg	media/CNX_ElemAlg_Figure_02_04_012g_img_new.jpg	image/jpeg	15024	ddeaca0510c1ea819f40a85cc31d472bbe74c62df1130f0f11c4d76295a1eb9f	1
../../media/CNX_ElemAlg_Figure_02_04_012h_img_new.jpg	media/CNX_ElemAlg_Figure_02_04_012h_img_new.jpg	image/jpeg	18448	75388db94d580405278b90fde6d8b81076d2f96506bf883fb1c944ecdf1fe8d4	1
../../media/CNX_ElemAlg_Figure_02_04_012i_img_new.jpg	media/CNX_ElemAlg_Figure_02_04_012i_img_new.jpg	image/jpeg	18788	36667743b10d9523c0e82202029ac176b1a7641ca64ab7e781388774b8d8836c	1
../../media/CNX_ElemAlg_Figure_02_04_012j_img_new.jpg	media/CNX_ElemAlg_Figure_02_04_012j_img_new.jpg	image/jpeg	18567	62caf66a9d336d1972ae5eeeea59e493f3b0908bd962a94df6f64ae29e24c16f	1
../../media/CNX_ElemAlg_Figure_02_04_012k_img_new.jpg	media/CNX_ElemAlg_Figure_02_04_012k_img_new.jpg	image/jpeg	18623	07340f4c8b04079134da3a674654f0fb097c490f7f844b260af15f1dc09f53af	1
../../media/CNX_ElemAlg_Figure_02_04_012l_img_new.jpg	media/CNX_ElemAlg_Figure_02_04_012l_img_new.jpg	image/jpeg	23500	607c9e33ad3e22111a6ea4479b4689b7df60044027e267e589fedeae4059e231	1
../../media/CNX_ElemAlg_Figure_02_04_012m_img_new.jpg	media/CNX_ElemAlg_Figure_02_04_012m_img_new.jpg	image/jpeg	18810	a3e94797ae987091d5d43a901d388e7b9ed508cc3dd66a7986c4749f1e4887eb	1
../../media/CNX_ElemAlg_Figure_02_04_012n_img_new.jpg	media/CNX_ElemAlg_Figure_02_04_012n_img_new.jpg	image/jpeg	22658	bb612cedb62592c18af0f4782a701a512c0f3aaba19cf9d5b8a4282bb8faa125	1
../../media/CNX_ElemAlg_Figure_02_04_012o_img_new.jpg	media/CNX_ElemAlg_Figure_02_04_012o_img_new.jpg	image/jpeg	18502	abbaeb58855aead58a48bd9e0c205205e5e3f50c26eb4037c8b2b9ca4c7502c9	1
../../media/CNX_ElemAlg_Figure_02_04_012p_img_new.jpg	media/CNX_ElemAlg_Figure_02_04_012p_img_new.jpg	image/jpeg	22094	030badc1f8dc354cf974b721d4d55318b0372f53296500e3fc9eeef2f6466f2f	1
../../media/CNX_ElemAlg_Figure_02_04_012q_img_new.jpg	media/CNX_ElemAlg_Figure_02_04_012q_img_new.jpg	image/jpeg	18411	d620b948d4e134e4a0b270e1c9336adab3fd0b44164a0373e2631f57fcf3b944	1
../../media/CNX_ElemAlg_Figure_02_04_014a_img_new.jpg	media/CNX_ElemAlg_Figure_02_04_014a_img_new.jpg	image/jpeg	15709	2ce18a3a38c31bd96a8a3202a8d253de3e4740e40fda369d70cfeaabc5bf1fff	1
../../media/CNX_ElemAlg_Figure_02_04_014b_img_new.jpg	media/CNX_ElemAlg_Figure_02_04_014b_img_new.jpg	image/jpeg	18497	edcfe62166a244d1ab76219c55bfa6bf6265a697a8db6b25f7c92393eb0a1b5f	1
../../media/CNX_ElemAlg_Figure_02_04_014c_img_new.jpg	media/CNX_ElemAlg_Figure_02_04_014c_img_new.jpg	image/jpeg	16431	febb380e5c0ae4ff7e57ef2cf5409be604d18482114129b4612aea917d3bf412	1
../../media/CNX_ElemAlg_Figure_02_04_014d_img_new.jpg	media/CNX_ElemAlg_Figure_02_04_014d_img_new.jpg	image/jpeg	15319	3f571bf2f7978388b13eaf916de953ab08682ffe768eaee2441621a7781cc75e	1
../../media/CNX_ElemAlg_Figure_02_04_014e_img_new.jpg	media/CNX_ElemAlg_Figure_02_04_014e_img_new.jpg	image/jpeg	14385	61a988ccbaf239d9b569cee2ff32cf7021e6c84b3510060dad8fc56cfa280127	1
../../media/CNX_ElemAlg_Figure_02_04_014f_img_new.jpg	media/CNX_ElemAlg_Figure_02_04_014f_img_new.jpg	image/jpeg	17903	e492010bf452ea34b73f1bdc4141ec54b55e97708947697de67f20025ad58800	1
../../media/CNX_ElemAlg_Figure_02_04_014g_img_new.jpg	media/CNX_ElemAlg_Figure_02_04_014g_img_new.jpg	image/jpeg	16350	507cf24942e01023d5deffc303119da2d8183cabc5c51e10522b9c419fcfbbf9	1
../../media/CNX_ElemAlg_Figure_02_04_014h_img_new.jpg	media/CNX_ElemAlg_Figure_02_04_014h_img_new.jpg	image/jpeg	20045	c0725b115c87ae20aa8ac8dc12af0f0062dc61f9e3336be5746a7e2affe0f75b	1
../../media/CNX_ElemAlg_Figure_02_04_014i_img_new.jpg	media/CNX_ElemAlg_Figure_02_04_014i_img_new.jpg	image/jpeg	15971	b1351752ed92f0a10084499f9eef20971e50b1d484a49d2073b1d264744c92e6	1
../../media/CNX_ElemAlg_Figure_02_04_014j_img_new.jpg	media/CNX_ElemAlg_Figure_02_04_014j_img_new.jpg	image/jpeg	19093	f6c5b945436f7de06dc0ede047e6621a2647721382b14f3a6a4b14b4ae98622f	1
../../media/CNX_ElemAlg_Figure_02_04_014k_img_new.jpg	media/CNX_ElemAlg_Figure_02_04_014k_img_new.jpg	image/jpeg	16260	051f4508be1f816a7ff720e7cce4e86779ea59775871993fec2170b92cd6db3e	1
../../media/CNX_ElemAlg_Figure_02_04_014l_img_new.jpg	media/CNX_ElemAlg_Figure_02_04_014l_img_new.jpg	image/jpeg	19223	59f02d621573701a972b98680266ee9848ae1c33de731af0cbc9f37812885a42	1
../../media/CNX_ElemAlg_Figure_02_04_014m_img_new.jpg	media/CNX_ElemAlg_Figure_02_04_014m_img_new.jpg	image/jpeg	16765	d3264fc038ae2f4edfbcc50353ce10154f1c99c9faf85534c070ec770d8a8457	1
../../media/CNX_ElemAlg_Figure_02_04_016_img_new.jpg	media/CNX_ElemAlg_Figure_02_04_016_img_new.jpg	image/jpeg	56785	54985790f2f348807bac9cb82fdf0a8116a04fc38f9553738c1e5fc1f248ec4c	1
../../media/CNX_ElemAlg_Figure_02_04_017a_img_new.jpg	media/CNX_ElemAlg_Figure_02_04_017a_img_new.jpg	image/jpeg	15276	d281ffae248d071e1717186ea945a90db8224c65b029e2934e09b08b738e77c5	1
../../media/CNX_ElemAlg_Figure_02_04_017b_img_new.jpg	media/CNX_ElemAlg_Figure_02_04_017b_img_new.jpg	image/jpeg	15466	5e291b062f1bf10312d9755c5f7b5a767ce427096521f604ef6ad12c2dad2c94	1
../../media/CNX_ElemAlg_Figure_02_04_017c_img_new.jpg	media/CNX_ElemAlg_Figure_02_04_017c_img_new.jpg	image/jpeg	19302	0b8328a53d5ecdaaa7f4fe93d86659446ac0a124b7dfd4b47cc912d8aed13479	1
../../media/CNX_ElemAlg_Figure_02_04_017d_img_new.jpg	media/CNX_ElemAlg_Figure_02_04_017d_img_new.jpg	image/jpeg	13638	32e8cfed924d9bfe83ef8179b67345be1e256288534906b61c30753d9ab3a7db	1
../../media/CNX_ElemAlg_Figure_02_04_018a_img_new.jpg	media/CNX_ElemAlg_Figure_02_04_018a_img_new.jpg	image/jpeg	13383	1a13ff338e6c8ae2c97dfe0153743e7e7f186d67993ae820b1d998b2e658cb58	1
../../media/CNX_ElemAlg_Figure_02_04_018b_img_new.jpg	media/CNX_ElemAlg_Figure_02_04_018b_img_new.jpg	image/jpeg	17578	f41266d14475916a7465ee622b780b8fc5631947c24167fa480adcf7f61f7733	1
../../media/CNX_ElemAlg_Figure_02_04_018c_img_new.jpg	media/CNX_ElemAlg_Figure_02_04_018c_img_new.jpg	image/jpeg	13946	cbe1b93551ccd904c1eee0b8b3d3c82bb21044cd52e2b5306ba3b6ada8a8fcfd	1
../../media/CNX_ElemAlg_Figure_02_04_019a_img_new.jpg	media/CNX_ElemAlg_Figure_02_04_019a_img_new.jpg	image/jpeg	17296	5378d82ff8b35ec7c24d210c23593bf07f0f15da36e49761f0dfd9142fd4c080	1
../../media/CNX_ElemAlg_Figure_02_04_019b_img_new.jpg	media/CNX_ElemAlg_Figure_02_04_019b_img_new.jpg	image/jpeg	17150	4a6f49f5ab2331c44b2df474a693e03c31b18a855e62c03003e6da4751424814	1
../../media/CNX_ElemAlg_Figure_02_04_019c_img_new.jpg	media/CNX_ElemAlg_Figure_02_04_019c_img_new.jpg	image/jpeg	15722	ba1d7ec0e830ff11a528597066fb9c5356dfd5419f6ed58adec176eeb12600c5	1
../../media/CNX_ElemAlg_Figure_02_04_019d_img_new.jpg	media/CNX_ElemAlg_Figure_02_04_019d_img_new.jpg	image/jpeg	18994	c1ba401809d82a57b32e7792e9f0b89f9427f88a232d1971278e130ec78e5563	1
../../media/CNX_ElemAlg_Figure_02_04_019e_img_new.jpg	media/CNX_ElemAlg_Figure_02_04_019e_img_new.jpg	image/jpeg	14893	0cd06bf0392abf6ecfb77ba4b88f545ed7b7c2cc23a15a14d302c01463e182c2	1
../../media/CNX_ElemAlg_Figure_02_04_020a_img_new.jpg	media/CNX_ElemAlg_Figure_02_04_020a_img_new.jpg	image/jpeg	16092	5de1372efc256c1b71c363dbe7b5a4d90849896dd5410af88389d717199d60d7	1
../../media/CNX_ElemAlg_Figure_02_04_020b_img_new.jpg	media/CNX_ElemAlg_Figure_02_04_020b_img_new.jpg	image/jpeg	16343	d67345415d6ff52572aa288ba83ef7e01b7f5150d09cf36fe314ab2aea30d729	1
../../media/CNX_ElemAlg_Figure_02_04_020c_img_new.jpg	media/CNX_ElemAlg_Figure_02_04_020c_img_new.jpg	image/jpeg	15314	091a5043e3330c340735d152e0d7f975e03656b1a8254745f521788f2a488683	1
../../media/CNX_ElemAlg_Figure_02_04_020d_img_new.jpg	media/CNX_ElemAlg_Figure_02_04_020d_img_new.jpg	image/jpeg	19640	00a322b05697b9e84e0b2f47441f0589efa5981d1c52cb6dc09e4203b715625b	1
../../media/CNX_ElemAlg_Figure_02_04_020e_img_new.jpg	media/CNX_ElemAlg_Figure_02_04_020e_img_new.jpg	image/jpeg	15537	ac43c7b3b426f19154ec22c8db1cc0d68758e3475858cbaf700929f5efcafd52	1
../../media/CNX_ElemAlg_Figure_02_04_020f_img_new.jpg	media/CNX_ElemAlg_Figure_02_04_020f_img_new.jpg	image/jpeg	18655	cef79f29880f38a63fea36e873e7b86192b2fd591640ff62386bb4571b84701e	1
../../media/CNX_ElemAlg_Figure_02_04_020g_img_new.jpg	media/CNX_ElemAlg_Figure_02_04_020g_img_new.jpg	image/jpeg	16588	aa7edac99152b60feb0a6d94363d8c83b6e4a3a92155a182c9c54816aec98c15	1
../../media/CNX_ElemAlg_Figure_02_04_021a_img_new.jpg	media/CNX_ElemAlg_Figure_02_04_021a_img_new.jpg	image/jpeg	17417	3d98c46f17a7e2ce49667d7148d45450014445b3a156747aa8b92800e6fe5dbb	1
../../media/CNX_ElemAlg_Figure_02_04_021b_img_new.jpg	media/CNX_ElemAlg_Figure_02_04_021b_img_new.jpg	image/jpeg	17404	5d7b473c4087db8a7d4b0202cda39784d6dfc1a96215641128b61846df93a82e	1
../../media/CNX_ElemAlg_Figure_02_04_021c_img_new.jpg	media/CNX_ElemAlg_Figure_02_04_021c_img_new.jpg	image/jpeg	16830	256d3529b4be729cc14beaac33a753e24d6ce3d6a6e2bc7f22798affc321fb1f	1
../../media/CNX_ElemAlg_Figure_02_04_021d_img_new.jpg	media/CNX_ElemAlg_Figure_02_04_021d_img_new.jpg	image/jpeg	21168	fbfa89a2ab396b61ed20dc4fb35ed64f8ae1ddd09a25b710043fe32104f5986f	1
../../media/CNX_ElemAlg_Figure_02_04_021e_img_new.jpg	media/CNX_ElemAlg_Figure_02_04_021e_img_new.jpg	image/jpeg	16245	b42a16f03804eb76da0ccac9bfcdbf580b38129eb6b3dcf4f9fe5730f56e8ed6	1
../../media/CNX_ElemAlg_Figure_02_04_201_img_new.jpg	media/CNX_ElemAlg_Figure_02_04_201_img_new.jpg	image/jpeg	54660	55e56ff81377b2aaa9770b3b71183adab96f2e2decb6e35f910e3bae5e90dbe2	1
../../media/CNX_ElemAlg_Figure_02_05_001a_img_new.jpg	media/CNX_ElemAlg_Figure_02_05_001a_img_new.jpg	image/jpeg	17249	1702bb859fd39530b4e52bf762f37cfa1481dc729ab62d4304b6b01a3078438b	1
../../media/CNX_ElemAlg_Figure_02_05_001b_img_new.jpg	media/CNX_ElemAlg_Figure_02_05_001b_img_new.jpg	image/jpeg	21751	8e2dabd964db6afad802d8632752731aa2de508cb2cc6b9313ea1f216eff5c83	1
../../media/CNX_ElemAlg_Figure_02_05_001c_img_new.jpg	media/CNX_ElemAlg_Figure_02_05_001c_img_new.jpg	image/jpeg	17978	a7b45648c811daec1c4ce1bd8bf6ef04ff077add9eaaee8fd6131fa5c11f219e	1
../../media/CNX_ElemAlg_Figure_02_05_001d_img_new.jpg	media/CNX_ElemAlg_Figure_02_05_001d_img_new.jpg	image/jpeg	18486	b2c3567d242081858632fa9cdb5aae5f4008362bb2fff9a48588b9228fe187f0	1
../../media/CNX_ElemAlg_Figure_02_05_001e_img_new.jpg	media/CNX_ElemAlg_Figure_02_05_001e_img_new.jpg	image/jpeg	17880	0704867802c5c3327f28b8294139906f37e23987fc5a7a878a3165831205f374	1
../../media/CNX_ElemAlg_Figure_02_05_001f_img_new.jpg	media/CNX_ElemAlg_Figure_02_05_001f_img_new.jpg	image/jpeg	23490	dd666f6b499b51c573461c2c890132bd5c3f01cc84187c94aaa63d73dbc74cf0	1
../../media/CNX_ElemAlg_Figure_02_05_001h_img_new.jpg	media/CNX_ElemAlg_Figure_02_05_001h_img_new.jpg	image/jpeg	17522	6cb8032a18aec1ef9cf83119ae873e706d6b833b18dbb3bd327eb96a695a0f61	1
../../media/CNX_ElemAlg_Figure_02_05_002a_img_new.jpg	media/CNX_ElemAlg_Figure_02_05_002a_img_new.jpg	image/jpeg	47973	ea8de7df402461657e743f51ef2ed71b05b0925249d6172bd85c0d8b48d9056f	1
../../media/CNX_ElemAlg_Figure_02_05_002b_img_new.jpg	media/CNX_ElemAlg_Figure_02_05_002b_img_new.jpg	image/jpeg	65674	aa5e9f7f2ce320d7743875de28908a3b521b293c6c038941946527d9bed4ac64	1
../../media/CNX_ElemAlg_Figure_02_05_002c_img_new.jpg	media/CNX_ElemAlg_Figure_02_05_002c_img_new.jpg	image/jpeg	47984	8565c80f1dbb40440d9ea7018bc18f0f077c350903fe61a659c5fd385f68a4fd	1
../../media/CNX_ElemAlg_Figure_02_05_003a_img_new.jpg	media/CNX_ElemAlg_Figure_02_05_003a_img_new.jpg	image/jpeg	16516	819390bbb47518b7525da4d23b1e916148984bd68a69fa101e11a1e770faba67	1
../../media/CNX_ElemAlg_Figure_02_05_003b_img_new.jpg	media/CNX_ElemAlg_Figure_02_05_003b_img_new.jpg	image/jpeg	20758	f9c481f088f89e6a0bdfee162bda0970912a65533f5b509e4906598b602851df	1
../../media/CNX_ElemAlg_Figure_02_05_003c_img_new.jpg	media/CNX_ElemAlg_Figure_02_05_003c_img_new.jpg	image/jpeg	16051	94ebc122b31b32363c174a3d316c3f099ead15d513ccba3cd9fbc1ac692ed9a4	1
../../media/CNX_ElemAlg_Figure_02_05_003d_img_new.jpg	media/CNX_ElemAlg_Figure_02_05_003d_img_new.jpg	image/jpeg	15079	955385393b66e6bcb39089dd45dcd91fcfc96d396866ec70eca98e9d0bb885cc	1
../../media/CNX_ElemAlg_Figure_02_05_003e_img_new.jpg	media/CNX_ElemAlg_Figure_02_05_003e_img_new.jpg	image/jpeg	18319	2b784a9d466263a82093638306b39f836f0ff3dc05b4f0643fbf2e5f0542cc16	1
../../media/CNX_ElemAlg_Figure_02_05_003f_img_new.jpg	media/CNX_ElemAlg_Figure_02_05_003f_img_new.jpg	image/jpeg	22802	959651f78c004a1de6e58c6521a00c4e89bed154e7fe82a60b1357720c31c9f4	1
../../media/CNX_ElemAlg_Figure_02_05_003g_img_new.jpg	media/CNX_ElemAlg_Figure_02_05_003g_img_new.jpg	image/jpeg	22103	c60fe2caf43905450b5dd2a3c80059e065a7d7293f7124a20b81d0ecf240e8bb	1
../../media/CNX_ElemAlg_Figure_02_05_003h_img_new.jpg	media/CNX_ElemAlg_Figure_02_05_003h_img_new.jpg	image/jpeg	18542	896a2deef74a57d3d599efc98d14eb95cfcb6a71ecd539ead42d4bd2e3ab750c	1
../../media/CNX_ElemAlg_Figure_02_05_003i_img_new.jpg	media/CNX_ElemAlg_Figure_02_05_003i_img_new.jpg	image/jpeg	17264	3ba4f4a1190871799571af666f36583c28cb498694f962e01040c8317fd13b74	1
../../media/CNX_ElemAlg_Figure_02_05_003j_img_new.jpg	media/CNX_ElemAlg_Figure_02_05_003j_img_new.jpg	image/jpeg	19931	d7d9a2deb310ba6dea31ec8d2fdd31af31a9a6c25ee2479dc084ecb890ac62cb	1
../../media/CNX_ElemAlg_Figure_02_05_003k_img_new.jpg	media/CNX_ElemAlg_Figure_02_05_003k_img_new.jpg	image/jpeg	17715	6370b6e9cd2f4997f67acb7c805f6eae7a648c1c8c27223f8de9dddf0fb83060	1
../../media/CNX_ElemAlg_Figure_02_05_004a_img_new.jpg	media/CNX_ElemAlg_Figure_02_05_004a_img_new.jpg	image/jpeg	16674	fad158ef90ae619b17aec8d97c6c7a66fa0b1924f9e770f20bc8f738371fd046	1
../../media/CNX_ElemAlg_Figure_02_05_004b_img_new.jpg	media/CNX_ElemAlg_Figure_02_05_004b_img_new.jpg	image/jpeg	19143	2a66f108382dc83e69c0d5bda0da87b42c17abed53faaaf3127afd8478a53c57	1
../../media/CNX_ElemAlg_Figure_02_05_004c_img_new.jpg	media/CNX_ElemAlg_Figure_02_05_004c_img_new.jpg	image/jpeg	19365	3a03f5f442418711fcacdfa4b2276d843ed1015ae61750f2074285bfaf13b0b9	1
../../media/CNX_ElemAlg_Figure_02_05_004d_img_new.jpg	media/CNX_ElemAlg_Figure_02_05_004d_img_new.jpg	image/jpeg	16850	abcdb412e59f7e5973fbcf48edaa106b290b6832bc3fe63700a5808baa9fbf29	1
../../media/CNX_ElemAlg_Figure_02_05_004e_img_new.jpg	media/CNX_ElemAlg_Figure_02_05_004e_img_new.jpg	image/jpeg	17742	03bd9a3f5f2191e4de0183b2e1e506e1bd7a5a6c1c0f15101a46e97dfb07e962	1
../../media/CNX_ElemAlg_Figure_02_05_004f_img_new.jpg	media/CNX_ElemAlg_Figure_02_05_004f_img_new.jpg	image/jpeg	18778	23807922419df100ba15e20c44071e802c78cebea9f00c38bb274a6456e43735	1
../../media/CNX_ElemAlg_Figure_02_05_004g_img_new.jpg	media/CNX_ElemAlg_Figure_02_05_004g_img_new.jpg	image/jpeg	22840	f4652285a92e6517d28bbb8cc8b123fafbc73d3b8769cb08472575ea80a5f063	1
../../media/CNX_ElemAlg_Figure_02_05_004h_img_new.jpg	media/CNX_ElemAlg_Figure_02_05_004h_img_new.jpg	image/jpeg	23255	d4768643692e38b69deb664661586c1b7d323b92be28179569742c35609f1ab3	1
../../media/CNX_ElemAlg_Figure_02_05_004i_img_new.jpg	media/CNX_ElemAlg_Figure_02_05_004i_img_new.jpg	image/jpeg	19050	be446af70fbc1a1d837ead2f17891e8a2673cefcdfa4bc3ac9a9b4a2d5ba43cf	1
../../media/CNX_ElemAlg_Figure_02_05_004j_img_new.jpg	media/CNX_ElemAlg_Figure_02_05_004j_img_new.jpg	image/jpeg	22684	fb1861bcabb97069772e39c605c5af1e63533399444420baf2062757e5bec3e9	1
../../media/CNX_ElemAlg_Figure_02_05_004k_img_new.jpg	media/CNX_ElemAlg_Figure_02_05_004k_img_new.jpg	image/jpeg	19213	7dde1de940c3999aaff79de6525d6ce90ace7f9a36c03d5a12d0f8907c5fa4db	1
../../media/CNX_ElemAlg_Figure_02_05_004l_img_new.jpg	media/CNX_ElemAlg_Figure_02_05_004l_img_new.jpg	image/jpeg	22063	190a4f8d01dcb361279b947d46d81c5cdd9d1e71e639f26a4d2cc8d34f0662ee	1
../../media/CNX_ElemAlg_Figure_02_05_004m_img_new.jpg	media/CNX_ElemAlg_Figure_02_05_004m_img_new.jpg	image/jpeg	19670	9cea213ed04eb63ba40a41985cbaa287288bce33a811cdc956f57b3814a928cd	1
../../media/CNX_ElemAlg_Figure_02_05_004n_img_new.jpg	media/CNX_ElemAlg_Figure_02_05_004n_img_new.jpg	image/jpeg	22258	ad780de413dd73044a5ea9849a69d78941dcb332c284f6720b535aa1c7d8f17b	1
../../media/CNX_ElemAlg_Figure_02_05_004o_img_new.jpg	media/CNX_ElemAlg_Figure_02_05_004o_img_new.jpg	image/jpeg	19896	802e18f88c294a7986928170d748780d03e8e77283758c0844992cb3a80b843d	1
../../media/CNX_ElemAlg_Figure_02_05_005a_img_new.jpg	media/CNX_ElemAlg_Figure_02_05_005a_img_new.jpg	image/jpeg	17265	4b59282cc6cd3dc9d6c825270a1f126d259f34e2608a6ed813986f5d36d37895	1
../../media/CNX_ElemAlg_Figure_02_05_005b_img_new.jpg	media/CNX_ElemAlg_Figure_02_05_005b_img_new.jpg	image/jpeg	19848	1c25c635f6906a66dda8c3fbc88d7ba467b8457c4f7c6706c60ef73cf34e09d7	1
../../media/CNX_ElemAlg_Figure_02_05_005c_img_new.jpg	media/CNX_ElemAlg_Figure_02_05_005c_img_new.jpg	image/jpeg	18765	b4ebbd4736a6f2f78d6838098b3f0c11250d8d20039955569d322eddddaa61d0	1
../../media/CNX_ElemAlg_Figure_02_05_005d_img_new.jpg	media/CNX_ElemAlg_Figure_02_05_005d_img_new.jpg	image/jpeg	18209	fbc2aeafc1e24c8950c8e89a2cdbeae3c27f9af916acfb0a22ae4f588a701dec	1
../../media/CNX_ElemAlg_Figure_02_05_005e_img_new.jpg	media/CNX_ElemAlg_Figure_02_05_005e_img_new.jpg	image/jpeg	17286	1db2e67b35a1b26bbdd9966d725de0c77b4cbbd37c85440d928d2bbfd786d3cd	1
../../media/CNX_ElemAlg_Figure_02_05_005f_img_new.jpg	media/CNX_ElemAlg_Figure_02_05_005f_img_new.jpg	image/jpeg	19422	1fe95683537c370e0f1f2b623271a2b1b67eb2fa78c0b714a2258a1d5c252c11	1
../../media/CNX_ElemAlg_Figure_02_05_005g_img_new.jpg	media/CNX_ElemAlg_Figure_02_05_005g_img_new.jpg	image/jpeg	21173	a3df9f603a2ad9f4d8ca32f48a7e4d1b90898d4ec5e2305f940508f82c60f0dd	1
../../media/CNX_ElemAlg_Figure_02_05_005h_img_new.jpg	media/CNX_ElemAlg_Figure_02_05_005h_img_new.jpg	image/jpeg	19560	bfac523394d57de1f3bba6c102470e8397f2c86a1be58bb8ad570a9ef9bc1a22	1
../../media/CNX_ElemAlg_Figure_02_05_005i_img_new.jpg	media/CNX_ElemAlg_Figure_02_05_005i_img_new.jpg	image/jpeg	20783	d55c436ded8eb71a46f5a4aa914466f7d3f4dd0845166ef988bf7a530cf2c58e	1
../../media/CNX_ElemAlg_Figure_02_05_005j_img_new.jpg	media/CNX_ElemAlg_Figure_02_05_005j_img_new.jpg	image/jpeg	18630	ae55cc25f402a3248fca2a12dbd5c74707c49b860c857f3a603ca9e12c687d27	1
../../media/CNX_ElemAlg_Figure_02_05_005k_img_new.jpg	media/CNX_ElemAlg_Figure_02_05_005k_img_new.jpg	image/jpeg	21436	dbd59f58d17850f5fbe11610b1ad41f4fea5566020c3526303bb2e8e66e76b3a	1
../../media/CNX_ElemAlg_Figure_02_05_005l_img_new.jpg	media/CNX_ElemAlg_Figure_02_05_005l_img_new.jpg	image/jpeg	19115	83d131e406ec6fa813432b50eccfca8d35696c01aa863c3d2a4057fa1a3e4d1f	1
../../media/CNX_ElemAlg_Figure_02_05_006a_img_new.jpg	media/CNX_ElemAlg_Figure_02_05_006a_img_new.jpg	image/jpeg	18682	ac1c01174629d6f5a9ac18d6ff09f936535034ceab481f17e1629d160d3fcf43	1
../../media/CNX_ElemAlg_Figure_02_05_006b_img_new.jpg	media/CNX_ElemAlg_Figure_02_05_006b_img_new.jpg	image/jpeg	19814	2022b43d0e68d8c1856165ce23987880d1dc330d6f16bd213cb69fe7e5a879f3	1
../../media/CNX_ElemAlg_Figure_02_05_006c_img_new.jpg	media/CNX_ElemAlg_Figure_02_05_006c_img_new.jpg	image/jpeg	19194	ee753c384beed9d17432e8fb482fe2241ca31328f8c29866fae9a64a68577510	1
../../media/CNX_ElemAlg_Figure_02_05_006d_img_new.jpg	media/CNX_ElemAlg_Figure_02_05_006d_img_new.jpg	image/jpeg	21618	b33f7ced22ebbc6e75fda639ab534dd22fbeccac4eaf1c39817246d85ab29694	1
../../media/CNX_ElemAlg_Figure_02_05_006e_img_new.jpg	media/CNX_ElemAlg_Figure_02_05_006e_img_new.jpg	image/jpeg	20401	a8dd61537a704cd8557c822b48fcfc05044a738ca1980e0e16cd11e2d806eabc	1
../../media/CNX_ElemAlg_Figure_02_05_006f_img_new.jpg	media/CNX_ElemAlg_Figure_02_05_006f_img_new.jpg	image/jpeg	23616	8c1af26c27e848b247ade0395639024b2c2ce4bb3f93577453e708e49f269108	1
../../media/CNX_ElemAlg_Figure_02_05_006g_img_new.jpg	media/CNX_ElemAlg_Figure_02_05_006g_img_new.jpg	image/jpeg	23765	b68d091dfcb4d2d020d89ab719de8df0275620503d2cc087c0ef4b533ddbeb42	1
../../media/CNX_ElemAlg_Figure_02_05_006h_img_new.jpg	media/CNX_ElemAlg_Figure_02_05_006h_img_new.jpg	image/jpeg	19255	3f0ebf5b73916bf594ef95b35bfcd18067824cf1e0c71259b8d2612eb40ddec2	1
../../media/CNX_ElemAlg_Figure_02_05_006i_img_new.jpg	media/CNX_ElemAlg_Figure_02_05_006i_img_new.jpg	image/jpeg	21819	2d92785f123788800fd6866901b25d78e2ed5b6b0b19dc516bdeff72d226f2b9	1
../../media/CNX_ElemAlg_Figure_02_05_006j_img_new.jpg	media/CNX_ElemAlg_Figure_02_05_006j_img_new.jpg	image/jpeg	19362	a2071539917667e30393dc04e32ef31c7068ae176d99d293c1083a76e7aa981b	1
../../media/CNX_ElemAlg_Figure_02_05_006k_img_new.jpg	media/CNX_ElemAlg_Figure_02_05_006k_img_new.jpg	image/jpeg	22951	8cbc7ab135f975ad07bf434fee9c190e7f88fdd0fab813a4d44665c79a2f9a2e	1
../../media/CNX_ElemAlg_Figure_02_05_006l_img_new.jpg	media/CNX_ElemAlg_Figure_02_05_006l_img_new.jpg	image/jpeg	19562	c7b0f21420477710a2ce99cb93f3d800b5447574f8a61cbff8115ae251fc8281	1
../../media/CNX_ElemAlg_Figure_02_05_007a_img_new.jpg	media/CNX_ElemAlg_Figure_02_05_007a_img_new.jpg	image/jpeg	27058	f39a25aebf854c70611b651daed1bcae4b54def49531349ffd8463b4b9be9900	1
../../media/CNX_ElemAlg_Figure_02_05_007b_img_new.jpg	media/CNX_ElemAlg_Figure_02_05_007b_img_new.jpg	image/jpeg	19681	0e0e9f52cd754e6cf968ad8e5417927a146afeac1eac4f294450047abc499cbc	1
../../media/CNX_ElemAlg_Figure_02_05_007c_img_new.jpg	media/CNX_ElemAlg_Figure_02_05_007c_img_new.jpg	image/jpeg	22982	a0213302ce1d79f841bcf80f9338d03fa69f56b1717a1da0630d210153a67d95	1
../../media/CNX_ElemAlg_Figure_02_05_007d_img_new.jpg	media/CNX_ElemAlg_Figure_02_05_007d_img_new.jpg	image/jpeg	23662	5be8041c955c7894bec73716c95d7c9ffd5041eb1d218da378a093ba6749ab73	1
../../media/CNX_ElemAlg_Figure_02_05_007e_img_new.jpg	media/CNX_ElemAlg_Figure_02_05_007e_img_new.jpg	image/jpeg	19906	47010ab49a21b9b2a0c81b017616fdf5df88eff90e4e7e836e114ff7dc9d5ef6	1
../../media/CNX_ElemAlg_Figure_02_05_007f_img_new.jpg	media/CNX_ElemAlg_Figure_02_05_007f_img_new.jpg	image/jpeg	22624	3cd6941aff3987bf57493d7ea62b5cf0dd506fb8cfc570325579da3044d6a228	1
../../media/CNX_ElemAlg_Figure_02_05_007g_img_new.jpg	media/CNX_ElemAlg_Figure_02_05_007g_img_new.jpg	image/jpeg	20037	273c1914853057c26bd7bea1775bc64a7deeb890a0af7d04abae20094a71ddee	1
../../media/CNX_ElemAlg_Figure_02_05_007h_img_new.jpg	media/CNX_ElemAlg_Figure_02_05_007h_img_new.jpg	image/jpeg	24005	bb6099f70c07f7995358f92655711bcf65bf35470a5a913b73ca787dad6181fd	1
../../media/CNX_ElemAlg_Figure_02_05_007i_img_new.jpg	media/CNX_ElemAlg_Figure_02_05_007i_img_new.jpg	image/jpeg	20442	2bd7dfe5a259d21ae96515b33a7b56c53df4623c95b3b34ddf5171f33ce86120	1
../../media/CNX_ElemAlg_Figure_02_05_007j_img_new.jpg	media/CNX_ElemAlg_Figure_02_05_007j_img_new.jpg	image/jpeg	23575	571c1fbb17d9ee337b77e75cf3a246725fb941d323ac65ee64a148ff511b4f46	1
../../media/CNX_ElemAlg_Figure_02_05_007k_img_new.jpg	media/CNX_ElemAlg_Figure_02_05_007k_img_new.jpg	image/jpeg	20622	339ca38c2e276c0225cbc74e510168dfc0b511cfb00c0eeb7d938e83a2ea97bf	1
../../media/CNX_ElemAlg_Figure_02_05_008b_img_new.jpg	media/CNX_ElemAlg_Figure_02_05_008b_img_new.jpg	image/jpeg	20770	661591c1b8646c2a38f3f2e4f5fe7a9a471f598b13e03aa0f6b3a18ccce8702d	1
../../media/CNX_ElemAlg_Figure_02_05_008c_img_new.jpg	media/CNX_ElemAlg_Figure_02_05_008c_img_new.jpg	image/jpeg	21095	77850f0eb0dfb1d57d2e0b64bc294de0241bd45cde50cad3257da58b88065816	1
../../media/CNX_ElemAlg_Figure_02_05_008d_img_new.jpg	media/CNX_ElemAlg_Figure_02_05_008d_img_new.jpg	image/jpeg	20154	6a814687dfe759166b88b9b6c1c2f92ec4f7ea68ff63cefe782097b62d1a99a2	1
../../media/CNX_ElemAlg_Figure_02_05_008e_img_new.jpg	media/CNX_ElemAlg_Figure_02_05_008e_img_new.jpg	image/jpeg	24226	c8167dfd94f7e76bef8fcd7c5f0cd32132eb01964803846a9b83c26448de8259	1
../../media/CNX_ElemAlg_Figure_02_05_008f_img_new.jpg	media/CNX_ElemAlg_Figure_02_05_008f_img_new.jpg	image/jpeg	20175	4cf41436176df70b6c37ecd6e6aeeee38e68a7aca6972b6facaf35aecd55dafa	1
../../media/CNX_ElemAlg_Figure_02_05_008g_img_new.jpg	media/CNX_ElemAlg_Figure_02_05_008g_img_new.jpg	image/jpeg	22911	a4bc4787b4dd291b5021ec74c29244d4ed81b2091b9dd9fa00bd4f2e94dfca96	1
../../media/CNX_ElemAlg_Figure_02_05_008h_img_new.jpg	media/CNX_ElemAlg_Figure_02_05_008h_img_new.jpg	image/jpeg	20298	7bd753a00c78ccd2d26ab5079ccd8515821f3ac25a05654bfa0683700ed7fd86	1
../../media/CNX_ElemAlg_Figure_02_05_008i_img_new.jpg	media/CNX_ElemAlg_Figure_02_05_008i_img_new.jpg	image/jpeg	24087	78f1bda80cec06ad7c1b9d7a36ab33f9e3af4ffa2625e67fbf354c735ebbb2f4	1
../../media/CNX_ElemAlg_Figure_02_05_008j_img_new.jpg	media/CNX_ElemAlg_Figure_02_05_008j_img_new.jpg	image/jpeg	20164	69c7c2b7a2c855c55254b25a9bced014e7992636a2ca9ea3f39e91f4fd93c9ae	1
../../media/CNX_ElemAlg_Figure_02_05_009a_img_new.jpg	media/CNX_ElemAlg_Figure_02_05_009a_img_new.jpg	image/jpeg	15575	b37493537d0a1d46243e769cd2e2499b86883ffe9541e4e4e315eb1fb5f81034	1
../../media/CNX_ElemAlg_Figure_02_05_009b_img_new.jpg	media/CNX_ElemAlg_Figure_02_05_009b_img_new.jpg	image/jpeg	17327	fae918aa0901d24ff5ce583af043fee430802fd2172667c923337e6808f9617b	1
../../media/CNX_ElemAlg_Figure_02_05_009c_img_new.jpg	media/CNX_ElemAlg_Figure_02_05_009c_img_new.jpg	image/jpeg	15426	85bac1b3677deec0b31c80f8d1248a630500367cd402204b75ee564ea2f09876	1
../../media/CNX_ElemAlg_Figure_02_05_009d_img_new.jpg	media/CNX_ElemAlg_Figure_02_05_009d_img_new.jpg	image/jpeg	15829	e18df3d57c97f29ad22f71536e5ba13a66cbcd38aa6d1ba912bb92b0c7a3f899	1
../../media/CNX_ElemAlg_Figure_02_05_009e_img_new.jpg	media/CNX_ElemAlg_Figure_02_05_009e_img_new.jpg	image/jpeg	17583	54c095b8256f7ebd284d228b09fc6cd523c6889dff52038882f005f3b9c7ca68	1
../../media/CNX_ElemAlg_Figure_02_05_009f_img_new.jpg	media/CNX_ElemAlg_Figure_02_05_009f_img_new.jpg	image/jpeg	22298	3af2dad79e0488fbc832853c4ebec7f963505acf1afb22dfaf3f036c313e42a4	1
../../media/CNX_ElemAlg_Figure_02_05_009g_img_new.jpg	media/CNX_ElemAlg_Figure_02_05_009g_img_new.jpg	image/jpeg	16438	e98fee82b43b33499d5e1cc18bbc9c395c604094a5ef726b2cba78f4f864c82f	1
../../media/CNX_ElemAlg_Figure_02_05_009h_img_new.jpg	media/CNX_ElemAlg_Figure_02_05_009h_img_new.jpg	image/jpeg	20504	c7284b94798e9d050b75e83509c081c2edcdb6c82ca2eae6a40636bd3bb80602	1
../../media/CNX_ElemAlg_Figure_02_05_009i_img_new.jpg	media/CNX_ElemAlg_Figure_02_05_009i_img_new.jpg	image/jpeg	16526	c4874e773eb70c017d564da71f0f3ba6f6314953bddc11dc79214f8491f7eb67	1
../../media/CNX_ElemAlg_Figure_02_05_009j_img_new.jpg	media/CNX_ElemAlg_Figure_02_05_009j_img_new.jpg	image/jpeg	20324	2b46de9ded31b1dda2413f4ebc27bf8067d53d40bb4014826306abf6c0aa8a05	1
../../media/CNX_ElemAlg_Figure_02_05_009k_img_new.jpg	media/CNX_ElemAlg_Figure_02_05_009k_img_new.jpg	image/jpeg	16529	06701dcabce2ca9f97364fb64061a86f819b17c7fbb30feb8a2936fd2e54d9a8	1
../../media/CNX_ElemAlg_Figure_02_05_010a_img_new.jpg	media/CNX_ElemAlg_Figure_02_05_010a_img_new.jpg	image/jpeg	14830	8f2e49c88ea337ac52527c58432f3d60c97a8d30d4f6a6e7cd8ad7cd55cb13bf	1
../../media/CNX_ElemAlg_Figure_02_05_010b_img_new.jpg	media/CNX_ElemAlg_Figure_02_05_010b_img_new.jpg	image/jpeg	17757	cd3891d11abe43ec2c56aaaa8a29970ed7b37cc2f6df4ba16a37a89e735e6921	1
../../media/CNX_ElemAlg_Figure_02_05_010c_img_new.jpg	media/CNX_ElemAlg_Figure_02_05_010c_img_new.jpg	image/jpeg	15244	1d26dbc2f660156558a54edaae91a70583f81175f5b3ca276772f2f4d7baaf91	1
../../media/CNX_ElemAlg_Figure_02_05_010d_img_new.jpg	media/CNX_ElemAlg_Figure_02_05_010d_img_new.jpg	image/jpeg	13954	02e1228c714265b31d4a23484d38219322f1daea714f1c4ce302616e5a34e8e7	1
../../media/CNX_ElemAlg_Figure_02_05_010e_img_new.jpg	media/CNX_ElemAlg_Figure_02_05_010e_img_new.jpg	image/jpeg	16534	a28dfa16b851d2ca7273ab99968bed5e95b5dc15b96ef34f78d8f0de14812755	1
../../media/CNX_ElemAlg_Figure_02_05_010f_img_new.jpg	media/CNX_ElemAlg_Figure_02_05_010f_img_new.jpg	image/jpeg	21282	7588071f3913e40de983140e2b9abf83fddbbf9011bab272a6fb869741698f1f	1
../../media/CNX_ElemAlg_Figure_02_05_010g_img_new.jpg	media/CNX_ElemAlg_Figure_02_05_010g_img_new.jpg	image/jpeg	20324	cfeb5b76ea6eede317d2b01a675b35461f0107cb997bdcd9c543bda6b7e1273a	1
../../media/CNX_ElemAlg_Figure_02_05_010h_img_new.jpg	media/CNX_ElemAlg_Figure_02_05_010h_img_new.jpg	image/jpeg	17501	f10939749ff1f87f3bc34306b44f7bd303ee9d71f02ad99ebcc2ef0252d763dc	1
../../media/CNX_ElemAlg_Figure_02_05_010i_img_new.jpg	media/CNX_ElemAlg_Figure_02_05_010i_img_new.jpg	image/jpeg	20978	2efa3b207f0d953a69664ca8b124219e90123240bb90b198ad0e365410ab92a1	1
../../media/CNX_ElemAlg_Figure_02_05_010j_img_new.jpg	media/CNX_ElemAlg_Figure_02_05_010j_img_new.jpg	image/jpeg	17207	4f6033903f3e3fc8e9944017f3e49ade0d52c67aed9904014ef716aa4e06782d	1
../../media/CNX_ElemAlg_Figure_02_05_010k_img_new.jpg	media/CNX_ElemAlg_Figure_02_05_010k_img_new.jpg	image/jpeg	21086	42cb64c50e43b3d940089951e5ad3204b9495a594dc53943665a2ee3e710d8f5	1
../../media/CNX_ElemAlg_Figure_02_05_010l_img_new.jpg	media/CNX_ElemAlg_Figure_02_05_010l_img_new.jpg	image/jpeg	17401	216caa7831535210e946453047e48fc95300c67a192d40c9d4defef40c9558cb	1
../../media/CNX_ElemAlg_Figure_02_05_011a_img_new.jpg	media/CNX_ElemAlg_Figure_02_05_011a_img_new.jpg	image/jpeg	17852	67a1ade98e89a9b755dba027aeb64f9414dcb6e159ec696c77e2a54ce050d03f	1
../../media/CNX_ElemAlg_Figure_02_05_011b_img_new.jpg	media/CNX_ElemAlg_Figure_02_05_011b_img_new.jpg	image/jpeg	20446	f74d2b08039d74efaaf884d5b328c6427d7adc275425e1efaf75da4a129ba3aa	1
../../media/CNX_ElemAlg_Figure_02_05_011c_img_new.jpg	media/CNX_ElemAlg_Figure_02_05_011c_img_new.jpg	image/jpeg	18720	6d227ead13d3f35e9589e0d2e856729f80de4d6adb9b4a32187c96be8136ee21	1
../../media/CNX_ElemAlg_Figure_02_05_011d_img_new.jpg	media/CNX_ElemAlg_Figure_02_05_011d_img_new.jpg	image/jpeg	22588	ea81e1f41738f4cffe67a11d07c1f68029ec2ed7ce17ed84595080aedd75ff7a	1
../../media/CNX_ElemAlg_Figure_02_05_011e_img_new.jpg	media/CNX_ElemAlg_Figure_02_05_011e_img_new.jpg	image/jpeg	22739	08c9360d695ee7a0f98c4122a7766abb56a99fd5ecf4c8c6e2ae522b0c61c3cb	1
../../media/CNX_ElemAlg_Figure_02_05_011f_img_new.jpg	media/CNX_ElemAlg_Figure_02_05_011f_img_new.jpg	image/jpeg	19344	cf8ee0868aa336d35e6e565001d4a255a8f231bbf81ce907f8b1e3ce60836dda	1
../../media/CNX_ElemAlg_Figure_02_05_011g_img_new.jpg	media/CNX_ElemAlg_Figure_02_05_011g_img_new.jpg	image/jpeg	19178	efbdfd1c52c6fbdb9eeab787891d248c650060ae4d354a7c75db0309c074c4d0	1
../../media/CNX_ElemAlg_Figure_02_05_011h_img_new.jpg	media/CNX_ElemAlg_Figure_02_05_011h_img_new.jpg	image/jpeg	19121	f2cd310c50ff6dbfa3da4d4bdc51ca3abf12306bc225f471f87384c6a9a173db	1
../../media/CNX_ElemAlg_Figure_02_05_011i_img_new.jpg	media/CNX_ElemAlg_Figure_02_05_011i_img_new.jpg	image/jpeg	22455	4f08d329f0ff6037680fc4b5dfa277d27863cae65cbcaced52cee33c5f73a9a1	1
../../media/CNX_ElemAlg_Figure_02_05_011j_img_new.jpg	media/CNX_ElemAlg_Figure_02_05_011j_img_new.jpg	image/jpeg	18956	182d6b406797c7c5d7d731a3d80e3b5a28935957e594cd39fd84dbaab9907893	1
../../media/CNX_ElemAlg_Figure_02_05_011k_img_new.jpg	media/CNX_ElemAlg_Figure_02_05_011k_img_new.jpg	image/jpeg	22324	539989c460f364808ae98168605825a0e9fa2c83f1934af9b80549dca9679d85	1
../../media/CNX_ElemAlg_Figure_02_05_011l_img_new.jpg	media/CNX_ElemAlg_Figure_02_05_011l_img_new.jpg	image/jpeg	19338	8871ecfcf70bea81c5d885af80da38825038602266d011d60cbaf4744b5855ae	1
../../media/CNX_ElemAlg_Figure_02_05_011m_img_new.jpg	media/CNX_ElemAlg_Figure_02_05_011m_img_new.jpg	image/jpeg	21820	46246c774d1900cc3c6e6e05b14a3e0a5e29465fea336abc32a85d96c92e055f	1
../../media/CNX_ElemAlg_Figure_02_05_011n_img_new.jpg	media/CNX_ElemAlg_Figure_02_05_011n_img_new.jpg	image/jpeg	19934	b1a4e5ec06e4c8c76d621d865c2f24b722bf13dbb2ceff43849c9a18c3e06ed0	1
../../media/CNX_ElemAlg_Figure_02_05_201_img_new.jpg	media/CNX_ElemAlg_Figure_02_05_201_img_new.jpg	image/jpeg	54893	1832beb3ba775d614b0af7c5cba56bcbb3537bd542597af3cab950972990f6fb	1
../../media/CNX_ElemAlg_Figure_02_06_002a_img_new.jpg	media/CNX_ElemAlg_Figure_02_06_002a_img_new.jpg	image/jpeg	16219	3dc402c23f497a9d3897ccec731e3827a2af936e2d75cc3cdb68bc52ca8074de	1
../../media/CNX_ElemAlg_Figure_02_06_002b_img_new.jpg	media/CNX_ElemAlg_Figure_02_06_002b_img_new.jpg	image/jpeg	18599	0c8a1bc66af41dd469d36ed00c8c1ce75f4b194aaf6b261935fca08e7180c95e	1
../../media/CNX_ElemAlg_Figure_02_06_002c_img_new.jpg	media/CNX_ElemAlg_Figure_02_06_002c_img_new.jpg	image/jpeg	20274	4b249e9b0b4334fa69fecdf41d67499f9582c74c3e166027577c0eb6414dd462	1
../../media/CNX_ElemAlg_Figure_02_06_002d_img_new.jpg	media/CNX_ElemAlg_Figure_02_06_002d_img_new.jpg	image/jpeg	17068	69e70f50a1234cde888168aebe05954f19b895a679bbfc08e5603b3bfe60341e	1
../../media/CNX_ElemAlg_Figure_02_06_002e_img_new.jpg	media/CNX_ElemAlg_Figure_02_06_002e_img_new.jpg	image/jpeg	16029	786f78f053d1c25a9017e8b2db7418971b8aa5a81775e75848870838228ab5d7	1
../../media/CNX_ElemAlg_Figure_02_06_002f_img_new.jpg	media/CNX_ElemAlg_Figure_02_06_002f_img_new.jpg	image/jpeg	18353	2911ede713d3563278429054bf5623fff2f5b146a83adefdd11dd54f27aa9699	1
../../media/CNX_ElemAlg_Figure_02_06_002g_img_new.jpg	media/CNX_ElemAlg_Figure_02_06_002g_img_new.jpg	image/jpeg	21383	dacff66e4182cc5f925fccc1a34b3caf2a5a18c66470348fbea13a41db737e54	1
../../media/CNX_ElemAlg_Figure_02_06_002h_img_new.jpg	media/CNX_ElemAlg_Figure_02_06_002h_img_new.jpg	image/jpeg	17980	8cf187b4ec9095300e0f69337576bdb565ed645019c739eb2ec7935617323570	1
../../media/CNX_ElemAlg_Figure_02_06_002i_img_new.jpg	media/CNX_ElemAlg_Figure_02_06_002i_img_new.jpg	image/jpeg	19166	417e9d907cfcf72d452dd0b8d9ece8858d7c079f6fbd71bcdccab748fc978b1b	1
../../media/CNX_ElemAlg_Figure_02_06_003a_img_new.jpg	media/CNX_ElemAlg_Figure_02_06_003a_img_new.jpg	image/jpeg	11346	71da366434037ac903cb18c92270a9e359ca58f62e08961dc70841b015b696fc	1
../../media/CNX_ElemAlg_Figure_02_06_003b_img_new.jpg	media/CNX_ElemAlg_Figure_02_06_003b_img_new.jpg	image/jpeg	15917	9418413d0b48b807e9cb8be1e02892db98013b6d006a4c8ae6e959600620218f	1
../../media/CNX_ElemAlg_Figure_02_06_003c_img_new.jpg	media/CNX_ElemAlg_Figure_02_06_003c_img_new.jpg	image/jpeg	15518	f5420071cca983af78bf4a9f12c52f9b350a0f6e6dea1c1f63d6a925493c70e8	1
../../media/CNX_ElemAlg_Figure_02_06_003d_img_new.jpg	media/CNX_ElemAlg_Figure_02_06_003d_img_new.jpg	image/jpeg	22968	070ebb1da3f6b1d36f7fa301b4d7487e2c791eb01b955687a1cd4d1d3e0f6865	1
../../media/CNX_ElemAlg_Figure_02_06_003e_img_new.jpg	media/CNX_ElemAlg_Figure_02_06_003e_img_new.jpg	image/jpeg	14517	6d47065864a4d98e4b7558c86feefada4a081e18c0868c18b4a920a1785c654f	1
../../media/CNX_ElemAlg_Figure_02_06_003f_img_new.jpg	media/CNX_ElemAlg_Figure_02_06_003f_img_new.jpg	image/jpeg	14646	580c7069905203cbfce5ebd16e2277becf97fdad75ab9130974e3818673351bc	1
../../media/CNX_ElemAlg_Figure_02_06_003g_img_new.jpg	media/CNX_ElemAlg_Figure_02_06_003g_img_new.jpg	image/jpeg	13909	1f13e4f8194f8d67fa8b28d5f7e9c1ce1ad5711d25fb034896774e062e5c2af2	1
../../media/CNX_ElemAlg_Figure_02_06_003h_img_new.jpg	media/CNX_ElemAlg_Figure_02_06_003h_img_new.jpg	image/jpeg	14804	1981385365075a04904b35fa6bd6c642741a8ff44a78fe34d8d62ef5f04f35ea	1
../../media/CNX_ElemAlg_Figure_02_06_003i_img_new.jpg	media/CNX_ElemAlg_Figure_02_06_003i_img_new.jpg	image/jpeg	18423	cd29bd0e4a8674cdc8617c7cb6621de9c769b733a6688f4a08cbef4b809bc925	1
../../media/CNX_ElemAlg_Figure_02_06_003j_img_new.jpg	media/CNX_ElemAlg_Figure_02_06_003j_img_new.jpg	image/jpeg	16025	d94b6144fbe80f677788042491fec644f1a984334cd8d12ce2c92c9160cdbad2	1
../../media/CNX_ElemAlg_Figure_02_06_003k_img_new.jpg	media/CNX_ElemAlg_Figure_02_06_003k_img_new.jpg	image/jpeg	16401	8fa7d8226499afd70af96a50c6f01f37868fd5612bd62c50f16cbda5d0d9b50a	1
../../media/CNX_ElemAlg_Figure_02_06_004a_img_new.jpg	media/CNX_ElemAlg_Figure_02_06_004a_img_new.jpg	image/jpeg	12335	68605a5eaffafbea25a4e730bcd7b6f808738a3e3b1e6ab0529574c4237455df	1
../../media/CNX_ElemAlg_Figure_02_06_004b_img_new.jpg	media/CNX_ElemAlg_Figure_02_06_004b_img_new.jpg	image/jpeg	12976	a40f73acd7b6bd18f629b628b5e63ad2043bf78494b30e5d30b36c7d1b1fd528	1
../../media/CNX_ElemAlg_Figure_02_06_004c_img_new.jpg	media/CNX_ElemAlg_Figure_02_06_004c_img_new.jpg	image/jpeg	16521	bfad228afbb503be18e4799e923af1570b27f6c06ec4b651e63caccfd32d0855	1
../../media/CNX_ElemAlg_Figure_02_06_004d_img_new.jpg	media/CNX_ElemAlg_Figure_02_06_004d_img_new.jpg	image/jpeg	14544	0a79bed115c971e86c03912965a91534c90c047d533f32a6dba08216e034944f	1
../../media/CNX_ElemAlg_Figure_02_06_004e_img_new.jpg	media/CNX_ElemAlg_Figure_02_06_004e_img_new.jpg	image/jpeg	12077	ad345e87db4bfa4e657af5dc7a35f7505e931c5c2fd80f9aaad735343ee35023	1
../../media/CNX_ElemAlg_Figure_02_06_004f_img_new.jpg	media/CNX_ElemAlg_Figure_02_06_004f_img_new.jpg	image/jpeg	14499	3bd1c70f25484d52798b4b5bf06a0fc2dc7e8d57a4fdfec008a3d5526fdf498f	1
../../media/CNX_ElemAlg_Figure_02_06_004g_img_new.jpg	media/CNX_ElemAlg_Figure_02_06_004g_img_new.jpg	image/jpeg	18857	ab8ae8da7a5a588c6b97542406d108bcf227c986d37262fb4da8ea3b1e1c7850	1
../../media/CNX_ElemAlg_Figure_02_06_004h_img_new.jpg	media/CNX_ElemAlg_Figure_02_06_004h_img_new.jpg	image/jpeg	19394	af7daf1cd555be72719ebd49ba9f5a509e1db841978fbf944cc5772732402e74	1
../../media/CNX_ElemAlg_Figure_02_06_004i_img_new.jpg	media/CNX_ElemAlg_Figure_02_06_004i_img_new.jpg	image/jpeg	16679	7fbed7fcdd98c164935a244430e12127ff8f3c45d4c8d30eceb3f229bc05ec12	1
../../media/CNX_ElemAlg_Figure_02_06_005a_img_new.jpg	media/CNX_ElemAlg_Figure_02_06_005a_img_new.jpg	image/jpeg	12572	241ba80f5ef2c7be22eb673649bb691fd65124218bfa93a68813fbb0c092eff5	1
../../media/CNX_ElemAlg_Figure_02_06_005b_img_new.jpg	media/CNX_ElemAlg_Figure_02_06_005b_img_new.jpg	image/jpeg	16507	01e43f6a55790a9771a361d8c81d0788b227c5abed377080901ccc509572a07b	1
../../media/CNX_ElemAlg_Figure_02_06_005c_img_new.jpg	media/CNX_ElemAlg_Figure_02_06_005c_img_new.jpg	image/jpeg	13049	14dc6140694e5ab74abc0b0730f15ad5ca6789515e896b8661bbb532abbbfa12	1
../../media/CNX_ElemAlg_Figure_02_06_005d_img_new.jpg	media/CNX_ElemAlg_Figure_02_06_005d_img_new.jpg	image/jpeg	12974	6223016f4522a299144b9daee936f2a17818fb5806de8117843b3cc60a62c29d	1
../../media/CNX_ElemAlg_Figure_02_06_007a_img_new.jpg	media/CNX_ElemAlg_Figure_02_06_007a_img_new.jpg	image/jpeg	14354	a0ed1bf1bd4e38da18ee374dc01cb6891d089d7a61e04ad9c870a46fe59364c9	1
../../media/CNX_ElemAlg_Figure_02_06_007b_img_new.jpg	media/CNX_ElemAlg_Figure_02_06_007b_img_new.jpg	image/jpeg	18394	26a224d987d3e4d1b39b56d27742c7ca4f40b232f26616a8e3e374ca6c8083aa	1
../../media/CNX_ElemAlg_Figure_02_06_007c_img_new.jpg	media/CNX_ElemAlg_Figure_02_06_007c_img_new.jpg	image/jpeg	15077	fcb798672d06f76957afa2bc34b48de47c13c499f49302f6b70594d8eaa7a2c5	1
../../media/CNX_ElemAlg_Figure_02_06_007d_img_new.jpg	media/CNX_ElemAlg_Figure_02_06_007d_img_new.jpg	image/jpeg	18827	2dd036e4c655fe0064a10ad21656a9d6194d650730ddb38f177b622c16144c97	1
../../media/CNX_ElemAlg_Figure_02_06_007e_img_new.jpg	media/CNX_ElemAlg_Figure_02_06_007e_img_new.jpg	image/jpeg	17034	15026c0c08a22f4237bc8feaa51bc89dffa1e23f30b79e2e71ad19a1e31ecae7	1
../../media/CNX_ElemAlg_Figure_02_06_008_img_new.jpg	media/CNX_ElemAlg_Figure_02_06_008_img_new.jpg	image/jpeg	28379	f302f640fad35dbadc5914f8b0529689ab5dd083fdf4dce0dcd638cf17ed9df2	1
../../media/CNX_ElemAlg_Figure_02_06_009a_img_new.jpg	media/CNX_ElemAlg_Figure_02_06_009a_img_new.jpg	image/jpeg	28842	3e1cf27f927c24f21bffa426908a117eea2342b55e703174095d7a821074bf99	1
../../media/CNX_ElemAlg_Figure_02_06_009b_img_new.jpg	media/CNX_ElemAlg_Figure_02_06_009b_img_new.jpg	image/jpeg	31147	8d5d77a9be871cc98ca88d2eabf94a804b09b89f4831117a529c01ea797a8c77	1
../../media/CNX_ElemAlg_Figure_02_06_201_img_new.jpg	media/CNX_ElemAlg_Figure_02_06_201_img_new.jpg	image/jpeg	54693	05efdf0571eb562484bc9764aa133a5ed657a5a4cc20fd27e9c7ef203a7297d1	1
../../media/CNX_ElemAlg_Figure_02_07_001_img_new.jpg	media/CNX_ElemAlg_Figure_02_07_001_img_new.jpg	image/jpeg	24981	2b3e7cd775b4c93d678d4b81eedd70098fca577a38bb781e11b65eb27d88331a	1
../../media/CNX_ElemAlg_Figure_02_07_002_img_new.jpg	media/CNX_ElemAlg_Figure_02_07_002_img_new.jpg	image/jpeg	24313	38928ca352084a79c716d37af3ccbd2bec6a68a5f811fbf59293eded9c1a7e2a	1
../../media/CNX_ElemAlg_Figure_02_07_003_img_new.jpg	media/CNX_ElemAlg_Figure_02_07_003_img_new.jpg	image/jpeg	21987	80e157bb21fb83b7b7733995550780fa9448d73bdb71cfda79eda957ec1871a8	1
../../media/CNX_ElemAlg_Figure_02_07_004_img_new.jpg	media/CNX_ElemAlg_Figure_02_07_004_img_new.jpg	image/jpeg	22080	86d26c550ab5f30cef84d1c77daf7b036357b4ebf867b1db274dab519224a9ac	1
../../media/CNX_ElemAlg_Figure_02_07_005_img_new.jpg	media/CNX_ElemAlg_Figure_02_07_005_img_new.jpg	image/jpeg	26551	c6faa3393e7c03bb047fec92b76e37a0ff9b53de630d783c1f34053e6b1bd280	1
../../media/CNX_ElemAlg_Figure_02_07_006_img_new.jpg	media/CNX_ElemAlg_Figure_02_07_006_img_new.jpg	image/jpeg	21385	d397e12b4814462286d9f092f63dddab2d2a03752f6adea95643b16a3e2e0053	1
../../media/CNX_ElemAlg_Figure_02_07_007_img_new.jpg	media/CNX_ElemAlg_Figure_02_07_007_img_new.jpg	image/jpeg	21871	5e07667900b99ffe9688920343a564f6bad88181bccb78dd76ab50e05340d010	1
../../media/CNX_ElemAlg_Figure_02_07_008_img_new.jpg	media/CNX_ElemAlg_Figure_02_07_008_img_new.jpg	image/jpeg	22886	5ab497bd571c02e6073c399670eca5d56dcb9bdf49e58e64bfb8292d9535f66e	1
../../media/CNX_ElemAlg_Figure_02_07_009_img_new.jpg	media/CNX_ElemAlg_Figure_02_07_009_img_new.jpg	image/jpeg	23089	e75c0ed54fe290a6583aa5dffe2368c8e5bece6e1d38cf6dfd542242af378bf0	1
../../media/CNX_ElemAlg_Figure_02_07_010_img_new.jpg	media/CNX_ElemAlg_Figure_02_07_010_img_new.jpg	image/jpeg	21432	e035f4b3fa1605ebb14a6f78cff1cd995825f46b8464270fbf03ac98de1fa09c	1
../../media/CNX_ElemAlg_Figure_02_07_011_img_new.jpg	media/CNX_ElemAlg_Figure_02_07_011_img_new.jpg	image/jpeg	23197	c9fa68656b1370ee9bf93cfe5bca9a0715265e285e7ac54e2a8166acbc965f9a	1
../../media/CNX_ElemAlg_Figure_02_07_012_img_new.jpg	media/CNX_ElemAlg_Figure_02_07_012_img_new.jpg	image/jpeg	26799	495bed167b347c77db7a7dd5cfe45c9ef460446b3f47e14cf719018c3cd5ab9a	1
../../media/CNX_ElemAlg_Figure_02_07_013_img_new.jpg	media/CNX_ElemAlg_Figure_02_07_013_img_new.jpg	image/jpeg	21531	87b3f5ffe23e59b5b72e66c17a5e6e03c2f78b755b2f6ef273db9dc599067433	1
../../media/CNX_ElemAlg_Figure_02_07_014_img_new.jpg	media/CNX_ElemAlg_Figure_02_07_014_img_new.jpg	image/jpeg	62199	4a60eed66d59ebe2fe9f96a2a033bdeb8208173a4204d4df3f7356db17c82455	1
../../media/CNX_ElemAlg_Figure_02_07_015_img_new.jpg	media/CNX_ElemAlg_Figure_02_07_015_img_new.jpg	image/jpeg	54031	501f7f0dcaa276017f73bb6a82b77dfb80b6acc3813146d903c35a9e1faeb938	1
../../media/CNX_ElemAlg_Figure_02_07_016a_img_new.jpg	media/CNX_ElemAlg_Figure_02_07_016a_img_new.jpg	image/jpeg	16020	b926d07f03331d5e73ca5db42d01fb27303d1cf4089203ec481a4912ad34048e	1
../../media/CNX_ElemAlg_Figure_02_07_016b_img_new.jpg	media/CNX_ElemAlg_Figure_02_07_016b_img_new.jpg	image/jpeg	25748	151d527e16d862ba7f7577798e0fe1b9f7ed7dfe6b37aef15e3550eb8c2659e0	1
../../media/CNX_ElemAlg_Figure_02_07_016c_img_new.jpg	media/CNX_ElemAlg_Figure_02_07_016c_img_new.jpg	image/jpeg	17191	fd516e40d76fe5c3b896414644adfbc419eecc2baaf29448907a74ce2690bbea	1
../../media/CNX_ElemAlg_Figure_02_07_017a_img_new.jpg	media/CNX_ElemAlg_Figure_02_07_017a_img_new.jpg	image/jpeg	17637	ff1e302d1241793908c1f58eb5f877b3526a7a16b24916902545dd9bf55daafc	1
../../media/CNX_ElemAlg_Figure_02_07_017b_img_new.jpg	media/CNX_ElemAlg_Figure_02_07_017b_img_new.jpg	image/jpeg	24012	f325e1919f951a422f5f32a9f0bd64dc4e4884e6028ff7bcc46a314627a5e468	1
../../media/CNX_ElemAlg_Figure_02_07_017c_img_new.jpg	media/CNX_ElemAlg_Figure_02_07_017c_img_new.jpg	image/jpeg	18925	2b80ab17040a67dc67627e8fde657b58bbf1b6b84f0b1cc4c075e287b3152563	1
../../media/CNX_ElemAlg_Figure_02_07_018a_img_new.jpg	media/CNX_ElemAlg_Figure_02_07_018a_img_new.jpg	image/jpeg	16633	b66e12e629179aaa9b854c7ac85d179edde3394417a929e882db7f712ec30270	1
../../media/CNX_ElemAlg_Figure_02_07_018b_img_new.jpg	media/CNX_ElemAlg_Figure_02_07_018b_img_new.jpg	image/jpeg	21425	d72665ca1b84ff181f749ca6ee6354d147426d8308ea6b3e07470ce6562f0296	1
../../media/CNX_ElemAlg_Figure_02_07_018c_img_new.jpg	media/CNX_ElemAlg_Figure_02_07_018c_img_new.jpg	image/jpeg	18086	c5a637bd2ada58d1b022e1746be009c3519d5b28e06db648fac89ae0857d2dcb	1
../../media/CNX_ElemAlg_Figure_02_07_019_img_new.jpg	media/CNX_ElemAlg_Figure_02_07_019_img_new.jpg	image/jpeg	25245	e6a03d24ea108c41a2bdb36f6f6caa987070f1ca01bcf57e8724027a72e1957e	1
../../media/CNX_ElemAlg_Figure_02_07_020_img_new.jpg	media/CNX_ElemAlg_Figure_02_07_020_img_new.jpg	image/jpeg	27386	a02e8a823a673072a71f03f41f9472caf482788ab74eb7a30cb38b9c07318625	1
../../media/CNX_ElemAlg_Figure_02_07_021_img_new.jpg	media/CNX_ElemAlg_Figure_02_07_021_img_new.jpg	image/jpeg	29056	48f156ddfb60ddfc20eb3d93707171f3a5956282e046490861e9e83cfe383a8a	1
../../media/CNX_ElemAlg_Figure_02_07_022_img_new.jpg	media/CNX_ElemAlg_Figure_02_07_022_img_new.jpg	image/jpeg	24139	0c839965b095ae832969e404a5a9c23715d99b27f10dee72f97183e0624e5832	1
../../media/CNX_ElemAlg_Figure_02_07_023_img_new.jpg	media/CNX_ElemAlg_Figure_02_07_023_img_new.jpg	image/jpeg	26357	9fc78d649245e617c7f93492ff98b971c0c947c25be0b01da415957c0cb9384b	1
../../media/CNX_ElemAlg_Figure_02_07_024_img_new.jpg	media/CNX_ElemAlg_Figure_02_07_024_img_new.jpg	image/jpeg	27068	ae5de5b9a8db7b0ab1d4b27a8aebce1f700a538bf5f657344db525ba6f96ef55	1
../../media/CNX_ElemAlg_Figure_02_07_025a_img_new.jpg	media/CNX_ElemAlg_Figure_02_07_025a_img_new.jpg	image/jpeg	12601	15e0ead149eeace86e053682a47edc57f60effb9f202880a2c1404d51936dd37	1
../../media/CNX_ElemAlg_Figure_02_07_025b_img_new.jpg	media/CNX_ElemAlg_Figure_02_07_025b_img_new.jpg	image/jpeg	15320	5e0ba02b5f3bdfce20bd17a1157f78c23fb1812c06684ca8126aec1607ec0220	1
../../media/CNX_ElemAlg_Figure_02_07_025c_img_new.jpg	media/CNX_ElemAlg_Figure_02_07_025c_img_new.jpg	image/jpeg	14452	7a01fea41780dc98cde07dd987aab29c0cc2f9b8f300fa813a73b7c77cae947b	1
../../media/CNX_ElemAlg_Figure_02_07_025d_img_new.jpg	media/CNX_ElemAlg_Figure_02_07_025d_img_new.jpg	image/jpeg	14779	b2cc0f7c4f033f2eaf73bb9bd59e724521a6e7e36b936b123210c892ab14896f	1
../../media/CNX_ElemAlg_Figure_02_07_026a_img_new.jpg	media/CNX_ElemAlg_Figure_02_07_026a_img_new.jpg	image/jpeg	13283	573231ff07ce02867c2cf4690c4018ab365f6d2f513f43485f8ca9d1f79c426b	1
../../media/CNX_ElemAlg_Figure_02_07_026b_img_new.jpg	media/CNX_ElemAlg_Figure_02_07_026b_img_new.jpg	image/jpeg	15521	3fd464f3a4697ac9d58512b5e244a7b60aed4f6e22cb4afba93e802c0e064537	1
../../media/CNX_ElemAlg_Figure_02_07_026c_img_new.jpg	media/CNX_ElemAlg_Figure_02_07_026c_img_new.jpg	image/jpeg	13244	787954fb6d83afeba400c4645c1b6a959cdec542c10fde19eda10f2176aadd57	1
../../media/CNX_ElemAlg_Figure_02_07_026d_img_new.jpg	media/CNX_ElemAlg_Figure_02_07_026d_img_new.jpg	image/jpeg	18818	2d5700142bf259d44c579eee1f2a263ba20582b22b8e13f6961a2f6a563eecfb	1
../../media/CNX_ElemAlg_Figure_02_07_027_img_new.jpg	media/CNX_ElemAlg_Figure_02_07_027_img_new.jpg	image/jpeg	30968	a8c7de7b63b5b1be915c11cfb6d791e6f70ef5eaa42752d877d09f4242a0da3f	1
../../media/CNX_ElemAlg_Figure_02_07_028_img_new.jpg	media/CNX_ElemAlg_Figure_02_07_028_img_new.jpg	image/jpeg	29339	ede084ff24e5ab103628a4ea54b020b186c41c5715230a41ec686bc833f347ad	1
../../media/CNX_ElemAlg_Figure_02_07_029a_img_new.jpg	media/CNX_ElemAlg_Figure_02_07_029a_img_new.jpg	image/jpeg	13635	80219ec4416b6cde23303f8bca85c2609b7c70e8a69f41bea1a86c55957d5f5b	1
../../media/CNX_ElemAlg_Figure_02_07_029b_img_new.jpg	media/CNX_ElemAlg_Figure_02_07_029b_img_new.jpg	image/jpeg	17210	537043fd3e99b19c9b867c9145ad4da058f9bd91f4d12aaedfc3a518bf360abd	1
../../media/CNX_ElemAlg_Figure_02_07_029c_img_new.jpg	media/CNX_ElemAlg_Figure_02_07_029c_img_new.jpg	image/jpeg	14044	e27f4a249c07444167969056f5315bd0ec47878b6c7a3082274dbaf4b2ef37bd	1
../../media/CNX_ElemAlg_Figure_02_07_029d_img_new.jpg	media/CNX_ElemAlg_Figure_02_07_029d_img_new.jpg	image/jpeg	14570	acc5ad62dadbd5b2c12b0d9ada56cfb89fb5c37c8588b90e850f7b3be26ef79b	1
../../media/CNX_ElemAlg_Figure_02_07_029e_img_new.jpg	media/CNX_ElemAlg_Figure_02_07_029e_img_new.jpg	image/jpeg	15360	f7b7106939d2c6de65757568334fa305ff3aa876d9aea7936b11e65b551aabc6	1
../../media/CNX_ElemAlg_Figure_02_07_029f_img_new.jpg	media/CNX_ElemAlg_Figure_02_07_029f_img_new.jpg	image/jpeg	19319	8da181da9a1b87b30305398a6d575ba117799f944aa29590c88907370ddec81b	1
../../media/CNX_ElemAlg_Figure_02_07_029g_img_new.jpg	media/CNX_ElemAlg_Figure_02_07_029g_img_new.jpg	image/jpeg	16861	314a00e9de5fc5f8cab3f98d7c278f35cbc9c48fdfce758ee2b21827183058c6	1
../../media/CNX_ElemAlg_Figure_02_07_029h_img_new.jpg	media/CNX_ElemAlg_Figure_02_07_029h_img_new.jpg	image/jpeg	17544	60bb07de4f4328b016cf5130b0ddd3a6e34f54b42454fa963f4c1117d7787643	1
../../media/CNX_ElemAlg_Figure_02_07_030a_img_new.jpg	media/CNX_ElemAlg_Figure_02_07_030a_img_new.jpg	image/jpeg	14403	6944ed50f6ca61e3c4400729c58dc355b76d1cd27dfbe8b64ef0e70b43dd4b34	1
../../media/CNX_ElemAlg_Figure_02_07_030b_img_new.jpg	media/CNX_ElemAlg_Figure_02_07_030b_img_new.jpg	image/jpeg	17969	2f36691b78c35db28e637f4d42e505e86f5fbc33928491b76f5a8dc029e39fe2	1
../../media/CNX_ElemAlg_Figure_02_07_030c_img_new.jpg	media/CNX_ElemAlg_Figure_02_07_030c_img_new.jpg	image/jpeg	15532	6217318495d66046f9d54eaa543bda784e6128110b04ae3377f93ef94059517f	1
../../media/CNX_ElemAlg_Figure_02_07_030d_img_new.jpg	media/CNX_ElemAlg_Figure_02_07_030d_img_new.jpg	image/jpeg	15913	5cc552e633658e5fb8297ffd7fa828094e0e8b1f4356fba4ad209bdfaf7d52a6	1
../../media/CNX_ElemAlg_Figure_02_07_030e_img_new.jpg	media/CNX_ElemAlg_Figure_02_07_030e_img_new.jpg	image/jpeg	16077	ddf95986895b5329f22036d8f51fb5d9261a775037bf4689c84193961b99cf3d	1
../../media/CNX_ElemAlg_Figure_02_07_030f_img_new.jpg	media/CNX_ElemAlg_Figure_02_07_030f_img_new.jpg	image/jpeg	19960	5ed45834c3413b4d514c0c4b2968b429a0722a141ce884207d6dcf46fecb88c5	1
../../media/CNX_ElemAlg_Figure_02_07_030g_img_new.jpg	media/CNX_ElemAlg_Figure_02_07_030g_img_new.jpg	image/jpeg	18198	65df120865eccb274a54bc1964c26e5775b9789b014219632f6104db9b136763	1
../../media/CNX_ElemAlg_Figure_02_07_030h_img_new.jpg	media/CNX_ElemAlg_Figure_02_07_030h_img_new.jpg	image/jpeg	18514	10d967f080592796906288d109076b8c32aa5301e8870d65941f857545abf51e	1
../../media/CNX_ElemAlg_Figure_02_07_031a_img_new.jpg	media/CNX_ElemAlg_Figure_02_07_031a_img_new.jpg	image/jpeg	15601	56a763ee1091836e893792f0b0d56d4e8ecceb8a05bdc37faffe92f148175f65	1
../../media/CNX_ElemAlg_Figure_02_07_031b_img_new.jpg	media/CNX_ElemAlg_Figure_02_07_031b_img_new.jpg	image/jpeg	17195	c8b5aff6fee1b94ab5328a0cfe301e68d19c3750f0ec83bce51e05b77ac54f71	1
../../media/CNX_ElemAlg_Figure_02_07_031c_img_new.jpg	media/CNX_ElemAlg_Figure_02_07_031c_img_new.jpg	image/jpeg	16050	d4613dd146b6ffd76ce83153996889a4c7c72a0cff51fae52dabd5a556191213	1
../../media/CNX_ElemAlg_Figure_02_07_031d_img_new.jpg	media/CNX_ElemAlg_Figure_02_07_031d_img_new.jpg	image/jpeg	21775	88cac0a6835a3672c27804a46b15d422ffb6a161dd93c5c5dd2960cdf5b573ba	1
../../media/CNX_ElemAlg_Figure_02_07_031e_img_new.jpg	media/CNX_ElemAlg_Figure_02_07_031e_img_new.jpg	image/jpeg	16705	2729ca998ec1751ee85b92187c53ba852dd7384198ada9e4f6b34dadebfbc9fd	1
../../media/CNX_ElemAlg_Figure_02_07_032_img_new.jpg	media/CNX_ElemAlg_Figure_02_07_032_img_new.jpg	image/jpeg	23194	a96182a5c2a4d3e88342c1c722b8dcdeb9eab25e717313d7b81ef7caee277ed7	1
../../media/CNX_ElemAlg_Figure_02_07_033_img_new.jpg	media/CNX_ElemAlg_Figure_02_07_033_img_new.jpg	image/jpeg	23517	73055bba2560b0494d2e9523476280a3cf7958dbd07262857a2fa0d6e33935f1	1
../../media/CNX_ElemAlg_Figure_02_07_034a_img_new.jpg	media/CNX_ElemAlg_Figure_02_07_034a_img_new.jpg	image/jpeg	19664	7e71f24e774ac97989333e1e9bc9a7605892adf04cebdaa9558c450b2483620d	1
../../media/CNX_ElemAlg_Figure_02_07_034b_img_new.jpg	media/CNX_ElemAlg_Figure_02_07_034b_img_new.jpg	image/jpeg	22682	3a3e54c2276e9abead951a490a5d68fde2316ee03128ffa25d18366d553610cc	1
../../media/CNX_ElemAlg_Figure_02_07_034c_img_new.jpg	media/CNX_ElemAlg_Figure_02_07_034c_img_new.jpg	image/jpeg	19873	f8c5e6f00d1a7cfd2d9d21153e1a884e31e20e95b297085ea7099751cefa8407	1
../../media/CNX_ElemAlg_Figure_02_07_034d_img_new.jpg	media/CNX_ElemAlg_Figure_02_07_034d_img_new.jpg	image/jpeg	26006	02bf63d8f6c815e0e747d6940553022f2bc852e052a27b7fb70036dce84c2499	1
../../media/CNX_ElemAlg_Figure_02_07_034e_img_new.jpg	media/CNX_ElemAlg_Figure_02_07_034e_img_new.jpg	image/jpeg	21141	d13329512bbb5ff38a669cb239c199cdd62a0bf990c152f37081da25b584a038	1
../../media/CNX_ElemAlg_Figure_02_07_035_img_new.jpg	media/CNX_ElemAlg_Figure_02_07_035_img_new.jpg	image/jpeg	26264	6c96b32127359c22668f7adfaffd3903b1a37c22ae0b7874a3889656e08c58e3	1
../../media/CNX_ElemAlg_Figure_02_07_036_img_new.jpg	media/CNX_ElemAlg_Figure_02_07_036_img_new.jpg	image/jpeg	26742	af8f7ef099ec48552a74439892915335cf3ef1e6228e0850f947aaf9a494a593	1
../../media/CNX_ElemAlg_Figure_02_07_037a_img_new.jpg	media/CNX_ElemAlg_Figure_02_07_037a_img_new.jpg	image/jpeg	17694	1e5e6c05bbe5230e14abcb052a850050aaa7e5f6d5fbde149d266be8b87e4482	1
../../media/CNX_ElemAlg_Figure_02_07_037b_img_new.jpg	media/CNX_ElemAlg_Figure_02_07_037b_img_new.jpg	image/jpeg	21292	562906702cf4de0ff567f52deb6eb99ed509ddfc43ec3b4081218a907df15da4	1
../../media/CNX_ElemAlg_Figure_02_07_037c_img_new.jpg	media/CNX_ElemAlg_Figure_02_07_037c_img_new.jpg	image/jpeg	17503	0acf36f1689d9e45f5c71ff20c6d7923fa13785a16018f656d66058bd6b9b936	1
../../media/CNX_ElemAlg_Figure_02_07_037d_img_new.jpg	media/CNX_ElemAlg_Figure_02_07_037d_img_new.jpg	image/jpeg	17947	735061640b042031f0a98a0cc15b0fa7aee40832c08c21f2f37a2b847e2df4ca	1
../../media/CNX_ElemAlg_Figure_02_07_037e_img_new.jpg	media/CNX_ElemAlg_Figure_02_07_037e_img_new.jpg	image/jpeg	28150	06c09c256aaa51e29582e03a104344cbc6b61ce0376af46be83d8433dfa505d6	1
../../media/CNX_ElemAlg_Figure_02_07_037f_img_new.jpg	media/CNX_ElemAlg_Figure_02_07_037f_img_new.jpg	image/jpeg	18927	09fc4289e03785e202f06236cb593c11da29dd97f7529fe9b06530b5de24e938	1
../../media/CNX_ElemAlg_Figure_02_07_038_img_new.jpg	media/CNX_ElemAlg_Figure_02_07_038_img_new.jpg	image/jpeg	29780	de8fb7131b338e95743266726839e9c616e70f459799ccc5f7a8a30738ce3885	1
../../media/CNX_ElemAlg_Figure_02_07_039_img_new.jpg	media/CNX_ElemAlg_Figure_02_07_039_img_new.jpg	image/jpeg	31194	f1f9606d86545b48cdc4be7d8d50f2b27a9b83a5e714d677b98eebd9ba24a157	1
../../media/CNX_ElemAlg_Figure_02_07_040a_img_new.jpg	media/CNX_ElemAlg_Figure_02_07_040a_img_new.jpg	image/jpeg	20426	21094684ff13f101c0c01c454a84d92eeb94460ef3664636ae4ee76d3bf3f261	1
../../media/CNX_ElemAlg_Figure_02_07_040b_img_new.jpg	media/CNX_ElemAlg_Figure_02_07_040b_img_new.jpg	image/jpeg	23225	4d4bf96392754190a7b35040df4d99ccc8c4a5dc343941a410e391fc2b09de8d	1
../../media/CNX_ElemAlg_Figure_02_07_040c_img_new.jpg	media/CNX_ElemAlg_Figure_02_07_040c_img_new.jpg	image/jpeg	20706	80b3b52940acd08493e2b09c8e4df4f996f8e91a23bd70758df2b616c22ed8c7	1
../../media/CNX_ElemAlg_Figure_02_07_040d_img_new.jpg	media/CNX_ElemAlg_Figure_02_07_040d_img_new.jpg	image/jpeg	27196	b14e63f13ef21e2bc80703d6a7bd0e0c4e7142599f1ec63f9ceda45afe65f973	1
../../media/CNX_ElemAlg_Figure_02_07_040e_img_new.jpg	media/CNX_ElemAlg_Figure_02_07_040e_img_new.jpg	image/jpeg	22134	1206574b6aaf6cce724b320bcb65f4734fb6625c48b71636ca1bfeaed098bcca	1
../../media/CNX_ElemAlg_Figure_02_07_041_img_new.jpg	media/CNX_ElemAlg_Figure_02_07_041_img_new.jpg	image/jpeg	32909	e7205fdc7f123c4cc698e8b294bd4005f906e04f52f8d37ca40a009bddee6564	1
../../media/CNX_ElemAlg_Figure_02_07_042_img_new.jpg	media/CNX_ElemAlg_Figure_02_07_042_img_new.jpg	image/jpeg	31724	b666872c8376e48ce64a82fab11b876f45e02085b7540b9dda8279dc40f4a144	1
../../media/CNX_ElemAlg_Figure_02_07_043a_img_new.jpg	media/CNX_ElemAlg_Figure_02_07_043a_img_new.jpg	image/jpeg	19954	851b2d8be2537014d7920e1e98077c013404194ab8cd28443eafda11018e7f28	1
../../media/CNX_ElemAlg_Figure_02_07_043b_img_new.jpg	media/CNX_ElemAlg_Figure_02_07_043b_img_new.jpg	image/jpeg	21904	b66661b033ac11a15c2aff0956d08139d32a0dcdad896ad92fc6a039ae6751d0	1
../../media/CNX_ElemAlg_Figure_02_07_043c_img_new.jpg	media/CNX_ElemAlg_Figure_02_07_043c_img_new.jpg	image/jpeg	19896	008ae7290991958330635ae04b3aa6a19549322f9b01116f7c8ff11c4d9ec405	1
../../media/CNX_ElemAlg_Figure_02_07_043d_img_new.jpg	media/CNX_ElemAlg_Figure_02_07_043d_img_new.jpg	image/jpeg	21956	07c22e983ff874185d7871ecd7a0a45dfe53f037579d19e789ebc9d6d22b497c	1
../../media/CNX_ElemAlg_Figure_02_07_043e_img_new.jpg	media/CNX_ElemAlg_Figure_02_07_043e_img_new.jpg	image/jpeg	20586	265abe8366c792f8aea9126d19b7741c010fe201d1759375505d304e1798d5b8	1
../../media/CNX_ElemAlg_Figure_02_07_043f_img_new.jpg	media/CNX_ElemAlg_Figure_02_07_043f_img_new.jpg	image/jpeg	29650	11c18216f2e645d9e87701d5c3853bebde028af1a4aa53208915d805e7f84433	1
../../media/CNX_ElemAlg_Figure_02_07_043g_img_new.jpg	media/CNX_ElemAlg_Figure_02_07_043g_img_new.jpg	image/jpeg	20576	dc69637858426f3fad27c39bf3ab8f9eb35bb56f79b825e98aaa9308396bdf33	1
../../media/CNX_ElemAlg_Figure_02_07_044_img_new.jpg	media/CNX_ElemAlg_Figure_02_07_044_img_new.jpg	image/jpeg	32102	a5c3b3d292641ac45fe07d763d58dbbfcc73617ab7b526bee3054db3ec92ece4	1
../../media/CNX_ElemAlg_Figure_02_07_045_img_new.jpg	media/CNX_ElemAlg_Figure_02_07_045_img_new.jpg	image/jpeg	32990	f7fec64abcf77feab5de41195e9e40a3a6c5a3e65782f138480830a94e87ad39	1
../../media/CNX_ElemAlg_Figure_02_07_046a_img_new.jpg	media/CNX_ElemAlg_Figure_02_07_046a_img_new.jpg	image/jpeg	25115	dc163baada3a2c22b020772a7233d95323376e0cad2bf469c2f15b20d0a83a20	1
../../media/CNX_ElemAlg_Figure_02_07_047_img_new.jpg	media/CNX_ElemAlg_Figure_02_07_047_img_new.jpg	image/jpeg	33377	76be319397bd522aec61ca650f9d5f60e543cd5f437b1404c6b5cdecd550921a	1
../../media/CNX_ElemAlg_Figure_02_07_048_img_new.jpg	media/CNX_ElemAlg_Figure_02_07_048_img_new.jpg	image/jpeg	33162	667ac53628dce7b4e5e95fbc2d0088de424596784cf6359378d57436ffecdd6b	1
../../media/CNX_ElemAlg_Figure_02_07_049a_img_new.jpg	media/CNX_ElemAlg_Figure_02_07_049a_img_new.jpg	image/jpeg	22966	999914a517500d302086b95d72bcd2e5d2ceef80af309ce534e7a4592409984a	1
../../media/CNX_ElemAlg_Figure_02_07_050_img_new.jpg	media/CNX_ElemAlg_Figure_02_07_050_img_new.jpg	image/jpeg	20552	c14f935f3b7fae8bf29ae629770d8222a144e22714d64f3bd9c3cee72314575a	1
../../media/CNX_ElemAlg_Figure_02_07_051_img_new.jpg	media/CNX_ElemAlg_Figure_02_07_051_img_new.jpg	image/jpeg	29563	14d1d8c9c40746d1e31488181833d63b83a1cb0322741f68e890b8f5f74f2593	1
../../media/CNX_ElemAlg_Figure_02_07_052a_img_new.jpg	media/CNX_ElemAlg_Figure_02_07_052a_img_new.jpg	image/jpeg	23012	6b9f2422c25f247de8c63554c9963ba52370ae49afb4d1017b89d48943809cf3	1
../../media/CNX_ElemAlg_Figure_02_07_052b_img_new.jpg	media/CNX_ElemAlg_Figure_02_07_052b_img_new.jpg	image/jpeg	27274	09cc4900642aa3bbfa9f59dfbebee769b933e7fe79910b7c2b8f05c5ccdfa227	1
../../media/CNX_ElemAlg_Figure_02_07_052c_img_new.jpg	media/CNX_ElemAlg_Figure_02_07_052c_img_new.jpg	image/jpeg	21549	64218885bd689f3752fec5a9963b974a46a91dace7117db7d9a7350398171341	1
../../media/CNX_ElemAlg_Figure_02_07_052d_img_new.jpg	media/CNX_ElemAlg_Figure_02_07_052d_img_new.jpg	image/jpeg	21179	f78b7f85f5369a7993188e1474590d2152c0f5122d3aa174ae0458f1e1a33b65	1
../../media/CNX_ElemAlg_Figure_02_07_052e_img_new.jpg	media/CNX_ElemAlg_Figure_02_07_052e_img_new.jpg	image/jpeg	22968	f0dead406f53f2f033c4503bde3d37167080673e372e0982ea013ecc1215e57a	1
../../media/CNX_ElemAlg_Figure_02_07_052f_img_new.jpg	media/CNX_ElemAlg_Figure_02_07_052f_img_new.jpg	image/jpeg	20910	333d54dd8bd3f09e8745ab33e111a6914cbf9be366c6c5d9c79f81cc4eb3bc95	1
../../media/CNX_ElemAlg_Figure_02_07_052g_img_new.jpg	media/CNX_ElemAlg_Figure_02_07_052g_img_new.jpg	image/jpeg	23947	259af4d241f147c7bbd6cb533ad9ebdf18e6c8cd02a788915d3317672c7c2c0d	1
../../media/CNX_ElemAlg_Figure_02_07_053_img_new.jpg	media/CNX_ElemAlg_Figure_02_07_053_img_new.jpg	image/jpeg	27629	891f77c6afdc5355c886f13e5c3aea6ac5f9e59b88b68e31a3112017a2de7439	1
../../media/CNX_ElemAlg_Figure_02_07_054_img_new.jpg	media/CNX_ElemAlg_Figure_02_07_054_img_new.jpg	image/jpeg	28305	69acd74fb85af78930492a341f89aa00edd9f8f568248c08d2c3cdb3239f70d7	1
../../media/CNX_ElemAlg_Figure_02_07_055a_img_new.jpg	media/CNX_ElemAlg_Figure_02_07_055a_img_new.jpg	image/jpeg	27639	566b5cbfe0f0b79466c2f514a1595ee3f8b299e31ce4aff645db37e0d7d31ee7	1
../../media/CNX_ElemAlg_Figure_02_07_055b_img_new.jpg	media/CNX_ElemAlg_Figure_02_07_055b_img_new.jpg	image/jpeg	21155	244f4d93e14ddaea4eeeac418655313700bd235081b9622af61e3c4a7f1d473b	1
../../media/CNX_ElemAlg_Figure_02_07_055c_img_new.jpg	media/CNX_ElemAlg_Figure_02_07_055c_img_new.jpg	image/jpeg	19327	c67e33e0c02b7b7dffc8294f0219505d9d0d671b49ac274fa4473783538ce0b8	1
../../media/CNX_ElemAlg_Figure_02_07_055d_img_new.jpg	media/CNX_ElemAlg_Figure_02_07_055d_img_new.jpg	image/jpeg	583099	1c660c46a952a6bb7cd082ac8ea58829f4d3bd9a5744dc59989cd8644ecdae1f	1
../../media/CNX_ElemAlg_Figure_02_07_055e_img_new.jpg	media/CNX_ElemAlg_Figure_02_07_055e_img_new.jpg	image/jpeg	611576	2ff678173ca49c5838b78bfc5e6acec9076d35ec8bbea63257f7fd79ecafcd2a	1
../../media/CNX_ElemAlg_Figure_02_07_056_img_new.jpg	media/CNX_ElemAlg_Figure_02_07_056_img_new.jpg	image/jpeg	31042	5bf2f2375d996e4e9d9fc28d8451e63db98f1f5ddc0c1b359d1fa841fc30c979	1
../../media/CNX_ElemAlg_Figure_02_07_057_img_new.jpg	media/CNX_ElemAlg_Figure_02_07_057_img_new.jpg	image/jpeg	33260	11c3c3797e015186b6e21196dbbe55ed6e42b3a0d46b6d8cf7571946e1eb2d84	1
../../media/CNX_ElemAlg_Figure_02_07_058a_img_new.jpg	media/CNX_ElemAlg_Figure_02_07_058a_img_new.jpg	image/jpeg	25545	1e70cd4c3d1028dbe8e10558518d22f5b69a982b0c8be290edd21abe801691db	1
../../media/CNX_ElemAlg_Figure_02_07_058b_img_new.jpg	media/CNX_ElemAlg_Figure_02_07_058b_img_new.jpg	image/jpeg	21853	f270e74bb084fda69fa6fdedcdb848fd0f4316abc308a2f61c2c69ccb63748a0	1
../../media/CNX_ElemAlg_Figure_02_07_058c_img_new.jpg	media/CNX_ElemAlg_Figure_02_07_058c_img_new.jpg	image/jpeg	18643	3999a0360978a87f0b6a7a08da9d159fb562a44f38fa3273f55188cb9e0516c9	1
../../media/CNX_ElemAlg_Figure_02_07_058d_img_new.jpg	media/CNX_ElemAlg_Figure_02_07_058d_img_new.jpg	image/jpeg	19099	9f4141be1226aa77571e92bf0faaade5bec97610fa1d00d7f3667f8bfd25fc7f	1
../../media/CNX_ElemAlg_Figure_02_07_058e_img_new.jpg	media/CNX_ElemAlg_Figure_02_07_058e_img_new.jpg	image/jpeg	29126	f2dec3d04e6af2a8934048d2bc6f566bc26fae16310d74bf569c8443038a465b	1
../../media/CNX_ElemAlg_Figure_02_07_059_img_new.jpg	media/CNX_ElemAlg_Figure_02_07_059_img_new.jpg	image/jpeg	34412	8c2d70256f557efd2e598f19df8faebfb05429a033bd3851bf61466544663584	1
../../media/CNX_ElemAlg_Figure_02_07_060_img_new.jpg	media/CNX_ElemAlg_Figure_02_07_060_img_new.jpg	image/jpeg	28531	e53b169bd8c2b2f25f71c78230af9c81003fe258f996e8405749632a862186d0	1
../../media/CNX_ElemAlg_Figure_02_07_204_img_new.jpg	media/CNX_ElemAlg_Figure_02_07_204_img_new.jpg	image/jpeg	25519	4806214c22bce60b73b15af0c0bf947f1259342f154036c0586b56a9f329b7f7	1
../../media/CNX_ElemAlg_Figure_02_07_205_img_new.jpg	media/CNX_ElemAlg_Figure_02_07_205_img_new.jpg	image/jpeg	25209	ef6f44cd86c6848b547de9098844dcdf33aa6282367c5ed5fc4179f69dfabf2a	1
../../media/CNX_ElemAlg_Figure_02_07_206_img_new.jpg	media/CNX_ElemAlg_Figure_02_07_206_img_new.jpg	image/jpeg	26402	935491b1dc62bd9f9c4e1619a40d5dd4dc00a852b07b552d3e77c60cc48051a1	1
../../media/CNX_ElemAlg_Figure_02_07_210_img_new.jpg	media/CNX_ElemAlg_Figure_02_07_210_img_new.jpg	image/jpeg	27517	fa205752a94cc02c54a6af420b10b8bdbc047fa422640841ec9059be872f9c81	1
../../media/CNX_ElemAlg_Figure_02_07_211_img_new.jpg	media/CNX_ElemAlg_Figure_02_07_211_img_new.jpg	image/jpeg	17280	2ebc53a4f5d1fedbc75bdc02375122623b946e19f37c5d350ec7046b933018d3	1
../../media/CNX_ElemAlg_Figure_02_07_212_img_new.jpg	media/CNX_ElemAlg_Figure_02_07_212_img_new.jpg	image/jpeg	18485	cf97c8db9e18a6489b193dc642bdeb6336b2c770f00532cf912bd8814a10c732	1
../../media/CNX_ElemAlg_Figure_02_07_216_img_new.jpg	media/CNX_ElemAlg_Figure_02_07_216_img_new.jpg	image/jpeg	20692	f0a21015cac3f81b641444b1407e32142496507c4423d42876d45452aceba501	1
../../media/CNX_ElemAlg_Figure_02_07_217_img_new.jpg	media/CNX_ElemAlg_Figure_02_07_217_img_new.jpg	image/jpeg	21649	1ab644ea28941f24f3509824076811f964499e23d4e99fd44701c5de751af3e5	1
../../media/CNX_ElemAlg_Figure_02_07_218_img_new.jpg	media/CNX_ElemAlg_Figure_02_07_218_img_new.jpg	image/jpeg	32259	29e292174db277024980e5aebbb01565a2e5dca7c0732853d22dc471f0846bdb	1
../../media/CNX_ElemAlg_Figure_02_07_222_img_new.jpg	media/CNX_ElemAlg_Figure_02_07_222_img_new.jpg	image/jpeg	23307	39630275ccbcaa226fe2af0251b5afb4afc8cacfd32b043ece50048080ca74b1	1
../../media/CNX_ElemAlg_Figure_02_07_223_img_new.jpg	media/CNX_ElemAlg_Figure_02_07_223_img_new.jpg	image/jpeg	24699	9024d59a894cdfafb5e861a6bb14930fc8baeb174fbbc49bf00378579f74ec49	1
../../media/CNX_ElemAlg_Figure_02_07_224_img_new.jpg	media/CNX_ElemAlg_Figure_02_07_224_img_new.jpg	image/jpeg	35199	8dae0691bf6710276eeb95437be388e33e3de6b99532c331c61581b756ea7f16	1
../../media/CNX_ElemAlg_Figure_02_07_226_img_new.jpg	media/CNX_ElemAlg_Figure_02_07_226_img_new.jpg	image/jpeg	31747	9de2e66ed0a30b1009e52a25c283d50781423a02bd17bd59bcd688b77e87aa92	1
../../media/CNX_ElemAlg_Figure_02_07_228_img_new.jpg	media/CNX_ElemAlg_Figure_02_07_228_img_new.jpg	image/jpeg	31769	cdca3dcbd11961c391294d67f78d6e8c0840c7c1720ac3dd8e9e0c22b0def6ad	1
../../media/CNX_ElemAlg_Figure_02_07_230_img_new.jpg	media/CNX_ElemAlg_Figure_02_07_230_img_new.jpg	image/jpeg	35973	b6f43d8c958187cf854e03555cdfcab11ab04df9a5c65499c64e2bc31a6e954d	1
../../media/CNX_ElemAlg_Figure_02_07_232_img_new.jpg	media/CNX_ElemAlg_Figure_02_07_232_img_new.jpg	image/jpeg	32965	425a8761ae56d8e9ce0ea8cb224ff749285d7157c250a8b55e60c5a223a24455	1
../../media/CNX_ElemAlg_Figure_02_07_234_img_new.jpg	media/CNX_ElemAlg_Figure_02_07_234_img_new.jpg	image/jpeg	31522	dedd0ff095ccc97b6a5ffdf80c73b3cd07377cf09a0f62cc92dbfdcf84378fef	1
../../media/CNX_ElemAlg_Figure_02_07_236_img_new.jpg	media/CNX_ElemAlg_Figure_02_07_236_img_new.jpg	image/jpeg	31110	9ca56ef020ca6fcc059d2324691e67f4e420996b9fd5d1b938b4ebb39a249abe	1
../../media/CNX_ElemAlg_Figure_02_07_238_img_new.jpg	media/CNX_ElemAlg_Figure_02_07_238_img_new.jpg	image/jpeg	32177	691091d89788f785c11fa704c023047325edc416bf5c29a83e37c0c417b2ba97	1
../../media/CNX_ElemAlg_Figure_02_07_240_img_new.jpg	media/CNX_ElemAlg_Figure_02_07_240_img_new.jpg	image/jpeg	33590	5a6ba9d30c1da419676252cfd86467e3d73de77b326728ed082093d599020788	1
../../media/CNX_ElemAlg_Figure_02_07_243_img_new.jpg	media/CNX_ElemAlg_Figure_02_07_243_img_new.jpg	image/jpeg	33713	4c658c731e27b5712271f389c13435f0301b7b58759536d37cefc129b05350bb	1
../../media/CNX_ElemAlg_Figure_02_07_245_img_new.jpg	media/CNX_ElemAlg_Figure_02_07_245_img_new.jpg	image/jpeg	33305	44fd488340c0c3048326543fc52a93f67fd657c4f67cebcc22a96aeb8529d503	1
../../media/CNX_ElemAlg_Figure_02_07_247_img_new.jpg	media/CNX_ElemAlg_Figure_02_07_247_img_new.jpg	image/jpeg	34552	7d5a7f5775e34eb93d75c38a8d3027bb2049c752c64e14a406f4c96208a63111	1
../../media/CNX_ElemAlg_Figure_02_07_249_img_new.jpg	media/CNX_ElemAlg_Figure_02_07_249_img_new.jpg	image/jpeg	35370	f05e874c8d724e3508ca88dc8a71d0c8c7dee37b5a7f1d18b0ec355b21647d0a	1
../../media/CNX_ElemAlg_Figure_02_07_251_img_new.jpg	media/CNX_ElemAlg_Figure_02_07_251_img_new.jpg	image/jpeg	32830	17bf033add7733b7ba98ecf88da539ac2c7561fc27f780df027c8755b34a2261	1
../../media/CNX_ElemAlg_Figure_02_07_253_img_new.jpg	media/CNX_ElemAlg_Figure_02_07_253_img_new.jpg	image/jpeg	34231	753cfb1fbaf6245a045f252baeab13dc6ebba1959cdee8b3a25256aa4f8acd33	1
../../media/CNX_ElemAlg_Figure_02_07_255_img_new.jpg	media/CNX_ElemAlg_Figure_02_07_255_img_new.jpg	image/jpeg	31358	d957e39189d06586be9e2fd951a3f2961796faa21cfd32bb3af96e39d14ef8eb	1
../../media/CNX_ElemAlg_Figure_02_07_257_img.jpg	media/CNX_ElemAlg_Figure_02_07_257_img.jpg	image/jpeg	42310	f7e66b275b34ba58f29f63b502e3d2b8d5288c961446bd23e81a6f7090f71037	1
../../media/CNX_ElemAlg_Figure_02_07_259_img_new.jpg	media/CNX_ElemAlg_Figure_02_07_259_img_new.jpg	image/jpeg	30291	f778426c5612a3d516cd1b7106be548f2d61c454df42c713e789e6edc4a79a18	1
../../media/CNX_ElemAlg_Figure_02_07_261_img_new.jpg	media/CNX_ElemAlg_Figure_02_07_261_img_new.jpg	image/jpeg	33254	4dc9731f406de314e871d4d308876e38e520b5209c1eaf2c991202ca94b19925	1
../../media/CNX_ElemAlg_Figure_02_07_263_img_new.jpg	media/CNX_ElemAlg_Figure_02_07_263_img_new.jpg	image/jpeg	35091	e709fcdffd1be538073f220c586527d1ec1d527cf9cbcb441e72c3735aba3992	1
../../media/CNX_ElemAlg_Figure_02_07_265_img_new.jpg	media/CNX_ElemAlg_Figure_02_07_265_img_new.jpg	image/jpeg	34994	5927613fdfd5f295eb2a51d06ff504cef3c76548492ea95f37eb6548bf89e5a7	1
../../media/CNX_ElemAlg_Figure_02_07_267_img_new.jpg	media/CNX_ElemAlg_Figure_02_07_267_img_new.jpg	image/jpeg	35426	fdfa646021c327a7091ac37705006817965f79b0c42d3f72017b4a61b222faed	1
../../media/CNX_ElemAlg_Figure_02_07_269_img_new.jpg	media/CNX_ElemAlg_Figure_02_07_269_img_new.jpg	image/jpeg	36103	f4891200fb7100c0e80f577bc1dcc3bf59646d74f0916669c9ce88f2d39b28c3	1
../../media/CNX_ElemAlg_Figure_02_07_271_img_new.jpg	media/CNX_ElemAlg_Figure_02_07_271_img_new.jpg	image/jpeg	32067	23b42f27308ae9adfe0b78ce09ef62e4cf18b10f854e25f49e6b435783a8fba3	1
../../media/CNX_ElemAlg_Figure_02_07_273_img_new.jpg	media/CNX_ElemAlg_Figure_02_07_273_img_new.jpg	image/jpeg	35929	bc491f1786a24dbb55ab8344516c3ead433e2bbfa4958c38bbbc7f437425a770	1
../../media/CNX_ElemAlg_Figure_02_07_275_img_new.jpg	media/CNX_ElemAlg_Figure_02_07_275_img_new.jpg	image/jpeg	33624	457a41e28d69e0d4e9b941852b5b19a89df724e3b48d7b06dc7b5b336cdc7813	1
../../media/CNX_ElemAlg_Figure_02_07_277_img_new.jpg	media/CNX_ElemAlg_Figure_02_07_277_img_new.jpg	image/jpeg	35759	647df2bcd381b352c8c4e0e6c9f4b645f7783cf28014619f44a550dc84deda7e	1
../../media/CNX_ElemAlg_Figure_02_07_279_img_new.jpg	media/CNX_ElemAlg_Figure_02_07_279_img_new.jpg	image/jpeg	37457	5e79f2a008b0dd15793ff8bc4c23eb3a523b6e98ecb0c35b5bea591aee98ef2b	1
../../media/CNX_ElemAlg_Figure_02_07_281_img_new.jpg	media/CNX_ElemAlg_Figure_02_07_281_img_new.jpg	image/jpeg	38862	2f309f0b5f2d1b377c7c55742386739acb27c810dcdd3cdb460193fde5f927aa	1
../../media/CNX_ElemAlg_Figure_02_07_283_img_new.jpg	media/CNX_ElemAlg_Figure_02_07_283_img_new.jpg	image/jpeg	609092	768ba29a24700ffaa18f48312199fd27fbdecf2a511bb787e3d7c58fe28fc00c	1
../../media/CNX_ElemAlg_Figure_02_07_285_img_new.jpg	media/CNX_ElemAlg_Figure_02_07_285_img_new.jpg	image/jpeg	42807	86e05243d48a7618c41684183df68d5c581f09f21ca8e551e7605cee8cc26eb2	1
../../media/CNX_ElemAlg_Figure_02_07_287_img_new.jpg	media/CNX_ElemAlg_Figure_02_07_287_img_new.jpg	image/jpeg	44865	3eae73e324e32e76863dfe2be251a77501560f8d8b6e13ca7218917e3d085ecf	1
../../media/CNX_ElemAlg_Figure_02_07_289_img_new.jpg	media/CNX_ElemAlg_Figure_02_07_289_img_new.jpg	image/jpeg	20589	e80505f574b232cbdde76eadb27b335c00112e3932b1b395405afaf901a7166f	1
../../media/CNX_ElemAlg_Figure_02_07_291_img_new.jpg	media/CNX_ElemAlg_Figure_02_07_291_img_new.jpg	image/jpeg	24615	7ac564cd694231a4b338bd13491efdc277f93313a6e8c2475b0377aeb30ee4e8	1
../../media/CNX_ElemAlg_Figure_02_07_294_img_new.jpg	media/CNX_ElemAlg_Figure_02_07_294_img_new.jpg	image/jpeg	21066	e8c244a44b477a525f152bfb30e57756baa2fac1fb40da92bd1c1456387ed29a	1
../../media/CNX_ElemAlg_Figure_02_07_295_img_new.jpg	media/CNX_ElemAlg_Figure_02_07_295_img_new.jpg	image/jpeg	21535	54aa2cbfbd3773c5bef04f58eb6121427f4d354d7e185bb5e93529d55f71bec9	1
../../media/CNX_ElemAlg_Figure_02_07_296_img_new.jpg	media/CNX_ElemAlg_Figure_02_07_296_img_new.jpg	image/jpeg	22805	676e13b0b4768c7fd1454dd8977b02fcd25e438919373250437e3d08444d0eb0	1
../../media/CNX_ElemAlg_Figure_02_07_300_img_new.jpg	media/CNX_ElemAlg_Figure_02_07_300_img_new.jpg	image/jpeg	18469	41c5e5c580ef32f9d9781a4db12925bf7cdf375de2b40407f0b554694d4f93df	1
../../media/CNX_ElemAlg_Figure_02_07_301_img_new.jpg	media/CNX_ElemAlg_Figure_02_07_301_img_new.jpg	image/jpeg	21807	4745af9d5471d81436e8fbded5a3eae8c9fb8977c958e2fd14138d0ff26937af	1
../../media/CNX_ElemAlg_Figure_02_07_302_img_new.jpg	media/CNX_ElemAlg_Figure_02_07_302_img_new.jpg	image/jpeg	20921	65363e810ea51fbeb46858a3b7ac0e03bcfbca576507777378136d7b19e6691d	1
../../media/CNX_ElemAlg_Figure_02_07_304_img_new.jpg	media/CNX_ElemAlg_Figure_02_07_304_img_new.jpg	image/jpeg	39530	4cad0310d6f6f3d762e0ac02a65b5a28ada18e62f6eb5d927dd35c6492817428	1
../../media/CNX_ElemAlg_Figure_02_07_306_img_new.jpg	media/CNX_ElemAlg_Figure_02_07_306_img_new.jpg	image/jpeg	31746	c1dc8a8a6f29dc3c59d498656b68cee4a0d11faa886950eeb3f6bb9cf50c6699	1
../../media/CNX_ElemAlg_Figure_02_07_308_img_new.jpg	media/CNX_ElemAlg_Figure_02_07_308_img_new.jpg	image/jpeg	39908	3db18f19e3afb80e6dc070bbb0fa3065b8659a3f74276dc7c07dd7fb3080f768	1
../../media/CNX_ElemAlg_Figure_02_07_310_img_new.jpg	media/CNX_ElemAlg_Figure_02_07_310_img_new.jpg	image/jpeg	41927	3cd1d0bae1d3695a4c3bd7b46195b712bc1fd1943e792a05ddeb8a70c98ee80f	1
../../media/CNX_ElemAlg_Figure_02_07_312_img_new.jpg	media/CNX_ElemAlg_Figure_02_07_312_img_new.jpg	image/jpeg	35040	41541bc9f94fdc070fa5527e5d141b31e299b615c98fea7b5c978de48727defb	1
../../media/CNX_ElemAlg_Figure_02_07_314_img_new.jpg	media/CNX_ElemAlg_Figure_02_07_314_img_new.jpg	image/jpeg	41764	255f6672be75861a1653cac270f5fba0eec9f3a4bb6dace105f3ea4f2aa473d2	1
../../media/CNX_ElemAlg_Figure_02_07_316_img_new.jpg	media/CNX_ElemAlg_Figure_02_07_316_img_new.jpg	image/jpeg	21530	d7f2c4eb2a432305cc3a297b3efb896954ecbfda97eb9b46526236ff04c1969b	1
../../media/CNX_ElemAlg_Figure_02_07_318_img_new.jpg	media/CNX_ElemAlg_Figure_02_07_318_img_new.jpg	image/jpeg	19786	ee51a78a5f205e4bde0e7489287efd4e26545451b4f79adcd6723d606153176b	1
../../media/CNX_ElemAlg_Figure_02_07_320_img_new.jpg	media/CNX_ElemAlg_Figure_02_07_320_img_new.jpg	image/jpeg	29261	777d460fc0a94bc196fc192c5f1e3d61c02546c5f98d45f25a5a7b87090c7d7f	1
../../media/CNX_ElemAlg_Figure_02_07_322_img_new.jpg	media/CNX_ElemAlg_Figure_02_07_322_img_new.jpg	image/jpeg	43511	3c35c0199ee4b6bb3d0fc39593dfbf1fc1db12d3f862a8364f7ec2f65e6badf9	1
../../media/CNX_ElemAlg_Figure_02_07_323_img_new.jpg	media/CNX_ElemAlg_Figure_02_07_323_img_new.jpg	image/jpeg	98760	bff8da1f26426730c898658c0fa968ce346719427bbf2f6b23100b95e311665a	1
../../media/CNX_ElemAlg_Figure_03_00_001_img_new.jpg	media/CNX_ElemAlg_Figure_03_00_001_img_new.jpg	image/jpeg	389420	d996310fb8c6bdb2a7fbf14ee6e9a0780c732a99e8ef10eb9ffa0111d2e2c018	1
../../media/CNX_ElemAlg_Figure_03_01_002_img_new.jpg	media/CNX_ElemAlg_Figure_03_01_002_img_new.jpg	image/jpeg	92205	291098b6390a5bf1a5d5d73fe48f35d1d7cd79fafa0fd410bc862b98a058fb86	1
../../media/CNX_ElemAlg_Figure_03_01_003.jpg	media/CNX_ElemAlg_Figure_03_01_003.jpg	image/jpeg	692587	d3ced01bf45ff66dc4eb116b9ca2e0f81fc3af8d294b0a65a965e7286543c51d	1
../../media/CNX_ElemAlg_Figure_03_01_004a_img_new.jpg	media/CNX_ElemAlg_Figure_03_01_004a_img_new.jpg	image/jpeg	36776	a8337781046979981f459920c6c244ae9e80d1e2e49df50daa35f5de86d8fc01	1
../../media/CNX_ElemAlg_Figure_03_01_004b_img_new.jpg	media/CNX_ElemAlg_Figure_03_01_004b_img_new.jpg	image/jpeg	30831	8febe36fdcf4fead194f795362a35a0ee83367098773534dab259ddcd141afd8	1
../../media/CNX_ElemAlg_Figure_03_01_005a_img_new.jpg	media/CNX_ElemAlg_Figure_03_01_005a_img_new.jpg	image/jpeg	35228	c99487a1d09c35339cdb1749fda65f6331a2b2dfc5b6062667ae22b42c145117	1
../../media/CNX_ElemAlg_Figure_03_01_005b_img_new.jpg	media/CNX_ElemAlg_Figure_03_01_005b_img_new.jpg	image/jpeg	37940	219c16fa3149677bb3f17c6677b8988095dbdf971713ad9b8951ba18b7eb6813	1
../../media/CNX_ElemAlg_Figure_03_01_005c_img_new.jpg	media/CNX_ElemAlg_Figure_03_01_005c_img_new.jpg	image/jpeg	33793	2671eac7d22d5e455008fc84aa88627050c0681ef22f852c63c33fb3555c1240	1
../../media/CNX_ElemAlg_Figure_03_01_006a_img_new.jpg	media/CNX_ElemAlg_Figure_03_01_006a_img_new.jpg	image/jpeg	36658	f2b0ab5d42f4c7366f78855523842c30dc6b07774f023adbfda5d183de69952b	1
../../media/CNX_ElemAlg_Figure_03_01_006b_img_new.jpg	media/CNX_ElemAlg_Figure_03_01_006b_img_new.jpg	image/jpeg	39123	2224cd2c95c6a532d9447bb9f8f1d2ab5b61895b4d8af69d28688fded1159f36	1
../../media/CNX_ElemAlg_Figure_03_01_006c_img_new.jpg	media/CNX_ElemAlg_Figure_03_01_006c_img_new.jpg	image/jpeg	35101	e0eb0e76ccc64f6a89407a948259d348de802c3d998aad33b5d60dc945aacb66	1
../../media/CNX_ElemAlg_Figure_03_01_007a_img_new.jpg	media/CNX_ElemAlg_Figure_03_01_007a_img_new.jpg	image/jpeg	54872	6e1485b491dc95c3a60f9b57f349c485156eb6cad8f26ca2240391f12d885caa	1
../../media/CNX_ElemAlg_Figure_03_01_007b_img_new.jpg	media/CNX_ElemAlg_Figure_03_01_007b_img_new.jpg	image/jpeg	43852	69696f64afdded137c61085e9069e767f46280e678aeb43dcdd271efa1911e22	1
../../media/CNX_ElemAlg_Figure_03_01_007c_img_new.jpg	media/CNX_ElemAlg_Figure_03_01_007c_img_new.jpg	image/jpeg	42892	b1e9b2a35db0d09e5424f5646cafc56dfa3ba9c0cb5025025c69d0bc74815428	1
../../media/CNX_ElemAlg_Figure_03_01_007d_img_new.jpg	media/CNX_ElemAlg_Figure_03_01_007d_img_new.jpg	image/jpeg	44711	bbc9842517e1b18133d3dcdcf4aab2cbdf359d780b12560e39b40e1139ad4b21	1
../../media/CNX_ElemAlg_Figure_03_01_007e_img_new.jpg	media/CNX_ElemAlg_Figure_03_01_007e_img_new.jpg	image/jpeg	42288	cc8eb1435590617ba6c674303e453ac677961e758af69b1f8b62b0921217e380	1
../../media/CNX_ElemAlg_Figure_03_01_007f_img_new.jpg	media/CNX_ElemAlg_Figure_03_01_007f_img_new.jpg	image/jpeg	44016	20cc9e4979dcb475cd77ee273572444174ea62695245e114ac18c87c6ebfbb57	1
../../media/CNX_ElemAlg_Figure_03_01_007g_img_new.jpg	media/CNX_ElemAlg_Figure_03_01_007g_img_new.jpg	image/jpeg	42055	57523c05d5b3d51dadb11933b5c6a0814b66d921677fa8091eac1fdad4ffd122	1
../../media/CNX_ElemAlg_Figure_03_01_008a_img_new.jpg	media/CNX_ElemAlg_Figure_03_01_008a_img_new.jpg	image/jpeg	50739	530272bb6b0fb0004798d6e91dacf738d65cd3686de171e1c1b2887234098d95	1
../../media/CNX_ElemAlg_Figure_03_01_008b_img_new.jpg	media/CNX_ElemAlg_Figure_03_01_008b_img_new.jpg	image/jpeg	44024	4eea18c1e35b34c0e5080692068a743710d25b0b0cf48d88b5a91b15503fd401	1
../../media/CNX_ElemAlg_Figure_03_01_008c_img_new.jpg	media/CNX_ElemAlg_Figure_03_01_008c_img_new.jpg	image/jpeg	43077	237a4a48417b0435ad765b96258f51884fbdc271500db83cc69f6fae077c9f05	1
../../media/CNX_ElemAlg_Figure_03_01_008d_img_new.jpg	media/CNX_ElemAlg_Figure_03_01_008d_img_new.jpg	image/jpeg	42699	95b5383eb7c8f06e3c6a733f5e1c5bafbc6a6a52aab65dc978642df83d16c5b5	1
../../media/CNX_ElemAlg_Figure_03_01_009a_img_new.jpg	media/CNX_ElemAlg_Figure_03_01_009a_img_new.jpg	image/jpeg	50785	98f4fe79d64338168dad6c3fad8e5e92985ab5a1a6179f0db9b2ccd37017e99b	1
../../media/CNX_ElemAlg_Figure_03_01_009b_img_new.jpg	media/CNX_ElemAlg_Figure_03_01_009b_img_new.jpg	image/jpeg	44581	4add254eccbd3a47ec8487cf0ea976b8f4262a5aac4efc86242fb965ad0a2c1c	1
../../media/CNX_ElemAlg_Figure_03_01_009c_img_new.jpg	media/CNX_ElemAlg_Figure_03_01_009c_img_new.jpg	image/jpeg	43624	6c90034d565a92762eae11d69e98ec68b8dcfbf1aea287de1754699e1b8c7b1f	1
../../media/CNX_ElemAlg_Figure_03_01_009d_img_new.jpg	media/CNX_ElemAlg_Figure_03_01_009d_img_new.jpg	image/jpeg	43174	fe6acbe3dff7215a489da214b0d3db916cc8b0e9a1dd281df4b1c26cff0b2a59	1
../../media/CNX_ElemAlg_Figure_03_01_009e_img_new.jpg	media/CNX_ElemAlg_Figure_03_01_009e_img_new.jpg	image/jpeg	42702	747bbb140382e266b2b1817b713f8b1b2aeb95a706ec3746a108ba53ac6ebfdb	1
../../media/CNX_ElemAlg_Figure_03_01_010a_img_new.jpg	media/CNX_ElemAlg_Figure_03_01_010a_img_new.jpg	image/jpeg	49694	de3230da57907ea808f19878d72bc715aa4a22041dbab02a8e631fc135c416db	1
../../media/CNX_ElemAlg_Figure_03_01_010b_img_new.jpg	media/CNX_ElemAlg_Figure_03_01_010b_img_new.jpg	image/jpeg	46354	282ed7c76149063b1d30ebc70c7a54030fdd4b0741eb5bf7fc7072616b92e958	1
../../media/CNX_ElemAlg_Figure_03_01_010c_img_new.jpg	media/CNX_ElemAlg_Figure_03_01_010c_img_new.jpg	image/jpeg	45451	d5bfef0e60ae711561784090201ca69b4cad4392a843d48360ccab020eb1e6e4	1
../../media/CNX_ElemAlg_Figure_03_01_010d_img_new.jpg	media/CNX_ElemAlg_Figure_03_01_010d_img_new.jpg	image/jpeg	45074	f21beeeb24b840a6cb25932a9435698e94c882f07e4d3eba6ca8b9604436e6fb	1
../../media/CNX_ElemAlg_Figure_03_01_010e_img_new.jpg	media/CNX_ElemAlg_Figure_03_01_010e_img_new.jpg	image/jpeg	44555	ff0237e1480cfad3b344b11ae919ed2372e93c8096d3a5bfaa65626e91623522	1
../../media/CNX_ElemAlg_Figure_03_01_010f_img_new.jpg	media/CNX_ElemAlg_Figure_03_01_010f_img_new.jpg	image/jpeg	45462	60a3f6d115f5001e72bd1bb78474ff9d049ec1233efb1b233ba02201026e0be9	1
../../media/CNX_ElemAlg_Figure_03_01_010g_img_new.jpg	media/CNX_ElemAlg_Figure_03_01_010g_img_new.jpg	image/jpeg	45628	1703441437340d9a2a061bef41f9ddfac475fb408619557e1172c99b7245eeba	1
../../media/CNX_ElemAlg_Figure_03_01_010h_img_new.jpg	media/CNX_ElemAlg_Figure_03_01_010h_img_new.jpg	image/jpeg	44590	5daf8325e13de89be54a815c7c6b34cbf2a07d8a0f7f73e98005da86977689cc	1
../../media/CNX_ElemAlg_Figure_03_01_010i_img_new.jpg	media/CNX_ElemAlg_Figure_03_01_010i_img_new.jpg	image/jpeg	43484	b61e4bd5fd1131c50d672f5fa1eb4306f87b0c6513d53eb0aa17519fc726af59	1
../../media/CNX_ElemAlg_Figure_03_01_011a_img_new.jpg	media/CNX_ElemAlg_Figure_03_01_011a_img_new.jpg	image/jpeg	51573	845bc67216c79c1885667fa8efc3d7b7800d5e5a74edb7434b019e4e251492e6	1
../../media/CNX_ElemAlg_Figure_03_01_011b_img_new.jpg	media/CNX_ElemAlg_Figure_03_01_011b_img_new.jpg	image/jpeg	45896	5167171b6726c3b152b72f04c8145235afb03a268da0268b7a1a68ce97a6cd53	1
../../media/CNX_ElemAlg_Figure_03_01_011c_img_new.jpg	media/CNX_ElemAlg_Figure_03_01_011c_img_new.jpg	image/jpeg	44922	67b03750d414507953adb796b1e83602ff7549935d96ed8e8d25c2337bf23dc9	1
../../media/CNX_ElemAlg_Figure_03_01_011d_img_new.jpg	media/CNX_ElemAlg_Figure_03_01_011d_img_new.jpg	image/jpeg	44583	f3c8d10192ae5d2686673136b861d511adc7582dd0731be60331717638788c03	1
../../media/CNX_ElemAlg_Figure_03_01_011e_img_new.jpg	media/CNX_ElemAlg_Figure_03_01_011e_img_new.jpg	image/jpeg	44257	f87114f8f520d8d6e1e6e6de393a65aeacdf6e0bf11a88811d0eed2b471192d0	1
../../media/CNX_ElemAlg_Figure_03_01_011f_img_new.jpg	media/CNX_ElemAlg_Figure_03_01_011f_img_new.jpg	image/jpeg	45264	d43146f05aa0c15c5741a75c4c2ea28c105b146ef616e004ff42dc43ee1a2b3f	1
../../media/CNX_ElemAlg_Figure_03_01_011g_img_new.jpg	media/CNX_ElemAlg_Figure_03_01_011g_img_new.jpg	image/jpeg	45199	03fc872f793ffa389b30ed8270eea998e12a1755a35f4d90a7d3be8b1a2c88de	1
../../media/CNX_ElemAlg_Figure_03_01_011h_img_new.jpg	media/CNX_ElemAlg_Figure_03_01_011h_img_new.jpg	image/jpeg	44155	a4ca9f4b8ccf31f9bf3419b0788832fde7fd98237ac198276693d8902e70391b	1
../../media/CNX_ElemAlg_Figure_03_01_011i_img_new.jpg	media/CNX_ElemAlg_Figure_03_01_011i_img_new.jpg	image/jpeg	44026	83c7a0ce4ed94ae3e67c7aaeca49bcd97db5234f0ec143d253c65eaeb6fcc8fc	1
../../media/CNX_ElemAlg_Figure_03_01_012a_img_new.jpg	media/CNX_ElemAlg_Figure_03_01_012a_img_new.jpg	image/jpeg	45857	65efb62f3e0db80101c989ccbf8956c47b246487f072aba809411944439529ba	1
../../media/CNX_ElemAlg_Figure_03_01_012b_img_new.jpg	media/CNX_ElemAlg_Figure_03_01_012b_img_new.jpg	image/jpeg	45855	7b0c76b9dbbddadcca61d7e9e1dc3c96075be6e2e9408cf63853d78378aed172	1
../../media/CNX_ElemAlg_Figure_03_01_012c_img_new.jpg	media/CNX_ElemAlg_Figure_03_01_012c_img_new.jpg	image/jpeg	45276	9f1f3a44b4bbd388dd4b99f3bda516b0b365ffd5b59bed64f422df0f508eeebe	1
../../media/CNX_ElemAlg_Figure_03_01_012d_img_new.jpg	media/CNX_ElemAlg_Figure_03_01_012d_img_new.jpg	image/jpeg	44707	a0534fc0f0326cfac8f0d250d701f41cbcd1a2abd9ac10ad9d68689e46d763c9	1
../../media/CNX_ElemAlg_Figure_03_01_012e_img_new.jpg	media/CNX_ElemAlg_Figure_03_01_012e_img_new.jpg	image/jpeg	46654	0dfd0453fec7d3e8fece8156b0155d7a063d90202d1dc61b5c7d5c290365cb69	1
../../media/CNX_ElemAlg_Figure_03_01_012f_img_new.jpg	media/CNX_ElemAlg_Figure_03_01_012f_img_new.jpg	image/jpeg	47069	a1ed4a9d83860049795a7294077fe8722a670bb0171368730c7e94a0a3d0c6d8	1
../../media/CNX_ElemAlg_Figure_03_01_012g_img_new.jpg	media/CNX_ElemAlg_Figure_03_01_012g_img_new.jpg	image/jpeg	45838	842679436f8a3b4de1d0efaa13adabb79ef139de6bb5b4c3deffceefc2ec13ed	1
../../media/CNX_ElemAlg_Figure_03_01_012h_img_new.jpg	media/CNX_ElemAlg_Figure_03_01_012h_img_new.jpg	image/jpeg	43774	9a280f44912bab0a295d52cfe38f534aa54789d576b06ca90c6f0db7d62fd6c6	1
../../media/CNX_ElemAlg_Figure_03_01_013a_img_new.jpg	media/CNX_ElemAlg_Figure_03_01_013a_img_new.jpg	image/jpeg	47171	9b063eda71793abdae53c9ce695390c3a6ba4a7b0aed9e165c9d9daaa6f58a48	1
../../media/CNX_ElemAlg_Figure_03_01_013b_img_new.jpg	media/CNX_ElemAlg_Figure_03_01_013b_img_new.jpg	image/jpeg	47187	3826c370ffe8b5a05d5ba0bc70c08c7a4a5a9d5af1470e30aa5bee66baa3ff1e	1
../../media/CNX_ElemAlg_Figure_03_01_013c_img_new.jpg	media/CNX_ElemAlg_Figure_03_01_013c_img_new.jpg	image/jpeg	46902	4b318a6c18a7016e472263852b3059ba14be76e2d8be97432984d7af2b4ace40	1
../../media/CNX_ElemAlg_Figure_03_01_013d_img_new.jpg	media/CNX_ElemAlg_Figure_03_01_013d_img_new.jpg	image/jpeg	46495	8504f6842bf5c747f320d5c2a7aaffd560fdf3a3464ce9bfa4d472de4e5c2334	1
../../media/CNX_ElemAlg_Figure_03_01_013e_img_new.jpg	media/CNX_ElemAlg_Figure_03_01_013e_img_new.jpg	image/jpeg	47920	ed9cb0e697d401b057c4b8d771c3f76bdb88fc69d8e60e4c58ad92bfcab8dea7	1
../../media/CNX_ElemAlg_Figure_03_01_013f_img_new.jpg	media/CNX_ElemAlg_Figure_03_01_013f_img_new.jpg	image/jpeg	50343	9e9c642472f1ce0dcc08d5615c61464676bbf633e30fdfaec989a98fc20bb8f8	1
../../media/CNX_ElemAlg_Figure_03_01_013g_img_new.jpg	media/CNX_ElemAlg_Figure_03_01_013g_img_new.jpg	image/jpeg	46726	bacf2f37e764d3a9e5cefd779bb52c91c5c84dd91f34a081d1d5e19088049376	1
../../media/CNX_ElemAlg_Figure_03_01_013h_img_new.jpg	media/CNX_ElemAlg_Figure_03_01_013h_img_new.jpg	image/jpeg	45626	877aa0a7a7be46d9ff67ebdb5aff412dc474ea83fd1199b59d1f99bd6324d1f2	1
../../media/CNX_ElemAlg_Figure_03_01_014a_img_new.jpg	media/CNX_ElemAlg_Figure_03_01_014a_img_new.jpg	image/jpeg	49856	2b7787bd265ed49eb39b38e5e22d025a320b6682fd43fcb7d99b2b9db008632c	1
../../media/CNX_ElemAlg_Figure_03_01_014b_img_new.jpg	media/CNX_ElemAlg_Figure_03_01_014b_img_new.jpg	image/jpeg	50292	ed818e312b3d027f3420162a22d1cb4fc0bfaec44e343326e2c64020f63d0e2a	1
../../media/CNX_ElemAlg_Figure_03_01_014c_img_new.jpg	media/CNX_ElemAlg_Figure_03_01_014c_img_new.jpg	image/jpeg	50981	67f6ab2b84c7ad028e77ffbcddbf02d0ffc6759f72476d39ecdbec57f9c18e79	1
../../media/CNX_ElemAlg_Figure_03_01_014d_img_new.jpg	media/CNX_ElemAlg_Figure_03_01_014d_img_new.jpg	image/jpeg	51494	e0c440ed2ff51a63de409498f060f5db1b108c39ec3d080bcb4b3d7dfdbb4f0b	1
../../media/CNX_ElemAlg_Figure_03_01_014e_img_new.jpg	media/CNX_ElemAlg_Figure_03_01_014e_img_new.jpg	image/jpeg	51233	60e477fb1c00a7af33320b0d1aa983d2b4b4db5940eeffeb0ce91e0e9f15caf5	1
../../media/CNX_ElemAlg_Figure_03_01_014f_img_new.jpg	media/CNX_ElemAlg_Figure_03_01_014f_img_new.jpg	image/jpeg	50704	1af5fff18585cf321905e591020b6e3beab08d5fb4e60608612304bcb9b2e9a1	1
../../media/CNX_ElemAlg_Figure_03_01_014g_img_new.jpg	media/CNX_ElemAlg_Figure_03_01_014g_img_new.jpg	image/jpeg	51605	49075fcdf439aabba37acb69091831a08da20b1300dd824e5ce5742508b1be57	1
../../media/CNX_ElemAlg_Figure_03_01_014h_img_new.jpg	media/CNX_ElemAlg_Figure_03_01_014h_img_new.jpg	image/jpeg	52253	926dd942656c343a70237dacf482cfd03510adb62ab9e8759d95da8acab9fc00	1
../../media/CNX_ElemAlg_Figure_03_01_014i_img_new.jpg	media/CNX_ElemAlg_Figure_03_01_014i_img_new.jpg	image/jpeg	51212	e674a56741a80964c80ef7a25ec839b529101788b6875be50f654b8682e2bf94	1
../../media/CNX_ElemAlg_Figure_03_01_014j_img_new.jpg	media/CNX_ElemAlg_Figure_03_01_014j_img_new.jpg	image/jpeg	50852	b1503f7795c008c7b1caa464a105508bf2d629b53081ce54f8e11643167febeb	1
../../media/CNX_ElemAlg_Figure_03_01_014k_img_new.jpg	media/CNX_ElemAlg_Figure_03_01_014k_img_new.jpg	image/jpeg	46251	8c574a4d6a10589af7048b2d6215ae4103a44d06b86410de7a3e3e9486890f69	1
../../media/CNX_ElemAlg_Figure_03_01_015a_img_new.jpg	media/CNX_ElemAlg_Figure_03_01_015a_img_new.jpg	image/jpeg	53470	57386e2c9d39b2ec1a021d9c1ec9859b99385816491516c44fff46bce43ec997	1
../../media/CNX_ElemAlg_Figure_03_01_015b_img_new.jpg	media/CNX_ElemAlg_Figure_03_01_015b_img_new.jpg	image/jpeg	45348	c760b9d7b7d1682290fea3188dd1455ff2f8afa458e2cb20c580d4c06e0ab921	1
../../media/CNX_ElemAlg_Figure_03_01_201_img_new.jpg	media/CNX_ElemAlg_Figure_03_01_201_img_new.jpg	image/jpeg	54030	a4dabd2ee6176721236bbc50a957f7f94380d3c4ef50c332a80d245d2e46f012	1
../../media/CNX_ElemAlg_Figure_03_02_001a_img_new.jpg	media/CNX_ElemAlg_Figure_03_02_001a_img_new.jpg	image/jpeg	51033	b1cbfdfa8169ecaa5db8d208f73ed2c115d5ce50e00d5497948fc6da81716287	1
../../media/CNX_ElemAlg_Figure_03_02_001b_img_new.jpg	media/CNX_ElemAlg_Figure_03_02_001b_img_new.jpg	image/jpeg	45868	4291a63468c58409c910ab443dc23673799c24e0305ec35d2a8d2f4ea0bf599f	1
../../media/CNX_ElemAlg_Figure_03_02_001c_img_new.jpg	media/CNX_ElemAlg_Figure_03_02_001c_img_new.jpg	image/jpeg	48893	69c708c0c505ec1cfe0b9a1cd99702f4fcdd85faae2514feccf00012f28588c5	1
../../media/CNX_ElemAlg_Figure_03_02_002a_img_new.jpg	media/CNX_ElemAlg_Figure_03_02_002a_img_new.jpg	image/jpeg	49475	71b27a2e5b8bf5ff80fd476dfc5f9bb27c14a54820dcef03d9fca9acd120262d	1
../../media/CNX_ElemAlg_Figure_03_02_002b_img_new.jpg	media/CNX_ElemAlg_Figure_03_02_002b_img_new.jpg	image/jpeg	44437	5778db2375bec66990e8597fa84f85ec2eca50d6587a94936dc99c11c21ec0bb	1
../../media/CNX_ElemAlg_Figure_03_02_002c_img_new.jpg	media/CNX_ElemAlg_Figure_03_02_002c_img_new.jpg	image/jpeg	45797	87e22e68d230920410149981815d5ab5214ad8201fa7b65034948f4c8cd045eb	1
../../media/CNX_ElemAlg_Figure_03_02_002d_img_new.jpg	media/CNX_ElemAlg_Figure_03_02_002d_img_new.jpg	image/jpeg	48285	20d82d9477a05c944a6547731149846ab8b18e357da6a4d1d7deb13cc799bf46	1
../../media/CNX_ElemAlg_Figure_03_02_003a_img_new.jpg	media/CNX_ElemAlg_Figure_03_02_003a_img_new.jpg	image/jpeg	49119	5e72d09bae96fff4bac018f00845609534a4f01f9956a76056b2cd772757a79e	1
../../media/CNX_ElemAlg_Figure_03_02_003b_img_new.jpg	media/CNX_ElemAlg_Figure_03_02_003b_img_new.jpg	image/jpeg	44531	a44ef45032c47da161b292a16793e93aa96cae51411e6fbb1226da11cfa90eef	1
../../media/CNX_ElemAlg_Figure_03_02_003c_img_new.jpg	media/CNX_ElemAlg_Figure_03_02_003c_img_new.jpg	image/jpeg	47459	4e60d4283f9f654b7b924905e3c05e2f8965e122c6b90eb07ba7b7fa817d4c6c	1
../../media/CNX_ElemAlg_Figure_03_02_003d_img_new.jpg	media/CNX_ElemAlg_Figure_03_02_003d_img_new.jpg	image/jpeg	47391	1c500bf8b5e922ff4e91f4ae2404f2bda0e18d3bb4c19915350c0b676bfbeb59	1
../../media/CNX_ElemAlg_Figure_03_02_003e_img_new.jpg	media/CNX_ElemAlg_Figure_03_02_003e_img_new.jpg	image/jpeg	48031	0e0ad8fab47763c35510ffce1bf2f50808a0a8fe0b71d26d944dfd74a0ee0ded	1
../../media/CNX_ElemAlg_Figure_03_02_004b_img_new.jpg	media/CNX_ElemAlg_Figure_03_02_004b_img_new.jpg	image/jpeg	49147	7dbeffa2a32cce5bc62a26f80bb0b49e5a85e9f0439109082976136753900e8e	1
../../media/CNX_ElemAlg_Figure_03_02_004c_img_new.jpg	media/CNX_ElemAlg_Figure_03_02_004c_img_new.jpg	image/jpeg	50698	d4a7ae6fc53dbdcc0961cf3cf5a2fc3b173ec9471a5cda9c4c8d93eca228aeaa	1
../../media/CNX_ElemAlg_Figure_03_02_004d_img_new.jpg	media/CNX_ElemAlg_Figure_03_02_004d_img_new.jpg	image/jpeg	46985	f1144f8a4e02e6183430c7c364b442780c3b38b2873d012dd2f2819d39b57f49	1
../../media/CNX_ElemAlg_Figure_03_02_004e_img_new.jpg	media/CNX_ElemAlg_Figure_03_02_004e_img_new.jpg	image/jpeg	44719	08fdec8f345a7b68b4015a2be8bfe3465c4475e170562d2f5e45828a0c368462	1
../../media/CNX_ElemAlg_Figure_03_02_005a_img_new.jpg	media/CNX_ElemAlg_Figure_03_02_005a_img_new.jpg	image/jpeg	53370	d1cf274d74401ae06d2a5df8f7d112108ff4a059720d6db5cdf9acef3f8f7751	1
../../media/CNX_ElemAlg_Figure_03_02_005b_img_new.jpg	media/CNX_ElemAlg_Figure_03_02_005b_img_new.jpg	image/jpeg	46397	0bf7d0eb9403462afba438a0d869927714d5bb65c160b81a4e528f993f1a525f	1
../../media/CNX_ElemAlg_Figure_03_02_005c_img_new.jpg	media/CNX_ElemAlg_Figure_03_02_005c_img_new.jpg	image/jpeg	45742	76c02cb7ceb19f0a5a90449b1ae2180bc38951f35395168f4a62b55e5c6a41e2	1
../../media/CNX_ElemAlg_Figure_03_02_006a_img_new.jpg	media/CNX_ElemAlg_Figure_03_02_006a_img_new.jpg	image/jpeg	53091	9c9615cb269a72a5c318648e4996941a94642b1fcf1348ce3eba0cfdcab5ba49	1
../../media/CNX_ElemAlg_Figure_03_02_006b_img_new.jpg	media/CNX_ElemAlg_Figure_03_02_006b_img_new.jpg	image/jpeg	47909	192fa7c7502525faad034b4aaff665f3200a0822a3b4a5f266cded29ebfe1a45	1
../../media/CNX_ElemAlg_Figure_03_02_006c_img_new.jpg	media/CNX_ElemAlg_Figure_03_02_006c_img_new.jpg	image/jpeg	47614	a8cddb68632db3ba6e31fbcfdbd9e55123147ceee201e7f7ee0e88c3a57b0cdc	1
../../media/CNX_ElemAlg_Figure_03_02_006d_img_new.jpg	media/CNX_ElemAlg_Figure_03_02_006d_img_new.jpg	image/jpeg	46731	c88ecbd485464c9d7aa9352cec074830a9431bb26bce94429e9579bffe3274e0	1
../../media/CNX_ElemAlg_Figure_03_02_006e_img_new.jpg	media/CNX_ElemAlg_Figure_03_02_006e_img_new.jpg	image/jpeg	46974	fd97e4bdfca24f3b411222f9acd02a6a19ba7d21723223f0853813a3ba61d63c	1
../../media/CNX_ElemAlg_Figure_03_02_007a_img_new.jpg	media/CNX_ElemAlg_Figure_03_02_007a_img_new.jpg	image/jpeg	54166	db1a78b3efd59fa302b5553fc169d8eb79b3adf0bd02c3dc3fa5bc90a0db37ac	1
../../media/CNX_ElemAlg_Figure_03_02_007b_img_new.jpg	media/CNX_ElemAlg_Figure_03_02_007b_img_new.jpg	image/jpeg	49074	56dd40c79d0d5c4f8181757b92865b157a2b378b4febd891afdd0a6f5c4a5a5d	1
../../media/CNX_ElemAlg_Figure_03_02_007c_img_new.jpg	media/CNX_ElemAlg_Figure_03_02_007c_img_new.jpg	image/jpeg	48520	71b4e6d7ccddb56080bdeef1808faffa59755cd4b1cf25853f22a009f8b5632b	1
../../media/CNX_ElemAlg_Figure_03_02_007d_img_new.jpg	media/CNX_ElemAlg_Figure_03_02_007d_img_new.jpg	image/jpeg	55885	1b69fc188e9fb0989a5578249b226e000693d5cf8032a6557489c8c9e61a8b99	1
../../media/CNX_ElemAlg_Figure_03_02_007e_img_new.jpg	media/CNX_ElemAlg_Figure_03_02_007e_img_new.jpg	image/jpeg	54856	7fd4f77bb41206f75cb8382c28ac31a896d5145b511ac2f5c808577df17204cc	1
../../media/CNX_ElemAlg_Figure_03_02_008a_img_new.jpg	media/CNX_ElemAlg_Figure_03_02_008a_img_new.jpg	image/jpeg	54203	72cdb06dd133d47803c61bd80175644ed4ff3657c2b612164cd1f19009e5a7b2	1
../../media/CNX_ElemAlg_Figure_03_02_008b_img_new.jpg	media/CNX_ElemAlg_Figure_03_02_008b_img_new.jpg	image/jpeg	49169	2447422cdc48f0aa44a67e11da58e7f987409e4845077875cdc91b83d709e3bd	1
../../media/CNX_ElemAlg_Figure_03_02_008c_img_new.jpg	media/CNX_ElemAlg_Figure_03_02_008c_img_new.jpg	image/jpeg	49088	2453243854685c196f51c994a7fd659ffd6557e2c3b162da1e867e971c0d9d49	1
../../media/CNX_ElemAlg_Figure_03_02_008d_img_new.jpg	media/CNX_ElemAlg_Figure_03_02_008d_img_new.jpg	image/jpeg	48545	4399a7a570eeb1ffde3b755cb093fea0224e78a426b4c94337922645066b54ec	1
../../media/CNX_ElemAlg_Figure_03_02_008e_img_new.jpg	media/CNX_ElemAlg_Figure_03_02_008e_img_new.jpg	image/jpeg	48403	1de9406fca232f352ace7d3d094be04405f91834537d31ac925104f608efd5fb	1
../../media/CNX_ElemAlg_Figure_03_02_009a_img_new.jpg	media/CNX_ElemAlg_Figure_03_02_009a_img_new.jpg	image/jpeg	56027	91ad6bc85bd3d5b329968569462aa3d475df19d54fa7f15507b06f97e62f4acd	1
../../media/CNX_ElemAlg_Figure_03_02_009b_img_new.jpg	media/CNX_ElemAlg_Figure_03_02_009b_img_new.jpg	image/jpeg	49823	c58b3a783b292f980ba68885ae3b633365c021572571c45bfb909af0af2e2339	1
../../media/CNX_ElemAlg_Figure_03_02_009c_img_new.jpg	media/CNX_ElemAlg_Figure_03_02_009c_img_new.jpg	image/jpeg	48991	5a957b122f04820d05d782c60a03c41d9c3ea7e038c9f99d92080adf10abe6f4	1
../../media/CNX_ElemAlg_Figure_03_02_010a_img_new.jpg	media/CNX_ElemAlg_Figure_03_02_010a_img_new.jpg	image/jpeg	56567	5555d898879ab26ddd8d034ee26cca9454f526a70f42cc5e9fdb4752d2e43671	1
../../media/CNX_ElemAlg_Figure_03_02_010b_img_new.jpg	media/CNX_ElemAlg_Figure_03_02_010b_img_new.jpg	image/jpeg	49735	f54a3c0f519a753eb306a1ad6743cfb57677e35a5664d347279b3fba2bf3d348	1
../../media/CNX_ElemAlg_Figure_03_02_010c_img_new.jpg	media/CNX_ElemAlg_Figure_03_02_010c_img_new.jpg	image/jpeg	49435	7b2d3b355aca88c4d7147e7565157aa22e41504df104af65325a98c39e250958	1
../../media/CNX_ElemAlg_Figure_03_02_010d_img_new.jpg	media/CNX_ElemAlg_Figure_03_02_010d_img_new.jpg	image/jpeg	48925	3d26dff2a6c1e325073978f214b4208831c0296b83e440f625f52c7f2f9476d0	1
../../media/CNX_ElemAlg_Figure_03_02_010e_img_new.jpg	media/CNX_ElemAlg_Figure_03_02_010e_img_new.jpg	image/jpeg	48991	d4047ef9dd7cbc546558a98ff2125f2ea3b6eedb862bb41c6e8c68d0de892a52	1
../../media/CNX_ElemAlg_Figure_03_02_011a_img_new.jpg	media/CNX_ElemAlg_Figure_03_02_011a_img_new.jpg	image/jpeg	55590	76bbf9d35481b4124d4d688b85692ab95d395eb1edd54aedcd72e5028aed569a	1
../../media/CNX_ElemAlg_Figure_03_02_011b_img_new.jpg	media/CNX_ElemAlg_Figure_03_02_011b_img_new.jpg	image/jpeg	48892	a6357e9a7d95d5801d83e95e3bf372072311f01bb0c3151f421f87137017f901	1
../../media/CNX_ElemAlg_Figure_03_02_011c_img_new.jpg	media/CNX_ElemAlg_Figure_03_02_011c_img_new.jpg	image/jpeg	47809	f3f56f6b2cb784dbb4055b14938539e52df498aa1a3f914bad3680ae881923dc	1
../../media/CNX_ElemAlg_Figure_03_02_012a_img_new.jpg	media/CNX_ElemAlg_Figure_03_02_012a_img_new.jpg	image/jpeg	57734	32650efb3773e09d5d77798ede6c6b5b741e19942522007070f440b14120b790	1
../../media/CNX_ElemAlg_Figure_03_02_012b_img_new.jpg	media/CNX_ElemAlg_Figure_03_02_012b_img_new.jpg	image/jpeg	50404	b131ea1898c99a742fdcc6fcafcc85854a29536518a74ecb9122ba6ffeb81b9d	1
../../media/CNX_ElemAlg_Figure_03_02_012c_img_new.jpg	media/CNX_ElemAlg_Figure_03_02_012c_img_new.jpg	image/jpeg	49802	17a31286567b47aa70c475c44f5d7061e0228938cc2381aa5ccd67005e93808f	1
../../media/CNX_ElemAlg_Figure_03_02_201_img_new.jpg	media/CNX_ElemAlg_Figure_03_02_201_img_new.jpg	image/jpeg	68644	2999e98dfe2fad0ec06741d8164ef78c28cd6b936a4c150bfa31075eb9e4f9c1	1
../../media/CNX_ElemAlg_Figure_03_03_001_img_new.jpg	media/CNX_ElemAlg_Figure_03_03_001_img_new.jpg	image/jpeg	701595	6d2f71ee48b47ac9fdbd85511ce6f07796b02c1eed96743a728672e64f08e2b7	1
../../media/CNX_ElemAlg_Figure_03_03_002_img_new.jpg	media/CNX_ElemAlg_Figure_03_03_002_img_new.jpg	image/jpeg	59495	96ca3ff3c113bfb8cad6d6ae1cc552f19d2c01c7036000b0190ea3d4ad392a46	1
../../media/CNX_ElemAlg_Figure_03_03_003a_img_new.jpg	media/CNX_ElemAlg_Figure_03_03_003a_img_new.jpg	image/jpeg	53700	28b732ee72997a254929c77e412ec27b437ca0c1a8ed7730f851511101aa6a19	1
../../media/CNX_ElemAlg_Figure_03_03_003b_img_new.jpg	media/CNX_ElemAlg_Figure_03_03_003b_img_new.jpg	image/jpeg	54420	48ef19667f57baf66dfc5f8633a04545dfb956f9a5ffbc3c46bfad8ef2b8c2ae	1
../../media/CNX_ElemAlg_Figure_03_03_003c_img_new.jpg	media/CNX_ElemAlg_Figure_03_03_003c_img_new.jpg	image/jpeg	52632	adeeb1821dee40480ea63eb8e6ec867e8b6e26b7cdf1c5f1941a12b6a90ec038	1
../../media/CNX_ElemAlg_Figure_03_03_003d_img_new.jpg	media/CNX_ElemAlg_Figure_03_03_003d_img_new.jpg	image/jpeg	51140	e9dc2c176a60938bd39c9e7ebd6fc714f32dd9ababcf4cfb22d85fd3cf4700f9	1
../../media/CNX_ElemAlg_Figure_03_03_003e_img_new.jpg	media/CNX_ElemAlg_Figure_03_03_003e_img_new.jpg	image/jpeg	49739	134a3516c37dac5cacef732b6ca619d4dfd0eda965ad0051f6e7c24d23390c64	1
../../media/CNX_ElemAlg_Figure_03_03_003f_img_new.jpg	media/CNX_ElemAlg_Figure_03_03_003f_img_new.jpg	image/jpeg	49577	3951386194d55ca94353094be2e39d8462a28def9aac2ebc814680127ab43cc5	1
../../media/CNX_ElemAlg_Figure_03_03_003g_img_new.jpg	media/CNX_ElemAlg_Figure_03_03_003g_img_new.jpg	image/jpeg	50270	2a3d753811e49d12e0d7d24f5bc5ad0cbce43fc4657668c70eb729194d534ef5	1
../../media/CNX_ElemAlg_Figure_03_03_004_img_new.jpg	media/CNX_ElemAlg_Figure_03_03_004_img_new.jpg	image/jpeg	138370	ca04602760b00be9284b9be659faa0c6b8c2ff5a8703fae75e645497515005e7	1
../../media/CNX_ElemAlg_Figure_03_03_005a_img_new.jpg	media/CNX_ElemAlg_Figure_03_03_005a_img_new.jpg	image/jpeg	58947	b6cb8748b53bb7dadbdc5ff578be05279b0ed3a995ad1c9ba015e519dc1bdfcf	1
../../media/CNX_ElemAlg_Figure_03_03_005b_img_new.jpg	media/CNX_ElemAlg_Figure_03_03_005b_img_new.jpg	image/jpeg	23799	050e38f3dea2d408c9bc63b9eeec0d35bb7ac43f99c885088fc4ae3012267146	1
../../media/CNX_ElemAlg_Figure_03_03_005c_img_new.jpg	media/CNX_ElemAlg_Figure_03_03_005c_img_new.jpg	image/jpeg	32107	b4a352d47e0bd285737e72a7af9906bb6162029b16d83fe4a0ff292f36f69618	1
../../media/CNX_ElemAlg_Figure_03_03_005d_img_new.jpg	media/CNX_ElemAlg_Figure_03_03_005d_img_new.jpg	image/jpeg	25112	463e900378481041fd7c23b58e55596a34343a9fb69517cae53eb764344d3b3b	1
../../media/CNX_ElemAlg_Figure_03_03_006_img_new.jpg	media/CNX_ElemAlg_Figure_03_03_006_img_new.jpg	image/jpeg	68039	100e7e50137a5e1049d380640539b7afdc841e5f7ac48f5974433d64d17df597	1
../../media/CNX_ElemAlg_Figure_03_03_007a_img_new.jpg	media/CNX_ElemAlg_Figure_03_03_007a_img_new.jpg	image/jpeg	51623	d2e7d8e67d47f9bd665692689e919bca167e4a9e50c0afbca7badbbd6fba5588	1
../../media/CNX_ElemAlg_Figure_03_03_007b_img_new.jpg	media/CNX_ElemAlg_Figure_03_03_007b_img_new.jpg	image/jpeg	54061	f98bfc20296cef50b972bcdd241126faa733766efa97a3d5e430eb1eb52964c9	1
../../media/CNX_ElemAlg_Figure_03_03_007c_img_new.jpg	media/CNX_ElemAlg_Figure_03_03_007c_img_new.jpg	image/jpeg	55997	dbcfb757210a73f7bef7a9f12807cc49880c746876cd24142b750245087d2e1a	1
../../media/CNX_ElemAlg_Figure_03_03_009a_img_new.jpg	media/CNX_ElemAlg_Figure_03_03_009a_img_new.jpg	image/jpeg	603332	e4bda22387a6e2a84647e6d3010373fed540bbfdd7ab5bf8c991f396e4ebb3a5	1
../../media/CNX_ElemAlg_Figure_03_03_009b_img_new.jpg	media/CNX_ElemAlg_Figure_03_03_009b_img_new.jpg	image/jpeg	44116	608d14338decaf95eb3fa15d47b6b15963c0329c35acc99e6e1b285860da1193	1
../../media/CNX_ElemAlg_Figure_03_03_009c_img_new.jpg	media/CNX_ElemAlg_Figure_03_03_009c_img_new.jpg	image/jpeg	42592	7e35314f0275c883b7791fe2270e476a349a88dc397fa6e5a173025c469356c8	1
../../media/CNX_ElemAlg_Figure_03_03_009d_img_new.jpg	media/CNX_ElemAlg_Figure_03_03_009d_img_new.jpg	image/jpeg	45495	01b4c07597e9390722f7976fab9f83773273c8f60ce502ed4e0815a5c27c5f32	1
../../media/CNX_ElemAlg_Figure_03_03_009e_img_new.jpg	media/CNX_ElemAlg_Figure_03_03_009e_img_new.jpg	image/jpeg	42320	ba0cc81bebe67720368aa8efa9e0fca071b6ec40ab2f5701f34bd6dffd44d1f2	1
../../media/CNX_ElemAlg_Figure_03_03_009f_img_new.jpg	media/CNX_ElemAlg_Figure_03_03_009f_img_new.jpg	image/jpeg	42933	aaa89b769bb21916b5f8dd709849594245aa5534c29a5a0ddad6ac03252ac515	1
../../media/CNX_ElemAlg_Figure_03_03_010_img_new.jpg	media/CNX_ElemAlg_Figure_03_03_010_img_new.jpg	image/jpeg	92398	eecae2290a180b272858926a08bc151ffbc0f2b59b0f46161243ca902b838d2f	1
../../media/CNX_ElemAlg_Figure_03_03_011_img_new.jpg	media/CNX_ElemAlg_Figure_03_03_011_img_new.jpg	image/jpeg	66195	9bd14d166c2d3149b43500aaf1364e8a5993ddf063a4a7d0c8543717e5593803	1
../../media/CNX_ElemAlg_Figure_03_03_012_img_new.jpg	media/CNX_ElemAlg_Figure_03_03_012_img_new.jpg	image/jpeg	68291	146aa8cc28f081caa7f75960cd085bd2e5ec993a832956a641c09dc7def6e47a	1
../../media/CNX_ElemAlg_Figure_03_03_013_img_new.jpg	media/CNX_ElemAlg_Figure_03_03_013_img_new.jpg	image/jpeg	70751	195ca46f6c4fea7068195dc300dd0faf8e91ece774b0655a05de054c6af0c00a	1
../../media/CNX_ElemAlg_Figure_03_03_014_img_new.jpg	media/CNX_ElemAlg_Figure_03_03_014_img_new.jpg	image/jpeg	61144	f44af5cf8ab7a65353433b5f7bea8881d0c2c7aa8428410c12295f54ef9955e9	1
../../media/CNX_ElemAlg_Figure_03_03_015_img_new.jpg	media/CNX_ElemAlg_Figure_03_03_015_img_new.jpg	image/jpeg	68273	225405ba83262fc074b09580a136520074ffa47bc21db2d5f060aa3bb9281987	1
../../media/CNX_ElemAlg_Figure_03_03_016_img_new.jpg	media/CNX_ElemAlg_Figure_03_03_016_img_new.jpg	image/jpeg	69287	fe22d7ca431e97001eab60b068efac562a16d4feb47168752ac1f03e48ddb3c8	1
../../media/CNX_ElemAlg_Figure_03_03_017_img_new.jpg	media/CNX_ElemAlg_Figure_03_03_017_img_new.jpg	image/jpeg	67709	59b82d241cca5905e7cc0ec5611c7e970bf59606e88b8a3b219c2e7fa29cec40	1
../../media/CNX_ElemAlg_Figure_03_03_018_img_new.jpg	media/CNX_ElemAlg_Figure_03_03_018_img_new.jpg	image/jpeg	69854	6390761fb76c197be93e671dd347bfbbc9c33033631549f4c85acc6e81a46a4d	1
../../media/CNX_ElemAlg_Figure_03_03_019_img_new.jpg	media/CNX_ElemAlg_Figure_03_03_019_img_new.jpg	image/jpeg	67440	bd0a7760e0a85e288e93ba2daca95f285c051ada096bd52a435d7addc613a785	1
../../media/CNX_ElemAlg_Figure_03_03_020_img_new.jpg	media/CNX_ElemAlg_Figure_03_03_020_img_new.jpg	image/jpeg	71012	c2141ad6e13c9790e7b0a3758851aeb68047cbc58a66c36cf81b13793a421d49	1
../../media/CNX_ElemAlg_Figure_03_03_021_img_new.jpg	media/CNX_ElemAlg_Figure_03_03_021_img_new.jpg	image/jpeg	73900	6e52e623e86da95ab10e9e2a3263d8cdc651c379e68ff1ba4270a548356f2404	1
../../media/CNX_ElemAlg_Figure_03_03_022_img_new.jpg	media/CNX_ElemAlg_Figure_03_03_022_img_new.jpg	image/jpeg	77687	41f7f9171f34aae7294c6bb1d32b0929b42fe71097694ba6a11b4f41f29eb548	1
../../media/CNX_ElemAlg_Figure_03_03_023_img_new.jpg	media/CNX_ElemAlg_Figure_03_03_023_img_new.jpg	image/jpeg	79452	92a85647cff1ca7d707eb5399227ec063cca3227a196620093dece23d82d162c	1
../../media/CNX_ElemAlg_Figure_03_03_024_img_new.jpg	media/CNX_ElemAlg_Figure_03_03_024_img_new.jpg	image/jpeg	71812	a63510951a3e6ecbbb7de750a7093c60a829cbd2b5777f80e6c97023b76e8a1a	1
../../media/CNX_ElemAlg_Figure_03_03_201_img_new.jpg	media/CNX_ElemAlg_Figure_03_03_201_img_new.jpg	image/jpeg	48879	e8e39b136fc0531caf5b13b7e2c597969a2cc2e1389d80c4ad7df0c602ad85ab	1
../../media/CNX_ElemAlg_Figure_03_04_001_img_new.jpg	media/CNX_ElemAlg_Figure_03_04_001_img_new.jpg	image/jpeg	24353	583c9bd55df2b132d52a1118a83108391a85239ebac95b5cbc3efa43b0887bff	1
../../media/CNX_ElemAlg_Figure_03_04_002_img_new.jpg	media/CNX_ElemAlg_Figure_03_04_002_img_new.jpg	image/jpeg	25786	d4911fe3d96b305fe6b42bae6c3226f51baa25023ac9819fd797b676ea1a0cbb	1
../../media/CNX_ElemAlg_Figure_03_04_003a_img_new.jpg	media/CNX_ElemAlg_Figure_03_04_003a_img_new.jpg	image/jpeg	31876	ca45286c8dfdc968d63499952361d96853b36878b6ce6d5d33eee69cb1a35eef	1
../../media/CNX_ElemAlg_Figure_03_04_004a_img_new.jpg	media/CNX_ElemAlg_Figure_03_04_004a_img_new.jpg	image/jpeg	58594	7f04413f70d5a2b66116bf645bf226ffcc13ca1dbea2699dae631c95e7ecdf98	1
../../media/CNX_ElemAlg_Figure_03_04_004b_img_new.jpg	media/CNX_ElemAlg_Figure_03_04_004b_img_new.jpg	image/jpeg	54404	8097836d9bfd7dc335ca09e8c203fde3f5cb2a41f649096d965bcd57bdaddc4b	1
../../media/CNX_ElemAlg_Figure_03_04_004c_img_new.jpg	media/CNX_ElemAlg_Figure_03_04_004c_img_new.jpg	image/jpeg	52960	d9579cb9850af2661cc7cde344bad1be47020c60fbc8fa1e4496ab6f11bfcf34	1
../../media/CNX_ElemAlg_Figure_03_04_004d_img_new.jpg	media/CNX_ElemAlg_Figure_03_04_004d_img_new.jpg	image/jpeg	52174	ccfe7e8ee35e77ebd18b963e87bfba1547301c898750ce2be6a7e3e5e9c5b1e4	1
../../media/CNX_ElemAlg_Figure_03_04_004e_img_new.jpg	media/CNX_ElemAlg_Figure_03_04_004e_img_new.jpg	image/jpeg	53960	616bafc36fd8223982aae2b020a4e02411085a1d0049c1743a4cebf965ccffb9	1
../../media/CNX_ElemAlg_Figure_03_04_004f_img_new.jpg	media/CNX_ElemAlg_Figure_03_04_004f_img_new.jpg	image/jpeg	53621	35e9edab83f6d133298b24f0b499f119a6bfb7e643cd21798d1845d5811ab82c	1
../../media/CNX_ElemAlg_Figure_03_04_005a_img_new.jpg	media/CNX_ElemAlg_Figure_03_04_005a_img_new.jpg	image/jpeg	64197	e2a1991a659c1fccf8700de39fe118e88f971da162cb9f0e281c0609e83fcfa9	1
../../media/CNX_ElemAlg_Figure_03_04_005b_img_new.jpg	media/CNX_ElemAlg_Figure_03_04_005b_img_new.jpg	image/jpeg	56059	816baaefd95ecc7925fb2c987d47ffb292e43f5a75c5a93eae6895b01c8a3a6d	1
../../media/CNX_ElemAlg_Figure_03_04_005c_img_new.jpg	media/CNX_ElemAlg_Figure_03_04_005c_img_new.jpg	image/jpeg	53936	71cf250c762273e5dee3cf56e5cd5a02718bbaad350a5dbf746bbfd252be679b	1
../../media/CNX_ElemAlg_Figure_03_04_005d_img_new.jpg	media/CNX_ElemAlg_Figure_03_04_005d_img_new.jpg	image/jpeg	58106	c39bb3da3977ea833ee79eac058d5a1e29d68caf024600e941e6c0ec85977dc5	1
../../media/CNX_ElemAlg_Figure_03_04_005e_img_new.jpg	media/CNX_ElemAlg_Figure_03_04_005e_img_new.jpg	image/jpeg	55808	3c26c5f2962523a4938626c9877e10aac6e7525ca90d48a4ce723d7d2f97f591	1
../../media/CNX_ElemAlg_Figure_03_04_006_img_new.jpg	media/CNX_ElemAlg_Figure_03_04_006_img_new.jpg	image/jpeg	21350	530921cca4da1f53e131e39f0ef0c0eaf3098d502afbbe13092eb99201e676ef	1
../../media/CNX_ElemAlg_Figure_03_04_007a_img_new.jpg	media/CNX_ElemAlg_Figure_03_04_007a_img_new.jpg	image/jpeg	30675	5327df015b39a6b3adcb1ebe90a912c7f0262040cd7387805ed5a95a34372feb	1
../../media/CNX_ElemAlg_Figure_03_04_008a_img_new.jpg	media/CNX_ElemAlg_Figure_03_04_008a_img_new.jpg	image/jpeg	35871	07c7374ee0c604902bfe0d975261fa6cb764e9fa51ca2a6e4f51fefeee38463e	1
../../media/CNX_ElemAlg_Figure_03_04_008b_img_new.jpg	media/CNX_ElemAlg_Figure_03_04_008b_img_new.jpg	image/jpeg	27516	ef8642407d7d38bc70d7771604fbef0e9a937e7d5ea8e92952ebf27588ae9b20	1
../../media/CNX_ElemAlg_Figure_03_04_008c_img_new.jpg	media/CNX_ElemAlg_Figure_03_04_008c_img_new.jpg	image/jpeg	27082	7696bca4f6247265440a001487c3e74fadd2926d851134b655dda1131196001f	1
../../media/CNX_ElemAlg_Figure_03_04_008d_img_new.jpg	media/CNX_ElemAlg_Figure_03_04_008d_img_new.jpg	image/jpeg	26706	97f275ee4be27986ea4f634350435c8b966dd29f388c42fa0d870229ea85b844	1
../../media/CNX_ElemAlg_Figure_03_04_008e_img_new.jpg	media/CNX_ElemAlg_Figure_03_04_008e_img_new.jpg	image/jpeg	27697	802ebd9e61077041aa8aceb67f2cb0b89fd49c6399a9da15db7d90a3b9d78bbd	1
../../media/CNX_ElemAlg_Figure_03_04_008f_img_new.jpg	media/CNX_ElemAlg_Figure_03_04_008f_img_new.jpg	image/jpeg	27873	020e3f9b996cc912c1a4f7498312a19d5d646aaae6244d7305f54bdf7ec857d8	1
../../media/CNX_ElemAlg_Figure_03_04_008g_img_new.jpg	media/CNX_ElemAlg_Figure_03_04_008g_img_new.jpg	image/jpeg	27188	30ae7c439c3ef3019924513bb24f59ef565e65b56dc07bd7f36ff80c140a9d3a	1
../../media/CNX_ElemAlg_Figure_03_04_008h_img_new.jpg	media/CNX_ElemAlg_Figure_03_04_008h_img_new.jpg	image/jpeg	29254	0fcec1d76f90557bf244853543e9a9d5367982078141ccb605a592e13ebfc7de	1
../../media/CNX_ElemAlg_Figure_03_04_009_img_new.jpg	media/CNX_ElemAlg_Figure_03_04_009_img_new.jpg	image/jpeg	28350	f35f02883fa388cf6eba573170d84b6660c1a03ae05fc8e47731a53dda21c8b0	1
../../media/CNX_ElemAlg_Figure_03_04_010_img_new.jpg	media/CNX_ElemAlg_Figure_03_04_010_img_new.jpg	image/jpeg	23648	86cc748bdc70479f052a10f36d3a0653137b62a6d4bf671109d5bb49dee997ed	1
../../media/CNX_ElemAlg_Figure_03_04_011_img_new.jpg	media/CNX_ElemAlg_Figure_03_04_011_img_new.jpg	image/jpeg	23544	d1147c396da20dc2110e6b17b8b612f5a825649f06ff9c6d7b01a86b29a0e9d1	1
../../media/CNX_ElemAlg_Figure_03_04_012a_img_new.jpg	media/CNX_ElemAlg_Figure_03_04_012a_img_new.jpg	image/jpeg	36819	7d68a181621d0b6cfb50e1f3504287437c09bdb483137590d32894624e4de7dd	1
../../media/CNX_ElemAlg_Figure_03_04_012b_img_new.jpg	media/CNX_ElemAlg_Figure_03_04_012b_img_new.jpg	image/jpeg	32221	853cb1e8f76697afcc5eea10e332c9093f43ced811cf2a68f8577902bf9c3b8f	1
../../media/CNX_ElemAlg_Figure_03_04_013_img_new.jpg	media/CNX_ElemAlg_Figure_03_04_013_img_new.jpg	image/jpeg	23834	bf684bf19ad85ead67cd3e0fec22519605beaf48e498d2c05bbeee6063d73d53	1
../../media/CNX_ElemAlg_Figure_03_04_014_img_new.jpg	media/CNX_ElemAlg_Figure_03_04_014_img_new.jpg	image/jpeg	22822	25982a2546b9639fa1223524ecf6e3a9422872471f63b4d717039f686f326c27	1
../../media/CNX_ElemAlg_Figure_03_04_015_img_new.jpg	media/CNX_ElemAlg_Figure_03_04_015_img_new.jpg	image/jpeg	22692	1a90ae6f0bf7b2bce2da57d32c173dcb9035418ae76da08d8d750145b467446d	1
../../media/CNX_ElemAlg_Figure_03_04_016a_img_new.jpg	media/CNX_ElemAlg_Figure_03_04_016a_img_new.jpg	image/jpeg	39085	06b189e7548037630e89b2cd2a774dc85f0c16ae0aff51e2da7c5af9e7817bb3	1
../../media/CNX_ElemAlg_Figure_03_04_016b_img_new.jpg	media/CNX_ElemAlg_Figure_03_04_016b_img_new.jpg	image/jpeg	32264	873932278ce4571b20aa3025f22f516d4cb3a62667d9f9f1bc20323640c60bc7	1
../../media/CNX_ElemAlg_Figure_03_04_017_img_new.jpg	media/CNX_ElemAlg_Figure_03_04_017_img_new.jpg	image/jpeg	24007	085a13eb919715c3bf83828da9fa3005704c8c618b28f5d72da7fd101c21161c	1
../../media/CNX_ElemAlg_Figure_03_04_018_img_new.jpg	media/CNX_ElemAlg_Figure_03_04_018_img_new.jpg	image/jpeg	24416	dd0d11e2a22d952065c2fcff16afdcf2ff98e3e8c49e09aa70d74f78a04e87c9	1
../../media/CNX_ElemAlg_Figure_03_04_019_img_new.jpg	media/CNX_ElemAlg_Figure_03_04_019_img_new.jpg	image/jpeg	44366	09641d2423a3c7b8d8cef36da5008eb6bba721d8af38dee5d21dd7132f303d93	1
../../media/CNX_ElemAlg_Figure_03_04_020_img_new.jpg	media/CNX_ElemAlg_Figure_03_04_020_img_new.jpg	image/jpeg	148307	136ba5fa279f6bc0bf76c1f92cd9143d6a97aecd16b9f4a1cc6f79289b84300d	1
../../media/CNX_ElemAlg_Figure_03_04_021_img_new.jpg	media/CNX_ElemAlg_Figure_03_04_021_img_new.jpg	image/jpeg	28145	0b55c80d5ed51d858605ec59222e7fd7100c7813e76cfffb2928ff1c0a9e6628	1
../../media/CNX_ElemAlg_Figure_03_04_022_img_new.jpg	media/CNX_ElemAlg_Figure_03_04_022_img_new.jpg	image/jpeg	20135	9b4844a8321a7085bb0cf606c83424fc2a8f4a90588259382947f6f83bbe1c69	1
../../media/CNX_ElemAlg_Figure_03_04_023_img_new.jpg	media/CNX_ElemAlg_Figure_03_04_023_img_new.jpg	image/jpeg	38526	20033e8c7336853ced05e6555861bfbaffa7bdcbe63e284440d4e662472cde08	1
../../media/CNX_ElemAlg_Figure_03_04_024a_img_new.jpg	media/CNX_ElemAlg_Figure_03_04_024a_img_new.jpg	image/jpeg	49660	05354b6286ac98e4d2e3505cc581dd1130ea23f33d0f6c3b7179bb0d663d735d	1
../../media/CNX_ElemAlg_Figure_03_04_024b_img_new.jpg	media/CNX_ElemAlg_Figure_03_04_024b_img_new.jpg	image/jpeg	46290	38cbb908c766ec826a9ee67790e9ae6ddb2d76885aa467ec58044c69a34a3d3e	1
../../media/CNX_ElemAlg_Figure_03_04_024c_img_new.jpg	media/CNX_ElemAlg_Figure_03_04_024c_img_new.jpg	image/jpeg	46278	6e9d20c2e639d1412c4c2672f53edbc399678248532be1349930a968f37119f4	1
../../media/CNX_ElemAlg_Figure_03_04_024d_img_new.jpg	media/CNX_ElemAlg_Figure_03_04_024d_img_new.jpg	image/jpeg	46508	be98e553864b826b16b7ace2253364a370219f4f9631fba6a738e2f00daa931b	1
../../media/CNX_ElemAlg_Figure_03_04_024e_img_new.jpg	media/CNX_ElemAlg_Figure_03_04_024e_img_new.jpg	image/jpeg	46235	c3e9c6630b47cecbc962a5a6d3303de947942da1c4ce1097641089ad84173f32	1
../../media/CNX_ElemAlg_Figure_03_04_025a_img_new.jpg	media/CNX_ElemAlg_Figure_03_04_025a_img_new.jpg	image/jpeg	24448	e4747c277216113ea94e62f1d9648ce52a6d60be7c833f419e9372eb36e3581d	1
../../media/CNX_ElemAlg_Figure_03_04_025b_img_new.jpg	media/CNX_ElemAlg_Figure_03_04_025b_img_new.jpg	image/jpeg	24670	86a1294deffd54da90408ded543de28220dde7e52735c23461a96c40618dc0b0	1
../../media/CNX_ElemAlg_Figure_03_04_026a_img_new.jpg	media/CNX_ElemAlg_Figure_03_04_026a_img_new.jpg	image/jpeg	24042	133374ef352016ef75d0a04421624f24943a41517c675d77dca48df65ffa0edc	1
../../media/CNX_ElemAlg_Figure_03_04_026b_img_new.jpg	media/CNX_ElemAlg_Figure_03_04_026b_img_new.jpg	image/jpeg	23016	db9d4730340c691c48b7d5b519c68d6214c1dfce1ce6f621534810b42fe312ac	1
../../media/CNX_ElemAlg_Figure_03_04_026c_img_new.jpg	media/CNX_ElemAlg_Figure_03_04_026c_img_new.jpg	image/jpeg	22063	f876d15a0ca1d1e204c22da8da68ee985cb73268c7f51f2ae3f465d459d76fa4	1
../../media/CNX_ElemAlg_Figure_03_04_026e_img_new.jpg	media/CNX_ElemAlg_Figure_03_04_026e_img_new.jpg	image/jpeg	21092	bcffb4f18feb339e39759011027fe32457a334cdc049d8d855752fd8bba9324a	1
../../media/CNX_ElemAlg_Figure_03_04_026f_img_new.jpg	media/CNX_ElemAlg_Figure_03_04_026f_img_new.jpg	image/jpeg	21548	d4b3d1323ecfd8e062c2c5c23f642ce80e4cd6534260380f99f4168bc1826923	1
../../media/CNX_ElemAlg_Figure_03_04_026g_img_new.jpg	media/CNX_ElemAlg_Figure_03_04_026g_img_new.jpg	image/jpeg	23191	ad9b7472b2f5db42c8be64d9f8b6a1ca74d82aa6f47b111f8307dba7760c0d3c	1
../../media/CNX_ElemAlg_Figure_03_04_026h_img_new.jpg	media/CNX_ElemAlg_Figure_03_04_026h_img_new.jpg	image/jpeg	22656	b248ca44954c2e31be4f25ef5a0d03d3998f9adb7bfa8b474b9652525c2aa05c	1
../../media/CNX_ElemAlg_Figure_03_04_026i_img_new.jpg	media/CNX_ElemAlg_Figure_03_04_026i_img_new.jpg	image/jpeg	25729	d722e9f25c7068e9eee4abcaafcc825212d8a29ee490794c2db189d7bf4a4934	1
../../media/CNX_ElemAlg_Figure_03_04_026j_img_new.jpg	media/CNX_ElemAlg_Figure_03_04_026j_img_new.jpg	image/jpeg	21544	d9b09906581812a4c4abb670d14522e283eb0f27654253be5960c16b275d8bce	1
../../media/CNX_ElemAlg_Figure_03_04_027a_img_new.jpg	media/CNX_ElemAlg_Figure_03_04_027a_img_new.jpg	image/jpeg	26012	478c2c2de7b8ad074d28da9df66deebb8305edce23bc96728897c8a7381fbbcb	1
../../media/CNX_ElemAlg_Figure_03_04_027b_img_new.jpg	media/CNX_ElemAlg_Figure_03_04_027b_img_new.jpg	image/jpeg	22456	7c082f4335899ee6b5be7e7fe10aaf2e1c32e5108ebf780864a4436697b3b3c5	1
../../media/CNX_ElemAlg_Figure_03_04_027c_img_new.jpg	media/CNX_ElemAlg_Figure_03_04_027c_img_new.jpg	image/jpeg	20332	401bbb54505d90cdf6bdb27c4f2513c5730d67013c88efdf1298c3a17caf7b87	1
../../media/CNX_ElemAlg_Figure_03_04_028a_img_new.jpg	media/CNX_ElemAlg_Figure_03_04_028a_img_new.jpg	image/jpeg	22899	fc776139bf1ef7829046afa16d056cd65f568527ed6783f0c9cefa341b14b968	1
../../media/CNX_ElemAlg_Figure_03_04_028b_img_new.jpg	media/CNX_ElemAlg_Figure_03_04_028b_img_new.jpg	image/jpeg	20372	2c0bbef43af3c71846fd04575d9bf8df5bc551fdc2cebbbbb82be3003a52b1e5	1
../../media/CNX_ElemAlg_Figure_03_04_028c_img_new.jpg	media/CNX_ElemAlg_Figure_03_04_028c_img_new.jpg	image/jpeg	21081	c1061d49e1b88db902445a9d2d630b16de7faa61a0d35ccc22eb0017ed5016bc	1
../../media/CNX_ElemAlg_Figure_03_04_028d_img_new.jpg	media/CNX_ElemAlg_Figure_03_04_028d_img_new.jpg	image/jpeg	23097	983a9423dd35c490ba2355dbc5e38e8e636e7d1a28119959d2d2a5732bd99ba2	1
../../media/CNX_ElemAlg_Figure_03_04_028e_img_new.jpg	media/CNX_ElemAlg_Figure_03_04_028e_img_new.jpg	image/jpeg	19284	6dce3c6cb8814ba482aa69ad5f4233f14f8b9a84714efc59b733019a5c69667b	1
../../media/CNX_ElemAlg_Figure_03_04_028f_img_new.jpg	media/CNX_ElemAlg_Figure_03_04_028f_img_new.jpg	image/jpeg	19615	dbd0632406bdbe48195c82d5811e7899f901522e444251c14e1ab12e5b9501a8	1
../../media/CNX_ElemAlg_Figure_03_04_028g_img_new.jpg	media/CNX_ElemAlg_Figure_03_04_028g_img_new.jpg	image/jpeg	21673	575c45f07d64b15031216aaab69fb450986e5a651d4cd8071917fca0e5dba03b	1
../../media/CNX_ElemAlg_Figure_03_04_028h_img_new.jpg	media/CNX_ElemAlg_Figure_03_04_028h_img_new.jpg	image/jpeg	20910	fd25dcc720106796ffdb8fa08b97c4fd838f513f15ce39b9120c48e912bbd0dd	1
../../media/CNX_ElemAlg_Figure_03_04_028i_img_new.jpg	media/CNX_ElemAlg_Figure_03_04_028i_img_new.jpg	image/jpeg	19756	8599d6b59b77942fd5d354b1790092636f3c783251912cec9cc169c281207021	1
../../media/CNX_ElemAlg_Figure_03_04_028j_img_new.jpg	media/CNX_ElemAlg_Figure_03_04_028j_img_new.jpg	image/jpeg	18994	d33a7d1982041f23c5a2afa54284fe732de1f363ea3a5deab69197214363473b	1
../../media/CNX_ElemAlg_Figure_03_04_028k_img_new.jpg	media/CNX_ElemAlg_Figure_03_04_028k_img_new.jpg	image/jpeg	20191	307fcc351dc5737308e272000a462d3006ea03aa9b79ce6bad81a2e7e316150b	1
../../media/CNX_ElemAlg_Figure_03_04_028l_img_new.jpg	media/CNX_ElemAlg_Figure_03_04_028l_img_new.jpg	image/jpeg	21028	f1600cbf776bc644e6d4bf46f26935ff74e273f61a0dcd4aa95e71d4560b7062	1
../../media/CNX_ElemAlg_Figure_03_04_028m_img_new.jpg	media/CNX_ElemAlg_Figure_03_04_028m_img_new.jpg	image/jpeg	19646	0c33a9388054c01fd33c80287f3e0e2ff51993614e06c8978dee704ff60300d9	1
../../media/CNX_ElemAlg_Figure_03_04_029a_img_new.jpg	media/CNX_ElemAlg_Figure_03_04_029a_img_new.jpg	image/jpeg	43126	e428c7ae313217b9f08d23425efe8c2dc89ba8709f4fd2acc5a0ed47868e7d67	1
../../media/CNX_ElemAlg_Figure_03_04_029b_img_new.jpg	media/CNX_ElemAlg_Figure_03_04_029b_img_new.jpg	image/jpeg	20770	8be51c2e2851dd8ce83963ba447b01cd0137ed8bd290baf386c21801f36db219	1
../../media/CNX_ElemAlg_Figure_03_04_029c_img_new.jpg	media/CNX_ElemAlg_Figure_03_04_029c_img_new.jpg	image/jpeg	21171	d508c22c78dc7824474d3b800f43c77d921a868ef81f59333757ebf07eec28c2	1
../../media/CNX_ElemAlg_Figure_03_04_029d_img_new.jpg	media/CNX_ElemAlg_Figure_03_04_029d_img_new.jpg	image/jpeg	20773	50bb924f76d47bb55898c5a8dd8ee86926f71fbd90a1eac2a3ddde77481ea96d	1
../../media/CNX_ElemAlg_Figure_03_04_029e_img_new.jpg	media/CNX_ElemAlg_Figure_03_04_029e_img_new.jpg	image/jpeg	22502	f6287aac2ac258c106d427ce2fdb118e2fc000ce8447552c843be5961828bd91	1
../../media/CNX_ElemAlg_Figure_03_04_029f_img_new.jpg	media/CNX_ElemAlg_Figure_03_04_029f_img_new.jpg	image/jpeg	22228	aa1c218f9eb878a3a5aee6d926496cfc296d2410812344c083aea5fe5c5cd2c1	1
../../media/CNX_ElemAlg_Figure_03_04_029g_img_new.jpg	media/CNX_ElemAlg_Figure_03_04_029g_img_new.jpg	image/jpeg	21281	b9fad689034e525abbb1f71984705586653c16e32efaf9bcc6ad9a92ee69d575	1
../../media/CNX_ElemAlg_Figure_03_04_029h_img_new.jpg	media/CNX_ElemAlg_Figure_03_04_029h_img_new.jpg	image/jpeg	20452	1bcaafa383e16b13b5e2b2abdcb0393d619d394615a03c840bf9a94d66212bce	1
../../media/CNX_ElemAlg_Figure_03_04_029i_img_new.jpg	media/CNX_ElemAlg_Figure_03_04_029i_img_new.jpg	image/jpeg	24266	4c6f73cef5d9ba1ccc4d77f8f4313ca64529aea215ea13a326dae134ec277fc2	1
../../media/CNX_ElemAlg_Figure_03_04_029j_img_new.jpg	media/CNX_ElemAlg_Figure_03_04_029j_img_new.jpg	image/jpeg	24503	c88f2617a0fa0060bff6bf67417d017206ac2bad9a0502de736df4162abbcdea	1
../../media/CNX_ElemAlg_Figure_03_04_029k_img_new.jpg	media/CNX_ElemAlg_Figure_03_04_029k_img_new.jpg	image/jpeg	20708	1cf0fd70f1270b4785b5e3e6bf1bc71566ee99b96910d81328aa3346402b4a78	1
../../media/CNX_ElemAlg_Figure_03_04_029l_img_new.jpg	media/CNX_ElemAlg_Figure_03_04_029l_img_new.jpg	image/jpeg	19317	d764b9d3442fd61707ee3f580c2d9d38791198cfab2043f418810bcf50a05fc3	1
../../media/CNX_ElemAlg_Figure_03_04_030_img_new.jpg	media/CNX_ElemAlg_Figure_03_04_030_img_new.jpg	image/jpeg	26280	ab6c324a980a76f21cbaba88b827212794a71fb55c10783d817220ed65b9e3af	1
../../media/CNX_ElemAlg_Figure_03_04_201_img_new.jpg	media/CNX_ElemAlg_Figure_03_04_201_img_new.jpg	image/jpeg	23085	e62defccb46f157a79a5ff5920ada0012871104b8dbd812dc155fc55718f588f	1
../../media/CNX_ElemAlg_Figure_03_04_202_img_new.jpg	media/CNX_ElemAlg_Figure_03_04_202_img_new.jpg	image/jpeg	25898	59cc789698b95a835783edc1a3f26823611edc8a933a0bc1c6863a200e753eb0	1
../../media/CNX_ElemAlg_Figure_03_04_203_img_new.jpg	media/CNX_ElemAlg_Figure_03_04_203_img_new.jpg	image/jpeg	22194	55bbc877209c4ce28766391c03041859a0935a53a2aac25f63e187892f957779	1
../../media/CNX_ElemAlg_Figure_03_04_204_img_new.jpg	media/CNX_ElemAlg_Figure_03_04_204_img_new.jpg	image/jpeg	19140	5b39dbe416e4c1eb3ab5cd27edfd2966782c5e8b0d3dabda241b52ba6497cb77	1
../../media/CNX_ElemAlg_Figure_03_04_205_img_new.jpg	media/CNX_ElemAlg_Figure_03_04_205_img_new.jpg	image/jpeg	19844	e7bb84a4739b2e0f30c296035982a9789a9b28cc23d8e4f54b30b7257c1183aa	1
../../media/CNX_ElemAlg_Figure_03_04_206_img_new.jpg	media/CNX_ElemAlg_Figure_03_04_206_img_new.jpg	image/jpeg	20895	80d952f35326eec4feff79d235e08673eb7c86debfbbc3b339b63284e2ba6ef8	1
../../media/CNX_ElemAlg_Figure_03_04_207_img_new.jpg	media/CNX_ElemAlg_Figure_03_04_207_img_new.jpg	image/jpeg	19095	865717b5d0e4f74dc1446145fa425bc80a465577a7729f7db07e7ecce875d838	1
../../media/CNX_ElemAlg_Figure_03_04_208_img_new.jpg	media/CNX_ElemAlg_Figure_03_04_208_img_new.jpg	image/jpeg	22373	2643d53b4c11fe27988ecb7c9a3fb68d6e76cc1cc6240a12a33f670c647704f6	1
../../media/CNX_ElemAlg_Figure_03_04_209_img_new.jpg	media/CNX_ElemAlg_Figure_03_04_209_img_new.jpg	image/jpeg	20708	edd816afe9dd9b79c57d1970c64642aa18cd60050cb5e2d0265b2cd8fe494352	1
../../media/CNX_ElemAlg_Figure_03_04_210_img_new.jpg	media/CNX_ElemAlg_Figure_03_04_210_img_new.jpg	image/jpeg	21687	476e799cc7f0349520e3ecf08cd8a0ab3c5a67bbc0d7bd63bddb69d31bb842e0	1
../../media/CNX_ElemAlg_Figure_03_04_211_img_new.jpg	media/CNX_ElemAlg_Figure_03_04_211_img_new.jpg	image/jpeg	21441	7b1bb63392901fbae1f96cd68ffd8e818ec6d6d8299436454034df2ac28bb240	1
../../media/CNX_ElemAlg_Figure_03_04_212_img_new.jpg	media/CNX_ElemAlg_Figure_03_04_212_img_new.jpg	image/jpeg	20387	b7928e5f63b2c5cc34b5054be865a4b10c8d2df7fc51b5e696507623c7583f8a	1
../../media/CNX_ElemAlg_Figure_03_04_213_img_new.jpg	media/CNX_ElemAlg_Figure_03_04_213_img_new.jpg	image/jpeg	23681	a9b2d3196708e9f2a73b644adc2473d5cd9c77001ed61601522cbaa477f83421	1
../../media/CNX_ElemAlg_Figure_03_04_214_img_new.jpg	media/CNX_ElemAlg_Figure_03_04_214_img_new.jpg	image/jpeg	60420	edb3a0d0f62db5e64705ab1a4774ac4e88c8fb80ec240b8bbb73717f65721a2f	1
../../media/CNX_ElemAlg_Figure_03_04_215_img_new.jpg	media/CNX_ElemAlg_Figure_03_04_215_img_new.jpg	image/jpeg	87691	c7ddc97d77472e24321476a38694af6b2fab0be047d265a32de14bf7bd13a6ba	1
../../media/CNX_ElemAlg_Figure_03_04_216_img_new.jpg	media/CNX_ElemAlg_Figure_03_04_216_img_new.jpg	image/jpeg	160304	f5a670bcf597a2147f03120868a82c8fe1e3057bc68ea6947a522cad3f194b18	1
../../media/CNX_ElemAlg_Figure_03_04_217_img_new.jpg	media/CNX_ElemAlg_Figure_03_04_217_img_new.jpg	image/jpeg	17255	8e23d50200f7b572e2629f3fc26fc67c0bb577b9b9522ae7df533af8be922874	1
../../media/CNX_ElemAlg_Figure_03_04_218_img_new.jpg	media/CNX_ElemAlg_Figure_03_04_218_img_new.jpg	image/jpeg	52723	f5bed60461f015336a965ef6698253f44013f250ade56b78c8c4ee8df85efa13	1
../../media/CNX_ElemAlg_Figure_03_05_001_img_new.jpg	media/CNX_ElemAlg_Figure_03_05_001_img_new.jpg	image/jpeg	51250	d854d41faa927f571d4eb0a057cf3d8e7965065b61f5b6afc575c9aae62cf831	1
../../media/CNX_ElemAlg_Figure_03_05_002_img_new.jpg	media/CNX_ElemAlg_Figure_03_05_002_img_new.jpg	image/jpeg	64149	69a66af3143a313f8123d0aade4bd20f75c94b2337a2a691fc94e9c2199ec397	1
../../media/CNX_ElemAlg_Figure_03_05_003_img_new.jpg	media/CNX_ElemAlg_Figure_03_05_003_img_new.jpg	image/jpeg	69681	bfb6e0ccb21e8a0652c7bdd29c90d2868574ed2527d6c539cc35bb7316387645	1
../../media/CNX_ElemAlg_Figure_03_05_004_img_new.jpg	media/CNX_ElemAlg_Figure_03_05_004_img_new.jpg	image/jpeg	71619	45abbcd5bf459e58c82dd4bf2366da69ecb5386706209123a01c5e8e300af239	1
../../media/CNX_ElemAlg_Figure_03_05_005_img_new.jpg	media/CNX_ElemAlg_Figure_03_05_005_img_new.jpg	image/jpeg	59588	6894fb4e9d764cca5bb96dd83f98af383c84869935dd41e4720568d60cd7906c	1
../../media/CNX_ElemAlg_Figure_03_05_006a_img_new.jpg	media/CNX_ElemAlg_Figure_03_05_006a_img_new.jpg	image/jpeg	53909	1169a1de7b0e263887c7485d72893048f6fa4d987faef459016079d9f9727db9	1
../../media/CNX_ElemAlg_Figure_03_05_006b_img_new.jpg	media/CNX_ElemAlg_Figure_03_05_006b_img_new.jpg	image/jpeg	53405	28f598be259c0fca412a69230f8023836f347aa746636858d4998353df24cef3	1
../../media/CNX_ElemAlg_Figure_03_05_006c_img_new.jpg	media/CNX_ElemAlg_Figure_03_05_006c_img_new.jpg	image/jpeg	51005	799db78324c75f7f257be173bbe263d54aeb12f5968886b31bab67a59e5ca5cf	1
../../media/CNX_ElemAlg_Figure_03_05_006d_img_new.jpg	media/CNX_ElemAlg_Figure_03_05_006d_img_new.jpg	image/jpeg	50857	6b8f0f5f426c192e2d5b9ddd0ac3061fb9d262ea55558a70793fdc588252cfbe	1
../../media/CNX_ElemAlg_Figure_03_05_006e_img_new.jpg	media/CNX_ElemAlg_Figure_03_05_006e_img_new.jpg	image/jpeg	52757	c236d1088fabe01b8388d39511611cee2d158fa94f10e46f5991361eafa37ada	1
../../media/CNX_ElemAlg_Figure_03_05_006f_img_new.jpg	media/CNX_ElemAlg_Figure_03_05_006f_img_new.jpg	image/jpeg	50097	0f9cfd64ed1eadaf0835a344060bd68f47edcb3c0f064e7eeb2ff96b93036762	1
../../media/CNX_ElemAlg_Figure_03_05_007_img_new.jpg	media/CNX_ElemAlg_Figure_03_05_007_img_new.jpg	image/jpeg	45452	6684d648f2ef14358292e59f25b0f9c2b1022d477dd8a0b18dd74d5b5a53ca0c	1
../../media/CNX_ElemAlg_Figure_03_05_008_img_new.jpg	media/CNX_ElemAlg_Figure_03_05_008_img_new.jpg	image/jpeg	74558	49e6030f7c346d5becceefd96cf676133c8cb112e4c32bfa05e3213dedb7743f	1
../../media/CNX_ElemAlg_Figure_03_05_009_img_new.jpg	media/CNX_ElemAlg_Figure_03_05_009_img_new.jpg	image/jpeg	73810	9a32ffce4eda8be4db555ff741b266e5d95896fd3dd07b72a298d0208381aad9	1
../../media/CNX_ElemAlg_Figure_03_05_010_img_new.jpg	media/CNX_ElemAlg_Figure_03_05_010_img_new.jpg	image/jpeg	61588	be96cc27a82dadcba1113c9e60a10977f2f151f81c056c38e08a9baa20014b0c	1
../../media/CNX_ElemAlg_Figure_03_05_011_img_new.jpg	media/CNX_ElemAlg_Figure_03_05_011_img_new.jpg	image/jpeg	45491	10ab8cf376a83809eb2335467826b6b410f308336abba820350f9f9f2f815afa	1
../../media/CNX_ElemAlg_Figure_03_05_012_img_new.jpg	media/CNX_ElemAlg_Figure_03_05_012_img_new.jpg	image/jpeg	70347	6eb90b665ff58672e488d9fa519327069dae0f4ba02cbecfe9247f70da5d0a36	1
../../media/CNX_ElemAlg_Figure_03_05_013_img_new.jpg	media/CNX_ElemAlg_Figure_03_05_013_img_new.jpg	image/jpeg	72776	a78518d7f02a20c8b1ae3abde56c1d84473703d0ba6c0c6608c52da555ef6fa0	1
../../media/CNX_ElemAlg_Figure_03_05_014_img_new.jpg	media/CNX_ElemAlg_Figure_03_05_014_img_new.jpg	image/jpeg	55460	3ad41c07ff9cbe53914baf255f1b1dd030c7b97e1af10edcbe22e6ca773aec07	1
../../media/CNX_ElemAlg_Figure_03_05_015_img_new.jpg	media/CNX_ElemAlg_Figure_03_05_015_img_new.jpg	image/jpeg	66562	c58a3b8e7b00b2b84891be92a6130693886542c7e4980b4b434171e148c332d8	1
../../media/CNX_ElemAlg_Figure_03_05_016a_img_new.jpg	media/CNX_ElemAlg_Figure_03_05_016a_img_new.jpg	image/jpeg	57002	c59707464834c7a92d813add816ba46cc60a3607b8184effd3a63424a2a72ae6	1
../../media/CNX_ElemAlg_Figure_03_05_016b_img_new.jpg	media/CNX_ElemAlg_Figure_03_05_016b_img_new.jpg	image/jpeg	50818	dee42a1407315c4809f5f82dafa8985a2422d6066cf628a1667f020fce724a81	1
../../media/CNX_ElemAlg_Figure_03_05_016c_img_new.jpg	media/CNX_ElemAlg_Figure_03_05_016c_img_new.jpg	image/jpeg	50657	fb87c3d6ed5f9186f06796bf8efdc9c81957eb3a88f063449beb664b4e67e069	1
../../media/CNX_ElemAlg_Figure_03_05_016d_img_new.jpg	media/CNX_ElemAlg_Figure_03_05_016d_img_new.jpg	image/jpeg	51439	e3616f6677d9692338ab1d1cdb35b06c01748ee347343078777a638d5a0acc6d	1
../../media/CNX_ElemAlg_Figure_03_05_016e_img_new.jpg	media/CNX_ElemAlg_Figure_03_05_016e_img_new.jpg	image/jpeg	49688	4f1112fc30a63961e92243e708489a3f294beb440a2b3e9b5ba1c3fa688ed2b0	1
../../media/CNX_ElemAlg_Figure_03_05_016f_img_new.jpg	media/CNX_ElemAlg_Figure_03_05_016f_img_new.jpg	image/jpeg	49551	2357cd4d6f5f120d8d0738cc5a251715a456bb2460cb8877412c5429bc4dcf39	1
../../media/CNX_ElemAlg_Figure_03_05_016g_img_new.jpg	media/CNX_ElemAlg_Figure_03_05_016g_img_new.jpg	image/jpeg	48811	b3595bcdf6251ca0334bd2230a9cdefb95687d47990d976df7bab407e392adae	1
../../media/CNX_ElemAlg_Figure_03_05_016h_img_new.jpg	media/CNX_ElemAlg_Figure_03_05_016h_img_new.jpg	image/jpeg	54187	0da34c108699290e2b782cee3fdc9ab0d198fa229ea036e1dc2a7a57d5fa2674	1
../../media/CNX_ElemAlg_Figure_03_05_016i_img_new.jpg	media/CNX_ElemAlg_Figure_03_05_016i_img_new.jpg	image/jpeg	50990	d6877b0129271e2b4e1c52c8f09f9cbe9fcba12e952e44a5d28b7758f957a4bb	1
../../media/CNX_ElemAlg_Figure_03_05_016j_img_new.jpg	media/CNX_ElemAlg_Figure_03_05_016j_img_new.jpg	image/jpeg	49048	9076e8d83d5b3f9068f877f02da009a4d77f4f0639fb3c6b51fc6a80b4e900d7	1
../../media/CNX_ElemAlg_Figure_03_05_017_img_new.jpg	media/CNX_ElemAlg_Figure_03_05_017_img_new.jpg	image/jpeg	47855	edc270830709ec9950135af148c70611a5ed8b23bc4e70bebd9f8eb3613ceaaf	1
../../media/CNX_ElemAlg_Figure_03_05_018a_img_new.jpg	media/CNX_ElemAlg_Figure_03_05_018a_img_new.jpg	image/jpeg	64392	f8fb6755482eb0e8ffa19b6b8f7b728f570e3fd0799d9048eae6caa2a39e3649	1
../../media/CNX_ElemAlg_Figure_03_05_018b_img_new.jpg	media/CNX_ElemAlg_Figure_03_05_018b_img_new.jpg	image/jpeg	57634	42568326e69c56560eb07811325d318afb661f5c0653b64e27beb48ac288878a	1
../../media/CNX_ElemAlg_Figure_03_05_018c_img_new.jpg	media/CNX_ElemAlg_Figure_03_05_018c_img_new.jpg	image/jpeg	52298	1d1c2d627cf96cfa146a6891747235bc5651f79a27b48e860e0f7545fe07ef56	1
../../media/CNX_ElemAlg_Figure_03_05_018d_img_new.jpg	media/CNX_ElemAlg_Figure_03_05_018d_img_new.jpg	image/jpeg	51240	0b3e5dc26aabc1d9f5b0f03ae74dad121d843980dae3c51869f86288b4028f3f	1
../../media/CNX_ElemAlg_Figure_03_05_018e_img_new.jpg	media/CNX_ElemAlg_Figure_03_05_018e_img_new.jpg	image/jpeg	50745	6dc2a41941ebf426905617b211ffd78d553d29742f1c2db72d810807391fbc7c	1
../../media/CNX_ElemAlg_Figure_03_05_018f_img_new.jpg	media/CNX_ElemAlg_Figure_03_05_018f_img_new.jpg	image/jpeg	50277	e162ab5608dae5396c3011894b5f27a4b6b8ad47db72d30a55314aa1e2f63422	1
../../media/CNX_ElemAlg_Figure_03_05_018g_img_new.jpg	media/CNX_ElemAlg_Figure_03_05_018g_img_new.jpg	image/jpeg	50686	e2a91e2133245d54c208d3a3ad80d4aba33caa92db7d1fb119a411fe8513d020	1
../../media/CNX_ElemAlg_Figure_03_05_018h_img_new.jpg	media/CNX_ElemAlg_Figure_03_05_018h_img_new.jpg	image/jpeg	51093	a27ef896827d3f3744ca824d5c7bcda95eee9c708cd159f6183ef361b4203b83	1
../../media/CNX_ElemAlg_Figure_03_05_018i_img_new.jpg	media/CNX_ElemAlg_Figure_03_05_018i_img_new.jpg	image/jpeg	50631	5880f0898adc9cca31752ba25ddb6ea81d09d1974b402e0502e34ae4862cc75c	1
../../media/CNX_ElemAlg_Figure_03_05_018j_img_new.jpg	media/CNX_ElemAlg_Figure_03_05_018j_img_new.jpg	image/jpeg	49909	26c74da2a4e217d0b3cf3c4bfff1adc1fb7677ac5c9fb4241fa592dd9d435a6f	1
../../media/CNX_ElemAlg_Figure_03_05_019_img_new.jpg	media/CNX_ElemAlg_Figure_03_05_019_img_new.jpg	image/jpeg	59451	a85e1a42424300c4b6819c2decb67d0972598b2df25405ceb55b6cd3a1f09609	1
../../media/CNX_ElemAlg_Figure_03_05_020_img_new.jpg	media/CNX_ElemAlg_Figure_03_05_020_img_new.jpg	image/jpeg	72965	db00374e78f02e870effd0709c7dccc0c45adc1ee016ebe93286d1b1d7d083e8	1
../../media/CNX_ElemAlg_Figure_03_05_021_img_new.jpg	media/CNX_ElemAlg_Figure_03_05_021_img_new.jpg	image/jpeg	74579	1f8f254555e45e88421e478207c904c92c2cea517763aa6a8a4e02c4a2c22e49	1
../../media/CNX_ElemAlg_Figure_03_05_201_img_new.jpg	media/CNX_ElemAlg_Figure_03_05_201_img_new.jpg	image/jpeg	31544	56bd3744557afc794bee9deabda8c16ffe6ea8b910b8f4cad4eb1dd51b600a1e	1
../../media/CNX_ElemAlg_Figure_03_06_001_img-01.jpg	media/CNX_ElemAlg_Figure_03_06_001_img-01.jpg	image/jpeg	44529	a23e72e0ae44cbdb9a8c9a9f53cc72c6f934309d6f8b9d19ed28c259d1c29ee3	1
../../media/CNX_ElemAlg_Figure_03_06_001_img-02.jpg	media/CNX_ElemAlg_Figure_03_06_001_img-02.jpg	image/jpeg	43726	e21b4d2f37eea17cc3d9eafb9e4e8cc2b31c30674580031ccbf398bed47c2652	1
../../media/CNX_ElemAlg_Figure_03_06_001_img-03.jpg	media/CNX_ElemAlg_Figure_03_06_001_img-03.jpg	image/jpeg	43695	b49d84922a7ae4c6972f172371963cb4d2cd1b7616d01f87a7622bb8770501ed	1
../../media/CNX_ElemAlg_Figure_03_06_201_img_new.jpg	media/CNX_ElemAlg_Figure_03_06_201_img_new.jpg	image/jpeg	33947	cdadac653324145566ee203e6c3afa434c472056bd0aa914faf59e6d3beccb80	1
../../media/CNX_ElemAlg_Figure_03_06_202_img_new.jpg	media/CNX_ElemAlg_Figure_03_06_202_img_new.jpg	image/jpeg	20830	832b8322505c2cc3201b44aacdfc23dfc985573c44a533445bf0744034120e24	1
../../media/CNX_ElemAlg_Figure_03_06_203_img_new.jpg	media/CNX_ElemAlg_Figure_03_06_203_img_new.jpg	image/jpeg	21820	76c21f0d37459d8e365aac884f2c93ec0773792993ebd8034946e2cda2abaaed	1
../../media/CNX_ElemAlg_Figure_03_06_204_img_new.jpg	media/CNX_ElemAlg_Figure_03_06_204_img_new.jpg	image/jpeg	23342	1e9e7317c5aada75dc870abe7f523cd8a6acab38fa99b6198ea5be4c5b91eda3	1
../../media/CNX_ElemAlg_Figure_03_06_205_img_new.jpg	media/CNX_ElemAlg_Figure_03_06_205_img_new.jpg	image/jpeg	23095	273b3c12112b6894241006fa013efd13357da4482f9f031b5abc7fa4fd02f10f	1
../../media/CNX_ElemAlg_Figure_03_06_206_img_new.jpg	media/CNX_ElemAlg_Figure_03_06_206_img_new.jpg	image/jpeg	22546	083e24c330f875e90429055706f76534471d5cfc024b75c87f8d277800b7958a	1
../../media/CNX_ElemAlg_Figure_03_06_207_img_new.jpg	media/CNX_ElemAlg_Figure_03_06_207_img_new.jpg	image/jpeg	25094	96a19d0b9f50bb7115643012cc603adebe09794879a4ae79453c671f743a120e	1
../../media/CNX_ElemAlg_Figure_03_06_208_img_new.jpg	media/CNX_ElemAlg_Figure_03_06_208_img_new.jpg	image/jpeg	24398	e050ecdd58423192c4c326bf9cf0d8e2122e2b0d267f94c584e5a5cd0fae6539	1
../../media/CNX_ElemAlg_Figure_03_06_209_img_new.jpg	media/CNX_ElemAlg_Figure_03_06_209_img_new.jpg	image/jpeg	18698	4eaa6de1d5949b884fc40d3bc3756c6c268fe17faa80abfd3371e0e62d1a3c8d	1
../../media/CNX_ElemAlg_Figure_03_06_210_img_new.jpg	media/CNX_ElemAlg_Figure_03_06_210_img_new.jpg	image/jpeg	24743	94c6338e14b445520ace372a6c0cff6fba1ffa13b4c3bb51f8c1efa87804b514	1
../../media/CNX_ElemAlg_Figure_03_06_211_img_new.jpg	media/CNX_ElemAlg_Figure_03_06_211_img_new.jpg	image/jpeg	24506	55941b77667efeaa4bc99a098caa6d1bf2614339d67cdcbc0530a59137954523	1
../../media/CNX_ElemAlg_Figure_03_06_212_img_new.jpg	media/CNX_ElemAlg_Figure_03_06_212_img_new.jpg	image/jpeg	61274	7229ac711f976491f42a605c2570d3e4778fe8597ef920d1652723bb7c95b609	1
../../media/CNX_ElemAlg_Figure_04_00_001_img_new.jpg	media/CNX_ElemAlg_Figure_04_00_001_img_new.jpg	image/jpeg	125622	617b6322c622de676984bedb51fe5d9861fed92e6501ce18c612f936e88a2630	1
../../media/CNX_ElemAlg_Figure_04_01_001_img_new.jpg	media/CNX_ElemAlg_Figure_04_01_001_img_new.jpg	image/jpeg	53718	99d3856770243c3a941d6adb457ba77c00e53a62b484f9ba1a799843d2d0f5cb	1
../../media/CNX_ElemAlg_Figure_04_01_002_img_new.jpg	media/CNX_ElemAlg_Figure_04_01_002_img_new.jpg	image/jpeg	55399	68a7f33c540adaeed4e839b6a9c16d444b59763f5455940c24789023a68caf1d	1
../../media/CNX_ElemAlg_Figure_04_01_003_img_new.jpg	media/CNX_ElemAlg_Figure_04_01_003_img_new.jpg	image/jpeg	72193	40f68a877064695a0959370467095087cd291a9471feae67dc9ea5037addfcc1	1
../../media/CNX_ElemAlg_Figure_04_01_004_img_new.jpg	media/CNX_ElemAlg_Figure_04_01_004_img_new.jpg	image/jpeg	53733	8659bb9d9c4fc57e0abd322d88b5e4982549663e51c3c135c92dd2d0fda0fa80	1
../../media/CNX_ElemAlg_Figure_04_01_005_img_new.jpg	media/CNX_ElemAlg_Figure_04_01_005_img_new.jpg	image/jpeg	49677	070172561796848c7088802b694fa843b6778dfb15e9646a92d186206549b923	1
../../media/CNX_ElemAlg_Figure_04_01_006_img_new.jpg	media/CNX_ElemAlg_Figure_04_01_006_img_new.jpg	image/jpeg	52455	5b79f03c87c49916485f7d7715ba2f6f3c85e916f4c994ba27d5d946bf2d9189	1
../../media/CNX_ElemAlg_Figure_04_01_007_img_new.jpg	media/CNX_ElemAlg_Figure_04_01_007_img_new.jpg	image/jpeg	51856	70ef4858d716eb20282fc839074ad8117a9eca49129c43d112ed8edbebb0591c	1
../../media/CNX_ElemAlg_Figure_04_01_026_img_new.jpg	media/CNX_ElemAlg_Figure_04_01_026_img_new.jpg	image/jpeg	33540	5b7b4a26a251fbe84c07cc745219a1ea1bba3aada79b10197ffb885af2572695	1
../../media/CNX_ElemAlg_Figure_04_01_027_img_new.jpg	media/CNX_ElemAlg_Figure_04_01_027_img_new.jpg	image/jpeg	33870	57c4acd1aac28e21fcca1cab9d1d050427c8957eaa7a8c7f82c53975827b9848	1
../../media/CNX_ElemAlg_Figure_04_01_028_img_new.jpg	media/CNX_ElemAlg_Figure_04_01_028_img_new.jpg	image/jpeg	40307	b58d712c484e07475c4087a41d8d2c9a95a2f8a7aa9eaea7851fcba7dceb6cd2	1
../../media/CNX_ElemAlg_Figure_04_01_029_img_new.jpg	media/CNX_ElemAlg_Figure_04_01_029_img_new.jpg	image/jpeg	41268	7e77a42d44d55c41c8030f55346b45f7dc1cc1b9b34c4419af20586be92bee4a	1
../../media/CNX_ElemAlg_Figure_04_01_030_img_new.jpg	media/CNX_ElemAlg_Figure_04_01_030_img_new.jpg	image/jpeg	52603	1a51ee83fd93de1fc578b211b37afc4f98ac41308dbbd7d44b54a127feb54023	1
../../media/CNX_ElemAlg_Figure_04_01_031_img_new.jpg	media/CNX_ElemAlg_Figure_04_01_031_img_new.jpg	image/jpeg	53059	f606fd7c331fffaadfe844bff51b8e156d12503b012a0b95959082cb364d8f1b	1
../../media/CNX_ElemAlg_Figure_04_01_032_img_new.jpg	media/CNX_ElemAlg_Figure_04_01_032_img_new.jpg	image/jpeg	48183	463084dbef07411242e4554ccf0b2e618f4d5ed99be950fb783d099135f16ccc	1
../../media/CNX_ElemAlg_Figure_04_01_033_img_new.jpg	media/CNX_ElemAlg_Figure_04_01_033_img_new.jpg	image/jpeg	21177	71fdb74178735e91b4bfc67edd0d2a2f5f7b59120ed3fbc30476edbda16f7970	1
../../media/CNX_ElemAlg_Figure_04_01_034_img_new.jpg	media/CNX_ElemAlg_Figure_04_01_034_img_new.jpg	image/jpeg	79800	ee76b24f2f1306f874b50387437abe1c5d876636d17e2e1c1488de422ea75b88	1
../../media/CNX_ElemAlg_Figure_04_01_035_img_new.jpg	media/CNX_ElemAlg_Figure_04_01_035_img_new.jpg	image/jpeg	78095	9fd879873911d0577cac96462a9535d3569d59f37aee722284463e57956172f0	1
../../media/CNX_ElemAlg_Figure_04_01_036_img_new.jpg	media/CNX_ElemAlg_Figure_04_01_036_img_new.jpg	image/jpeg	65440	a4fe22d1c9c882d2c066ac45e4ff9f2b6238c9454b9b5ae54f99ebc6a3235bf5	1
../../media/CNX_ElemAlg_Figure_04_01_037_img_new.jpg	media/CNX_ElemAlg_Figure_04_01_037_img_new.jpg	image/jpeg	74264	2907e2a460e30218989e2fdd1393862b415a7c36d475c02fb1d5269e86b8977d	1
../../media/CNX_ElemAlg_Figure_04_01_038a_img_new.jpg	media/CNX_ElemAlg_Figure_04_01_038a_img_new.jpg	image/jpeg	47498	89c2bd0f778ee3c2e1224989be2df35e201dd4128b021be722da6bf9110937e9	1
../../media/CNX_ElemAlg_Figure_04_01_038b_img_new.jpg	media/CNX_ElemAlg_Figure_04_01_038b_img_new.jpg	image/jpeg	49966	bcfc85ce0c265463be83fd43b6822b178a88bbb09aa7d61c7525f3b0922b21ac	1
../../media/CNX_ElemAlg_Figure_04_01_038c_img_new.jpg	media/CNX_ElemAlg_Figure_04_01_038c_img_new.jpg	image/jpeg	50548	77eebf615267576c47b26155bf6b5645e93f71c589f0cbefb587b736cb479bed	1
../../media/CNX_ElemAlg_Figure_04_01_038d_img_new.jpg	media/CNX_ElemAlg_Figure_04_01_038d_img_new.jpg	image/jpeg	49140	cbd3e1d9d47b7dde7182109577a7116bb53b4d3432016e03d099071052cb699f	1
../../media/CNX_ElemAlg_Figure_04_01_038e_img_new.jpg	media/CNX_ElemAlg_Figure_04_01_038e_img_new.jpg	image/jpeg	47971	21887d693082fd7305f4463db328d9bf9ac0febab29f8edc4301fcb422378d5d	1
../../media/CNX_ElemAlg_Figure_04_01_038f_img_new.jpg	media/CNX_ElemAlg_Figure_04_01_038f_img_new.jpg	image/jpeg	47916	2a502fc57a3c673c3e4d01dcacaecfbeaa337d10fb3a476fa3d2f0a21483b8c8	1
../../media/CNX_ElemAlg_Figure_04_01_038g_img_new.jpg	media/CNX_ElemAlg_Figure_04_01_038g_img_new.jpg	image/jpeg	50177	01db8f8f76102ed555b8515b86e76e78948e4093cd7539abfcb53c304137c248	1
../../media/CNX_ElemAlg_Figure_04_01_038h_img_new.jpg	media/CNX_ElemAlg_Figure_04_01_038h_img_new.jpg	image/jpeg	50350	38eb55982e79336de6c1ac676bed1ae2378af19440617373720295cc339f09cd	1
../../media/CNX_ElemAlg_Figure_04_01_038i_img_new.jpg	media/CNX_ElemAlg_Figure_04_01_038i_img_new.jpg	image/jpeg	49491	67d50a90fc543085a8a291b069483a30251601c9551a5730b8d48eee9bf17f0c	1
../../media/CNX_ElemAlg_Figure_04_01_038j_img_new.jpg	media/CNX_ElemAlg_Figure_04_01_038j_img_new.jpg	image/jpeg	47981	6278491f8df3ddc9c9d4ace1072b38f0221257278281c97f3556afb746899043	1
../../media/CNX_ElemAlg_Figure_04_01_038k_img_new.jpg	media/CNX_ElemAlg_Figure_04_01_038k_img_new.jpg	image/jpeg	48039	bac1e03412f7e59d7c1d4cf1ad2e50e8e0320983405a7e501fcc0de8a3419211	1
../../media/CNX_ElemAlg_Figure_04_01_038l_img_new.jpg	media/CNX_ElemAlg_Figure_04_01_038l_img_new.jpg	image/jpeg	50259	d8a1d83fc192a735fa81295c9683bf8da4c4548e3ed9af5bebd7a3b57a8c5f9b	1
../../media/CNX_ElemAlg_Figure_04_01_038m_img_new.jpg	media/CNX_ElemAlg_Figure_04_01_038m_img_new.jpg	image/jpeg	51384	38649695548a03b9e34cf35863424d203bba8e3424387e3594779c924044d323	1
../../media/CNX_ElemAlg_Figure_04_01_038n_img_new.jpg	media/CNX_ElemAlg_Figure_04_01_038n_img_new.jpg	image/jpeg	49468	088d391c5ff2de634b89727afdf38e71fcc5685222d11dcddd909e4a234c1ed5	1
../../media/CNX_ElemAlg_Figure_04_01_038o_img_new.jpg	media/CNX_ElemAlg_Figure_04_01_038o_img_new.jpg	image/jpeg	48210	f5e2baae94a3c08e7bf1c6878d3723406231ab47c1b9e6b5db5cac11bd341ff3	1
../../media/CNX_ElemAlg_Figure_04_01_039a_img_new.jpg	media/CNX_ElemAlg_Figure_04_01_039a_img_new.jpg	image/jpeg	48589	669621f8b9208a5b9a39743723efb76a6ae90968eb0299b6d429af78c110d901	1
../../media/CNX_ElemAlg_Figure_04_01_039b_img_new.jpg	media/CNX_ElemAlg_Figure_04_01_039b_img_new.jpg	image/jpeg	51262	8e51b09134f08d32d31c7d1f2ac5cc50a77e6846d4381e9f0f5a138cf51c41cc	1
../../media/CNX_ElemAlg_Figure_04_01_039c_img_new.jpg	media/CNX_ElemAlg_Figure_04_01_039c_img_new.jpg	image/jpeg	51799	7b3f8b370d1ecdc52b31bfb44d344f33fd43c551573bda0c148e6972ad12d9d7	1
../../media/CNX_ElemAlg_Figure_04_01_039d_img_new.jpg	media/CNX_ElemAlg_Figure_04_01_039d_img_new.jpg	image/jpeg	50758	809da9b2ebaa935bd48dcea738f339cb951d2b1d222b386a0a968368fa9676f5	1
../../media/CNX_ElemAlg_Figure_04_01_039e_img_new.jpg	media/CNX_ElemAlg_Figure_04_01_039e_img_new.jpg	image/jpeg	49285	3868e20ef1ac121c088d279a4740f9f5c7e93e81f1553160a7d5bff0c10360c9	1
../../media/CNX_ElemAlg_Figure_04_01_039f_img_new.jpg	media/CNX_ElemAlg_Figure_04_01_039f_img_new.jpg	image/jpeg	48857	bce38835c647ccf94628d2efb839c376cc2692460538e945895082d4a4d708ff	1
../../media/CNX_ElemAlg_Figure_04_01_039g_img_new.jpg	media/CNX_ElemAlg_Figure_04_01_039g_img_new.jpg	image/jpeg	49060	bb2d17e33a71ee8d357e6427e89954ae26639ce9d053b997e0252a617a02ac8f	1
../../media/CNX_ElemAlg_Figure_04_01_039h_img_new.jpg	media/CNX_ElemAlg_Figure_04_01_039h_img_new.jpg	image/jpeg	51256	102ae95fde45e3f753e55eb63d46c8d5eaa68389b00cf4ea3f153517588a2678	1
../../media/CNX_ElemAlg_Figure_04_01_039i_img_new.jpg	media/CNX_ElemAlg_Figure_04_01_039i_img_new.jpg	image/jpeg	52843	92eba79227275f342d53c449c09a856e948ff60abae70a80959667dfff625e3c	1
../../media/CNX_ElemAlg_Figure_04_01_039j_img_new.jpg	media/CNX_ElemAlg_Figure_04_01_039j_img_new.jpg	image/jpeg	50484	47a3ae9cf3453125058054873b88f49f0018038bf90caddc0c551c9db7830d6a	1
../../media/CNX_ElemAlg_Figure_04_01_039k_img_new.jpg	media/CNX_ElemAlg_Figure_04_01_039k_img_new.jpg	image/jpeg	49316	e03c6a25433b95a511a020d399dafb74c9eeef4d8023a6407cf03c3c71284992	1
../../media/CNX_ElemAlg_Figure_04_01_039l_img_new.jpg	media/CNX_ElemAlg_Figure_04_01_039l_img_new.jpg	image/jpeg	48549	99a4737593e4777fed6fa19512e7bc235c274a3cb9d0f91b4df77b448029fff2	1
../../media/CNX_ElemAlg_Figure_04_01_039m_img_new.jpg	media/CNX_ElemAlg_Figure_04_01_039m_img_new.jpg	image/jpeg	48058	9b5f314386a72dd1f78ae19a8b9cf1a8456eec5078599c8bd196b7b4b0ba4204	1
../../media/CNX_ElemAlg_Figure_04_01_039n_img_new.jpg	media/CNX_ElemAlg_Figure_04_01_039n_img_new.jpg	image/jpeg	50955	172d474dc1f27cbfd404b13f4dcaed1293cb18c4f1a9465d6888eb78efc84d95	1
../../media/CNX_ElemAlg_Figure_04_01_039o_img_new.jpg	media/CNX_ElemAlg_Figure_04_01_039o_img_new.jpg	image/jpeg	51634	195ada6b304c65966b29764af9bf8ebec1602a1010b0b7565352110dd547ccb4	1
../../media/CNX_ElemAlg_Figure_04_01_039p_img_new.jpg	media/CNX_ElemAlg_Figure_04_01_039p_img_new.jpg	image/jpeg	50213	59d5a7327dc2c822d904d61bd846cf43c4bcdff499d9170ee0645cd0c8ef04c2	1
../../media/CNX_ElemAlg_Figure_04_01_039q_img_new.jpg	media/CNX_ElemAlg_Figure_04_01_039q_img_new.jpg	image/jpeg	49040	c5746b183aef458671b1aafbf5242b237d596d011620bab2875bb6e972f068b6	1
../../media/CNX_ElemAlg_Figure_04_01_039r_img_new.jpg	media/CNX_ElemAlg_Figure_04_01_039r_img_new.jpg	image/jpeg	50093	0e7e0e22cecb9ccdd27c5df45247fd1ac964fcc51cb111b9ee0cd9865d3db335	1
../../media/CNX_ElemAlg_Figure_04_01_040_img_new.jpg	media/CNX_ElemAlg_Figure_04_01_040_img_new.jpg	image/jpeg	54993	c46873eb6d91de3208ee465279d8a97e69823ef645fdd7fe180635b0e9f56d67	1
../../media/CNX_ElemAlg_Figure_04_01_201_img_new.jpg	media/CNX_ElemAlg_Figure_04_01_201_img_new.jpg	image/jpeg	35816	221ca95a4b718595f349db6950e69a6bdab4e34b32e60a46742971b65f4259fe	1
../../media/CNX_ElemAlg_Figure_04_01_203_img_new.jpg	media/CNX_ElemAlg_Figure_04_01_203_img_new.jpg	image/jpeg	37885	ab31eed4eee2cefe133d0f54b23a9fad99e63ef85232418c426e7664a43084ce	1
../../media/CNX_ElemAlg_Figure_04_01_205_img_new.jpg	media/CNX_ElemAlg_Figure_04_01_205_img_new.jpg	image/jpeg	38606	4582848a4b7b069f925a7a78a751b4abba41fba3b982984c8ea0365ab29b34bb	1
../../media/CNX_ElemAlg_Figure_04_01_207_img_new.jpg	media/CNX_ElemAlg_Figure_04_01_207_img_new.jpg	image/jpeg	40213	1d23cacb4838ffabb8cae5ce84fca0d7e5652c5db6046d243a97f1173401942e	1
../../media/CNX_ElemAlg_Figure_04_01_209_img_new.jpg	media/CNX_ElemAlg_Figure_04_01_209_img_new.jpg	image/jpeg	51482	7c042cb83af9598ba57bd0f3cb147806f56921286b7a4147512a8acfffcb0dca	1
../../media/CNX_ElemAlg_Figure_04_01_210_img_new.jpg	media/CNX_ElemAlg_Figure_04_01_210_img_new.jpg	image/jpeg	52328	8fc67862077d71a2fae90731a9be3e97923d5de717c045a0f96ecde751fe6dc6	1
../../media/CNX_ElemAlg_Figure_04_01_211_img_new.jpg	media/CNX_ElemAlg_Figure_04_01_211_img_new.jpg	image/jpeg	53652	e74a6dcee87a8d88cc1ceb050a5ace97c419c7802093822d70c82a47f34d5cf0	1
../../media/CNX_ElemAlg_Figure_04_01_212_img_new.jpg	media/CNX_ElemAlg_Figure_04_01_212_img_new.jpg	image/jpeg	53432	58932a246e9fff6113d71c4b0a8cc6c785640f7f3c107dabaf63c6394b8f7bda	1
../../media/CNX_ElemAlg_Figure_04_01_213_img_new.jpg	media/CNX_ElemAlg_Figure_04_01_213_img_new.jpg	image/jpeg	64872	13e173f2e1dc082c50528e4bb032aeeedd61f0a6f1da8ef8d7296b8d9b635307	1
../../media/CNX_ElemAlg_Figure_04_01_215_img_new.jpg	media/CNX_ElemAlg_Figure_04_01_215_img_new.jpg	image/jpeg	81314	4f7b906f9fe939ecd5211cec8d32713902c0062a76b02fa86065623237972a6c	1
../../media/CNX_ElemAlg_Figure_04_01_216_img_new.jpg	media/CNX_ElemAlg_Figure_04_01_216_img_new.jpg	image/jpeg	47403	83a259b6866e36351f9f415518ef9dfba6a9061c2d86daeed5598513d1c863a2	1
../../media/CNX_ElemAlg_Figure_04_01_217_img_new.jpg	media/CNX_ElemAlg_Figure_04_01_217_img_new.jpg	image/jpeg	48448	a583c0bc9923b6cda4edef09d35cf7ffcc3fd85dbb177ff6299d5a67e5051184	1
../../media/CNX_ElemAlg_Figure_04_02_001_img_new.jpg	media/CNX_ElemAlg_Figure_04_02_001_img_new.jpg	image/jpeg	60341	a6c81ef81f90b01c8eb5983022edfab9e020a8312cd0b9d428445d25e2a47455	1
../../media/CNX_ElemAlg_Figure_04_02_002_img_new.jpg	media/CNX_ElemAlg_Figure_04_02_002_img_new.jpg	image/jpeg	71001	80eb7e89d8d364c59779074327843939c9f5fb8f8dfa3eb33883a24545d5b712	1
../../media/CNX_ElemAlg_Figure_04_02_003_img_new.jpg	media/CNX_ElemAlg_Figure_04_02_003_img_new.jpg	image/jpeg	73291	822cc0245b0b001d46838e83fdf46a806559a6d25945e9c4ff196a370154db7a	1
../../media/CNX_ElemAlg_Figure_04_02_004_img_new.jpg	media/CNX_ElemAlg_Figure_04_02_004_img_new.jpg	image/jpeg	71338	9ba33de5690df577c4faf8ceaa3591cffee4a3d20ce0187a71be81a07b66dc3d	1
../../media/CNX_ElemAlg_Figure_04_02_005_img_new.jpg	media/CNX_ElemAlg_Figure_04_02_005_img_new.jpg	image/jpeg	76110	25c51c517e23a14b7ca2e9cf820d2e18ac4fc8fa3949e0168367521bd22bc0ae	1
../../media/CNX_ElemAlg_Figure_04_02_006_img_new.jpg	media/CNX_ElemAlg_Figure_04_02_006_img_new.jpg	image/jpeg	71463	2fe887cdbfd5d88f6f20777a65759c8a85f506233709591e2b9e29b72f972b73	2
../../media/CNX_ElemAlg_Figure_04_02_010_img_new.jpg	media/CNX_ElemAlg_Figure_04_02_010_img_new.jpg	image/jpeg	29419	d137011e8762e55c83e6b7bbf12a7eb4b964c856dd5fa0661f13d7477f3879a3	1
../../media/CNX_ElemAlg_Figure_04_02_011_img_new.jpg	media/CNX_ElemAlg_Figure_04_02_011_img_new.jpg	image/jpeg	60068	4afae5d67f4795c67c91dd1dfaec672d972c991e6957a917b2a1767c1e9d332a	1
../../media/CNX_ElemAlg_Figure_04_02_012_img_new.jpg	media/CNX_ElemAlg_Figure_04_02_012_img_new.jpg	image/jpeg	43881	0f745b797e9bbca0509dcc1a5d279b96e546db5c5a722f09d8367bedb9655285	1
../../media/CNX_ElemAlg_Figure_04_02_013_img_new.jpg	media/CNX_ElemAlg_Figure_04_02_013_img_new.jpg	image/jpeg	48066	ae480abee214675937d20775ae2a0cb9c511de912f8a51ec802db9e328a5165d	1
../../media/CNX_ElemAlg_Figure_04_02_014_img_new.jpg	media/CNX_ElemAlg_Figure_04_02_014_img_new.jpg	image/jpeg	63179	fe645985a13f4f2142d93e52d633d1d184d060d57ae1cc5a68679b60c545208e	1
../../media/CNX_ElemAlg_Figure_04_02_015_img_new.jpg	media/CNX_ElemAlg_Figure_04_02_015_img_new.jpg	image/jpeg	44040	cdf784d56090a38347ae431380638f4eaf506621925c51412e7d5001aa627243	1
../../media/CNX_ElemAlg_Figure_04_02_016_img.jpg	media/CNX_ElemAlg_Figure_04_02_016_img.jpg	image/jpeg	56450	f6852ce845883d8ca93f9cea6b9c7107dab316d14d2568e2f3828a874276dd7b	1
../../media/CNX_ElemAlg_Figure_04_02_017_img_new.jpg	media/CNX_ElemAlg_Figure_04_02_017_img_new.jpg	image/jpeg	61089	740fbc3be3765bcf68a1dcf114e48468039759644bde45c07ddb25355731dd5d	1
../../media/CNX_ElemAlg_Figure_04_02_018_img_new.jpg	media/CNX_ElemAlg_Figure_04_02_018_img_new.jpg	image/jpeg	59685	88bcc89e49acdbb660bf48a40230d93ec3f21d137e247c4013452f4f0a985da1	1
../../media/CNX_ElemAlg_Figure_04_02_019_img_new.jpg	media/CNX_ElemAlg_Figure_04_02_019_img_new.jpg	image/jpeg	44068	8485bc24ccef21e98ca24c113fc6907c117580590b7d706cf20d6db5ba7df8b0	1
../../media/CNX_ElemAlg_Figure_04_02_020_img_new.jpg	media/CNX_ElemAlg_Figure_04_02_020_img_new.jpg	image/jpeg	65740	1f1b1137b3ff279f6133f924e0d502c4b79737027605ecf04f847dff7e3e5fd7	1
../../media/CNX_ElemAlg_Figure_04_02_021_img_new.jpg	media/CNX_ElemAlg_Figure_04_02_021_img_new.jpg	image/jpeg	67319	0dfa3fa09f3beae5d81830a7a0dc3a5b40dfb13a61f8d970f8fb50ba876d9257	1
../../media/CNX_ElemAlg_Figure_04_02_022_img_new.jpg	media/CNX_ElemAlg_Figure_04_02_022_img_new.jpg	image/jpeg	79886	84e954e948ca01487e08cf7f39cc8fc45738ad648d7470087d01cf0eff4b06a3	1
../../media/CNX_ElemAlg_Figure_04_02_023_img_new.jpg	media/CNX_ElemAlg_Figure_04_02_023_img_new.jpg	image/jpeg	56197	85c76c603a54e606118837b6b7559a07e98561b3fbe1a5ad891733494ebaa2e8	1
../../media/CNX_ElemAlg_Figure_04_02_024_img_new.jpg	media/CNX_ElemAlg_Figure_04_02_024_img_new.jpg	image/jpeg	56728	7b75b5216defa31ab37c410e668a87218ea5e3fdc637a244499a569ea5cac72b	1
../../media/CNX_ElemAlg_Figure_04_02_025_img_new.jpg	media/CNX_ElemAlg_Figure_04_02_025_img_new.jpg	image/jpeg	62160	569170ddae75bdd175a33ebc1484f9ae853986792cf83b3838db58d9692ccaf7	1
../../media/CNX_ElemAlg_Figure_04_02_026_img_new.jpg	media/CNX_ElemAlg_Figure_04_02_026_img_new.jpg	image/jpeg	71973	54c23b4f3ad37001c8fc7ee209800a8a76d47d7c0f18fe11d2092bc982c675dc	1
../../media/CNX_ElemAlg_Figure_04_02_027_img_new.jpg	media/CNX_ElemAlg_Figure_04_02_027_img_new.jpg	image/jpeg	58094	46edc75050e172c4908d401ad46d4f8a5a623c3711b29844507d9f73c35b01f0	1
../../media/CNX_ElemAlg_Figure_04_02_028_img_new.jpg	media/CNX_ElemAlg_Figure_04_02_028_img_new.jpg	image/jpeg	43656	604d390744f7d74cd733df05f4f8caf9979b17f65a65a7fe0c956428dd818580	1
../../media/CNX_ElemAlg_Figure_04_02_029_img_new.jpg	media/CNX_ElemAlg_Figure_04_02_029_img_new.jpg	image/jpeg	81873	013df8cae6eaf933fb2a836c72f1a08af7e8c32fa007a56e47772d3f9721e247	1
../../media/CNX_ElemAlg_Figure_04_02_030_img_new.jpg	media/CNX_ElemAlg_Figure_04_02_030_img_new.jpg	image/jpeg	57405	28deea9b0f49dca63d185a0cea42d0b9f214c3e1c75c980ad7aa4299a5a3aff7	1
../../media/CNX_ElemAlg_Figure_04_02_031_img_new.jpg	media/CNX_ElemAlg_Figure_04_02_031_img_new.jpg	image/jpeg	58232	8cb37029837dae8ede6cacb471591b15902143d654dc77cd8c1ac6d686af3116	1
../../media/CNX_ElemAlg_Figure_04_02_032_img_new.jpg	media/CNX_ElemAlg_Figure_04_02_032_img_new.jpg	image/jpeg	56281	72671b91ae3c2a235abfae09a1200828f95d42b492a3a9728097f555b8c9fdf1	1
../../media/CNX_ElemAlg_Figure_04_02_033_img_new.jpg	media/CNX_ElemAlg_Figure_04_02_033_img_new.jpg	image/jpeg	56188	ff8b5c4ffc486f07da4e15cebc1f732f7e2572be72edcf399accb0c7d5a7e6bc	1
../../media/CNX_ElemAlg_Figure_04_02_034_img_new.jpg	media/CNX_ElemAlg_Figure_04_02_034_img_new.jpg	image/jpeg	41381	7293d1a9f8eb17322fe96dc3f9f7b352b5cbe521c1665b56e102feca4a82ab9b	1
../../media/CNX_ElemAlg_Figure_04_02_035_img_new.jpg	media/CNX_ElemAlg_Figure_04_02_035_img_new.jpg	image/jpeg	39489	b6f97ce93fd43396182938004f295b56395bf778429e64a956460bdffb43cef6	1
../../media/CNX_ElemAlg_Figure_04_02_036_img_new.jpg	media/CNX_ElemAlg_Figure_04_02_036_img_new.jpg	image/jpeg	55687	52f02d5592dbb99c20357450383000dcb3f6407c4f1a3da889516521e52b4671	1
../../media/CNX_ElemAlg_Figure_04_02_037_img_new.jpg	media/CNX_ElemAlg_Figure_04_02_037_img_new.jpg	image/jpeg	57298	943b81acc608c0f501e6f9c2e5fbfa07a138c789d138a74caae5667a6840c246	1
../../media/CNX_ElemAlg_Figure_04_02_038_img_new.jpg	media/CNX_ElemAlg_Figure_04_02_038_img_new.jpg	image/jpeg	40013	67ceb0e7e68f037b68033ab1d16d4129627c854a5c30ffb62056e228bb6abe50	1
../../media/CNX_ElemAlg_Figure_04_02_039_img_new.jpg	media/CNX_ElemAlg_Figure_04_02_039_img_new.jpg	image/jpeg	40524	07a69fbc3f1f90cd1994e4e460c01c9a768a895e7d2213b784e89de525eed850	1
../../media/CNX_ElemAlg_Figure_04_02_040_img_new.jpg	media/CNX_ElemAlg_Figure_04_02_040_img_new.jpg	image/jpeg	62036	558cb936457254b17a797fe7495ee31845fe004d90c020d523341de1baf3c0bb	1
../../media/CNX_ElemAlg_Figure_04_02_041_img_new.jpg	media/CNX_ElemAlg_Figure_04_02_041_img_new.jpg	image/jpeg	62273	2fc8b1f4b01c2c6b20697619ffaaf1139eb9c3ed8457b39c8c39fc652f560047	1
../../media/CNX_ElemAlg_Figure_04_02_042_img_new.jpg	media/CNX_ElemAlg_Figure_04_02_042_img_new.jpg	image/jpeg	44498	6bba546c87e4b91e0a6c9d5f856232add27027d2a185d3472f7f245b66545494	1
../../media/CNX_ElemAlg_Figure_04_02_043_img_new.jpg	media/CNX_ElemAlg_Figure_04_02_043_img_new.jpg	image/jpeg	45735	f12bbee780190146aab12cbf89ba9f94e45d1ed9b2a1fb478ec80bba52e8e7fc	1
../../media/CNX_ElemAlg_Figure_04_02_044a_img_new.jpg	media/CNX_ElemAlg_Figure_04_02_044a_img_new.jpg	image/jpeg	106794	61b4eab78371622679f5748cfbdce196c04abb5244a34c15e197c7d2bc31ae2d	1
../../media/CNX_ElemAlg_Figure_04_02_044b_img_new.jpg	media/CNX_ElemAlg_Figure_04_02_044b_img_new.jpg	image/jpeg	67642	d7027242379c0c1a3b633fab8b6cbd44336b912af998a8f425f9aa0154868644	1
../../media/CNX_ElemAlg_Figure_04_02_044c_img_new.jpg	media/CNX_ElemAlg_Figure_04_02_044c_img_new.jpg	image/jpeg	69089	4c4ef133ca5a49d653a90f5fac1c7a4678ae146f63f2ebbf92f862defba78db4	1
../../media/CNX_ElemAlg_Figure_04_02_201_img_new.jpg	media/CNX_ElemAlg_Figure_04_02_201_img_new.jpg	image/jpeg	72933	48c2132b21e0406900c1edaa9af7ed4c5c503da011ee4f5523979f61822bcf00	1
../../media/CNX_ElemAlg_Figure_04_02_203_img_new.jpg	media/CNX_ElemAlg_Figure_04_02_203_img_new.jpg	image/jpeg	43143	4943da78a775e6ecc2568881f73bad7e8cf42a4e4f909971e82959809584a63f	1
../../media/CNX_ElemAlg_Figure_04_02_205_img_new.jpg	media/CNX_ElemAlg_Figure_04_02_205_img_new.jpg	image/jpeg	46821	0cc068c3194d3c07e0f80b46aec6d0f285f3b96fab09d4b68fc535adf69fa442	1
../../media/CNX_ElemAlg_Figure_04_02_207_img_new.jpg	media/CNX_ElemAlg_Figure_04_02_207_img_new.jpg	image/jpeg	46591	9e603c2d6cdc1f0e2a9e7cc047ebccc41db89782d6346daec99c992dd96355c9	1
../../media/CNX_ElemAlg_Figure_04_02_209_img_new.jpg	media/CNX_ElemAlg_Figure_04_02_209_img_new.jpg	image/jpeg	43717	10c31389a90c46e9555995e5a4ae9fcca79203d91a9fda77b48ceef9425de1a3	1
../../media/CNX_ElemAlg_Figure_04_02_211_img_new.jpg	media/CNX_ElemAlg_Figure_04_02_211_img_new.jpg	image/jpeg	42616	4998f8ff8e1a15dfc1bb130538ef7b84ad07c79748527ee9a0c8445a970435bf	1
../../media/CNX_ElemAlg_Figure_04_02_213_img_new.jpg	media/CNX_ElemAlg_Figure_04_02_213_img_new.jpg	image/jpeg	44346	5f3057e76d85500243f18c63e7ea90c11e010f21a389b3859664d2d23a1fa7e6	1
../../media/CNX_ElemAlg_Figure_04_02_215_img_new.jpg	media/CNX_ElemAlg_Figure_04_02_215_img_new.jpg	image/jpeg	44577	9d19f4cc0924b1c812cdb2ec24fe74d79a9e2fdfd06671edbde145956e415200	1
../../media/CNX_ElemAlg_Figure_04_02_217_img_new.jpg	media/CNX_ElemAlg_Figure_04_02_217_img_new.jpg	image/jpeg	43783	ac02cdcae3c64cc4de41221687a9698118fc1daa017b0d6a136fcc3dd3751d0e	1
../../media/CNX_ElemAlg_Figure_04_02_219_img_new.jpg	media/CNX_ElemAlg_Figure_04_02_219_img_new.jpg	image/jpeg	45411	d36186fa323137f34bd7154cd3d0e0907ae675f6e42e5575dcf2b92905b3da39	1
../../media/CNX_ElemAlg_Figure_04_02_221_img_new.jpg	media/CNX_ElemAlg_Figure_04_02_221_img_new.jpg	image/jpeg	44101	f75e412685d94901de15610eeec904af0581579dcfd9e6c4098c2a3f01f9d68b	1
../../media/CNX_ElemAlg_Figure_04_02_223_img_new.jpg	media/CNX_ElemAlg_Figure_04_02_223_img_new.jpg	image/jpeg	46132	136e7c39ea241361cc12fba6d0a6895de42e03dbf6ab07a7188194a93e195e42	1
../../media/CNX_ElemAlg_Figure_04_02_225_img_new.jpg	media/CNX_ElemAlg_Figure_04_02_225_img_new.jpg	image/jpeg	46145	6347a495a9cd94db882a359ae7ac6c583d891a490a516dceaebb7432d9633594	1
../../media/CNX_ElemAlg_Figure_04_02_227_img_new.jpg	media/CNX_ElemAlg_Figure_04_02_227_img_new.jpg	image/jpeg	17088	fe2b8abd06f008fb24bcfdd768a73bbeb4d70c2fea01ecb051b56b9804a6a571	1
../../media/CNX_ElemAlg_Figure_04_02_229_img.jpg	media/CNX_ElemAlg_Figure_04_02_229_img.jpg	image/jpeg	68441	4d652fa97b8988b00046e4ad6041f1be0d8b7369d6d11df5410cbb7060059ff6	1
../../media/CNX_ElemAlg_Figure_04_02_231_img_new.jpg	media/CNX_ElemAlg_Figure_04_02_231_img_new.jpg	image/jpeg	56709	8c4d7647ab59948fdfd413477a11cbdc11e4125c641af57230a29a01c58995e8	1
../../media/CNX_ElemAlg_Figure_04_02_233_img_new.jpg	media/CNX_ElemAlg_Figure_04_02_233_img_new.jpg	image/jpeg	54452	86b1be53da9233feff7406e2a9b3299c796be95a808a247358527a633fe393d4	1
../../media/CNX_ElemAlg_Figure_04_02_235_img.jpg	media/CNX_ElemAlg_Figure_04_02_235_img.jpg	image/jpeg	66415	bfd1717d0dbcf2ac779b776c29c239fdfc4f433147d3ea1fc5b53fa89dd02867	1
../../media/CNX_ElemAlg_Figure_04_02_237_img_new.jpg	media/CNX_ElemAlg_Figure_04_02_237_img_new.jpg	image/jpeg	57523	c0f8c7ed9b98d7d37e1ba02cad34b1d84ade6cac85e49c68b98e0b8df0c9b672	1
../../media/CNX_ElemAlg_Figure_04_02_239_img_new.jpg	media/CNX_ElemAlg_Figure_04_02_239_img_new.jpg	image/jpeg	58231	84e16dd9b11dfa28afc5030bcf1fb0de178dac966f76c85fea877c54b1815e0b	1
../../media/CNX_ElemAlg_Figure_04_02_241_img_new.jpg	media/CNX_ElemAlg_Figure_04_02_241_img_new.jpg	image/jpeg	40908	543de8c539cd65a6e1320b7111a31f80395d9698a30f1ab12e0c177d0a53a404	1
../../media/CNX_ElemAlg_Figure_04_02_243_img_new.jpg	media/CNX_ElemAlg_Figure_04_02_243_img_new.jpg	image/jpeg	40782	0d7ae0e3a302cccba4b62d766cca95e3739d3a7e1a29e3d6b27778dad24b8747	1
../../media/CNX_ElemAlg_Figure_04_02_245_img_new.jpg	media/CNX_ElemAlg_Figure_04_02_245_img_new.jpg	image/jpeg	41306	a67e356d35037fce866128e93b42e364be7a9548d16a9fb81241816ef2837e50	1
../../media/CNX_ElemAlg_Figure_04_02_247_img_new.jpg	media/CNX_ElemAlg_Figure_04_02_247_img_new.jpg	image/jpeg	40558	232db09c573aca8f84efa0667de7fdba700160137942b649a748c984c164536a	1
../../media/CNX_ElemAlg_Figure_04_02_249_img_new.jpg	media/CNX_ElemAlg_Figure_04_02_249_img_new.jpg	image/jpeg	40854	aed60ff4dd4b284d5c0c1dcd174e9acd7911b898bfda269c3629d9d3829a6670	1
../../media/CNX_ElemAlg_Figure_04_02_251_img_new.jpg	media/CNX_ElemAlg_Figure_04_02_251_img_new.jpg	image/jpeg	54202	d56a933c6465e005906af62b9835e9c96aa9144267cc8c8149f34896b9439db6	1
../../media/CNX_ElemAlg_Figure_04_02_253_img_new.jpg	media/CNX_ElemAlg_Figure_04_02_253_img_new.jpg	image/jpeg	45781	d37404f28442467cf6c1d790b31f76f25e3c583401ba368c3b56566dcad7ed37	1
../../media/CNX_ElemAlg_Figure_04_02_255_img_new.jpg	media/CNX_ElemAlg_Figure_04_02_255_img_new.jpg	image/jpeg	45687	f6044e07635490d6bfedd179efbdcaa49277fe10ad41d5446a62e674a2cb73e7	1
../../media/CNX_ElemAlg_Figure_04_02_257_img_new.jpg	media/CNX_ElemAlg_Figure_04_02_257_img_new.jpg	image/jpeg	61628	9be0f33a6d2f0cfc8f0b775283b3555ef9c65a8a3d52c9cf363b46d898684b2a	1
../../media/CNX_ElemAlg_Figure_04_02_259_img_new.jpg	media/CNX_ElemAlg_Figure_04_02_259_img_new.jpg	image/jpeg	82442	9758ef74475df7890f2a4997bf38c3844d35567fd83b30b4d8f8cfd62df9e05d	1
../../media/CNX_ElemAlg_Figure_04_02_260_img_new.jpg	media/CNX_ElemAlg_Figure_04_02_260_img_new.jpg	image/jpeg	82167	571910bd02384dbf9c2678334ec8316606ad73e6a3c9c2c61178243ace486320	1
../../media/CNX_ElemAlg_Figure_04_02_261_img_new.jpg	media/CNX_ElemAlg_Figure_04_02_261_img_new.jpg	image/jpeg	82565	dfc6d03f9eea3b7436434d715ec9f63057dc0d61af60c147d65c355237d84fcf	1
../../media/CNX_ElemAlg_Figure_04_02_262_img_new.jpg	media/CNX_ElemAlg_Figure_04_02_262_img_new.jpg	image/jpeg	63240	7d35472e065d50512b24ca0b3f292700ecd32c284a78ec3dce50954154df1702	1
../../media/CNX_ElemAlg_Figure_04_02_264_img_new.jpg	media/CNX_ElemAlg_Figure_04_02_264_img_new.jpg	image/jpeg	64389	0af49257574c9bcaab1e91b6547a9a5f4a24f41f8f78995f2338cedeb26557ab	1
../../media/CNX_ElemAlg_Figure_04_02_266_img_new.jpg	media/CNX_ElemAlg_Figure_04_02_266_img_new.jpg	image/jpeg	56176	6eb78d108434954307f5b064f0b9c451affbc65d7f8a3a001fd9edd6b12fe19b	1
../../media/CNX_ElemAlg_Figure_04_02_268_img_new.jpg	media/CNX_ElemAlg_Figure_04_02_268_img_new.jpg	image/jpeg	59231	d6311794eaa4a1995eb5992249aca7d805579012035f5085e627510e36dc2851	1
../../media/CNX_ElemAlg_Figure_04_02_270_img_new.jpg	media/CNX_ElemAlg_Figure_04_02_270_img_new.jpg	image/jpeg	58936	0c37a69e7c8a4047dbd78be7848ffa3ae134380ae858e246fded77491937d85e	1
../../media/CNX_ElemAlg_Figure_04_02_272_img_new.jpg	media/CNX_ElemAlg_Figure_04_02_272_img_new.jpg	image/jpeg	57485	0f7195cb731b3ffaa2381d003c8de1b85ccde3c5b2807f03e02a5eb273df4d0f	1
../../media/CNX_ElemAlg_Figure_04_02_274_img_new.jpg	media/CNX_ElemAlg_Figure_04_02_274_img_new.jpg	image/jpeg	57651	fdfaa771e2212699378029c8a061a1b79399cef5c08b5a8dc8c4401b37e0fed8	1
../../media/CNX_ElemAlg_Figure_04_02_276_img_new.jpg	media/CNX_ElemAlg_Figure_04_02_276_img_new.jpg	image/jpeg	58302	93ce6a2b5d4a7127dec260803bd594c1c6d4508d01804ecbe9812fcb1fecd808	1
../../media/CNX_ElemAlg_Figure_04_02_278_img_new.jpg	media/CNX_ElemAlg_Figure_04_02_278_img_new.jpg	image/jpeg	60201	ccce8dbe210a826b78f8e1edc2faa0a43c1ecf781bc4eea3f66e1a3d7d27a13b	1
../../media/CNX_ElemAlg_Figure_04_02_280_img_new.jpg	media/CNX_ElemAlg_Figure_04_02_280_img_new.jpg	image/jpeg	59029	a49431d5737fb1600c40d0113ffd451e9fd8c65abcc7442faf9363fa7175a83a	1
../../media/CNX_ElemAlg_Figure_04_02_282_img_new.jpg	media/CNX_ElemAlg_Figure_04_02_282_img_new.jpg	image/jpeg	81812	73b3c6fc1acc33b4501556f34b7c146b91cddd4a7ab0ec0010c6351fcd12fa5a	1
../../media/CNX_ElemAlg_Figure_04_02_283_img_new.jpg	media/CNX_ElemAlg_Figure_04_02_283_img_new.jpg	image/jpeg	67580	d9c9a3d19da628b3c4b06f038d5ace7e04967833699c6bed74a37e7759fc79f9	1
../../media/CNX_ElemAlg_Figure_04_03_001_img_new.jpg	media/CNX_ElemAlg_Figure_04_03_001_img_new.jpg	image/jpeg	153099	ad5e2f41853749f16230ce1ffdc7b40a50c7fcfc38741153278f2705ba6b122a	1
../../media/CNX_ElemAlg_Figure_04_03_002_img_new.jpg	media/CNX_ElemAlg_Figure_04_03_002_img_new.jpg	image/jpeg	121689	f5db5ceed0003369f0c7a463ecc52adbbf95abed775627077980eae9e3b87776	1
../../media/CNX_ElemAlg_Figure_04_03_003_img_new.jpg	media/CNX_ElemAlg_Figure_04_03_003_img_new.jpg	image/jpeg	72190	75cb5c69b0a67a16a85d06ab8f792a7d9e226042ad0483162f0f7455b6b38fce	1
../../media/CNX_ElemAlg_Figure_04_03_004_img_new.jpg	media/CNX_ElemAlg_Figure_04_03_004_img_new.jpg	image/jpeg	72885	68767ff32d2b3596f042fa8a03afd4da1a8de2df4ad2213eeb93c13da17cfea7	1
../../media/CNX_ElemAlg_Figure_04_03_007_img_new.jpg	media/CNX_ElemAlg_Figure_04_03_007_img_new.jpg	image/jpeg	44777	2d31e16a67fbaf625f3aa9dba7af50f8d8017af0e7498591d27497039c15c537	1
../../media/CNX_ElemAlg_Figure_04_03_008_img_new.jpg	media/CNX_ElemAlg_Figure_04_03_008_img_new.jpg	image/jpeg	44629	d0b3c28f5f616920bcb2af4e339e1e17f428761b84b0e5b77ee72b1b2f643528	1
../../media/CNX_ElemAlg_Figure_04_03_009_img_new.jpg	media/CNX_ElemAlg_Figure_04_03_009_img_new.jpg	image/jpeg	73771	c2e850a4ca801598e3ac5918b7c8373fc025bcf697b1986831cc5dc8e2401306	1
../../media/CNX_ElemAlg_Figure_04_03_010_img_new.jpg	media/CNX_ElemAlg_Figure_04_03_010_img_new.jpg	image/jpeg	52014	f3b9b7185b608b3b98b55f5001498b3ee51603c5647d6832c3cab544679aa5a1	1
../../media/CNX_ElemAlg_Figure_04_03_011_img_new.jpg	media/CNX_ElemAlg_Figure_04_03_011_img_new.jpg	image/jpeg	59436	3c797e6fc12ec357f0cf624a60be0767e643a50ae0bd482341aede088392532c	1
../../media/CNX_ElemAlg_Figure_04_03_012_img_new.jpg	media/CNX_ElemAlg_Figure_04_03_012_img_new.jpg	image/jpeg	60377	37947d491cbe1562c3266d2d31b4417fab5659c02a2790bd9fb4b19e8aba5298	1
../../media/CNX_ElemAlg_Figure_04_03_013_img_new.jpg	media/CNX_ElemAlg_Figure_04_03_013_img_new.jpg	image/jpeg	68922	c08b4321f42a24693a09aaf5f23f94c6b28c0381c28873b9baf378df41597ea5	1
../../media/CNX_ElemAlg_Figure_04_03_014_img_new.jpg	media/CNX_ElemAlg_Figure_04_03_014_img_new.jpg	image/jpeg	44158	055c1852b843e01a27f323699ad279d8352b2acbda403c45ed1e7e23831097e1	1
../../media/CNX_ElemAlg_Figure_04_03_015_img_new.jpg	media/CNX_ElemAlg_Figure_04_03_015_img_new.jpg	image/jpeg	49147	0ad135431955557889174b1d7070351a5ed4e0752d9a67bbf0caeb2a420ef2ba	1
../../media/CNX_ElemAlg_Figure_04_03_016_img_new.jpg	media/CNX_ElemAlg_Figure_04_03_016_img_new.jpg	image/jpeg	76018	a64a5a63276f67eed942efa81e93e89023ea6b5c224c2012a6eb9d8f24ba834f	1
../../media/CNX_ElemAlg_Figure_04_03_017a_img_new.jpg	media/CNX_ElemAlg_Figure_04_03_017a_img_new.jpg	image/jpeg	12107	ff3fcc7d6017ba299c8214a551cc77a73d5de1669187eb4a224af57d4168d13c	1
../../media/CNX_ElemAlg_Figure_04_03_017b_img_new.jpg	media/CNX_ElemAlg_Figure_04_03_017b_img_new.jpg	image/jpeg	13421	dddcdab96a578c5cef9deb178263d3bc39aeb295b396664c7e66d1fc597c7f18	1
../../media/CNX_ElemAlg_Figure_04_03_017c_img_new.jpg	media/CNX_ElemAlg_Figure_04_03_017c_img_new.jpg	image/jpeg	11972	638fc1e3d29802c20b25e7cd2320572618789f4b6e076248f45f4d9166073d49	1
../../media/CNX_ElemAlg_Figure_04_03_017d_img_new.jpg	media/CNX_ElemAlg_Figure_04_03_017d_img_new.jpg	image/jpeg	11719	d591baf6224533822599b6f1777bba9ef3cb1717a5d60be6375b6143140686a0	1
../../media/CNX_ElemAlg_Figure_04_03_017e_img_new.jpg	media/CNX_ElemAlg_Figure_04_03_017e_img_new.jpg	image/jpeg	14063	500d6fd56b3f28a5279d111a2ce9fde0aced903cc1eb1139425dbc37285083fe	1
../../media/CNX_ElemAlg_Figure_04_03_017f_img_new.jpg	media/CNX_ElemAlg_Figure_04_03_017f_img_new.jpg	image/jpeg	15610	371ff38b138dda828bc8d4c64f3d23e091fe32e48b96e1b1e1f68264fadac9e2	1
../../media/CNX_ElemAlg_Figure_04_03_017g_img_new.jpg	media/CNX_ElemAlg_Figure_04_03_017g_img_new.jpg	image/jpeg	14641	9c8ec7aaf447f1550363476e4e60fb97cb7b25a5fc07ac26f1d8b8cff26d3262	1
../../media/CNX_ElemAlg_Figure_04_03_017h_img_new.jpg	media/CNX_ElemAlg_Figure_04_03_017h_img_new.jpg	image/jpeg	13381	3ba5cc1e7109a4dc5628f519f7cdbe136feef8c3ebc582208e74f5ef5a922dca	1
../../media/CNX_ElemAlg_Figure_04_03_018a_img_new.jpg	media/CNX_ElemAlg_Figure_04_03_018a_img_new.jpg	image/jpeg	15648	1b393f64c443fdf0f40036174ed8b02aaa6956aa3f7e4a5d56556919149c3039	1
../../media/CNX_ElemAlg_Figure_04_03_018b_img_new.jpg	media/CNX_ElemAlg_Figure_04_03_018b_img_new.jpg	image/jpeg	17090	2e137518a6e9eb3e19866b73b21d564af44d0ec64884dbe93103475b162c125e	1
../../media/CNX_ElemAlg_Figure_04_03_018c_img_new.jpg	media/CNX_ElemAlg_Figure_04_03_018c_img_new.jpg	image/jpeg	16331	bc2f7543af2328640219b9771878647a8c7ee9a2314abf010fcd709be763a365	1
../../media/CNX_ElemAlg_Figure_04_03_018d_img_new.jpg	media/CNX_ElemAlg_Figure_04_03_018d_img_new.jpg	image/jpeg	15510	081a625a5b1d8699ef7f7c6be66953c312b2b069406e9743b6d52c0db1a69504	1
../../media/CNX_ElemAlg_Figure_04_03_018e_img_new.jpg	media/CNX_ElemAlg_Figure_04_03_018e_img_new.jpg	image/jpeg	15052	b6bff68b496a5785bf43aec85898c427092a82237605fa4a9937bd5d33920577	1
../../media/CNX_ElemAlg_Figure_04_03_018f_img_new.jpg	media/CNX_ElemAlg_Figure_04_03_018f_img_new.jpg	image/jpeg	18029	7aad22bf185045eba9063aebd0c5b59badac70c33dd33df98693f705d56b5341	1
../../media/CNX_ElemAlg_Figure_04_03_018g_img_new.jpg	media/CNX_ElemAlg_Figure_04_03_018g_img_new.jpg	image/jpeg	19422	b1683320bc22a4bcf9653e9d24ff791f3d07824d551adbc8d6624486f7b1bee6	1
../../media/CNX_ElemAlg_Figure_04_03_018h_img_new.jpg	media/CNX_ElemAlg_Figure_04_03_018h_img_new.jpg	image/jpeg	18940	aa719efaad23f0e668a7e1021c227431beec0a4f6512f97424dcffe8edb5484d	1
../../media/CNX_ElemAlg_Figure_04_03_018i_img_new.jpg	media/CNX_ElemAlg_Figure_04_03_018i_img_new.jpg	image/jpeg	18088	4c6c3a9d715602fb72885d7acdaeb4e58841c2c83f8743ded429d2d68c705e67	1
../../media/CNX_ElemAlg_Figure_04_03_018j_img_new.jpg	media/CNX_ElemAlg_Figure_04_03_018j_img_new.jpg	image/jpeg	16825	6976181f5529634b36cb612831f0769ec90285c402a422fd3cddf550d8b13a45	1
../../media/CNX_ElemAlg_Figure_04_03_019a_img_new.jpg	media/CNX_ElemAlg_Figure_04_03_019a_img_new.jpg	image/jpeg	62931	abbc5bb36217fb099750937d2d16a571bdbc03ff8e735fac4a0addba1c347864	1
../../media/CNX_ElemAlg_Figure_04_03_019b_img_new.jpg	media/CNX_ElemAlg_Figure_04_03_019b_img_new.jpg	image/jpeg	36622	a698be5131493196236dfc022953d0385b7ca1f3548aceadfe2d2198f0360276	1
../../media/CNX_ElemAlg_Figure_04_03_019c_img_new.jpg	media/CNX_ElemAlg_Figure_04_03_019c_img_new.jpg	image/jpeg	66768	3c22511c7b3a7b4eefecaa8c636c1a9be3937ad50d57d1b85d29a07adbf0ce86	1
../../media/CNX_ElemAlg_Figure_04_03_019d_img_new.jpg	media/CNX_ElemAlg_Figure_04_03_019d_img_new.jpg	image/jpeg	58494	15e2760665ac9263e6280b6264e6279a74244935346ce56480684cf0aba84ffd	1
../../media/CNX_ElemAlg_Figure_04_03_020_img_new.jpg	media/CNX_ElemAlg_Figure_04_03_020_img_new.jpg	image/jpeg	70344	4a236c8da87f9a46a6751f1960f28e8face035fcda256281832a002196dbb8bb	1
../../media/CNX_ElemAlg_Figure_04_03_021_img_new.jpg	media/CNX_ElemAlg_Figure_04_03_021_img_new.jpg	image/jpeg	63308	7738b3cee19f7d383c2074beb23cf7247b93814ea99e80f6cfd8575f9bc96a10	1
../../media/CNX_ElemAlg_Figure_04_03_022_img_new.jpg	media/CNX_ElemAlg_Figure_04_03_022_img_new.jpg	image/jpeg	75204	554fe66c3f65672d7812f3cd2b6e4242e128422a856b42c7681cde265627e3d1	1
../../media/CNX_ElemAlg_Figure_04_03_201_img_new.jpg	media/CNX_ElemAlg_Figure_04_03_201_img_new.jpg	image/jpeg	655836	c6491ab9be0f58b8dc9b533f45c6a754fbaf38cd9128859ae33b8070d4a40261	1
../../media/CNX_ElemAlg_Figure_04_03_202_img_new.jpg	media/CNX_ElemAlg_Figure_04_03_202_img_new.jpg	image/jpeg	85025	1a937a2edd5f8cce78e270a307e73caf678cc34cbb9d324335e71facd28eaa84	1
../../media/CNX_ElemAlg_Figure_04_03_203_img_new.jpg	media/CNX_ElemAlg_Figure_04_03_203_img_new.jpg	image/jpeg	80726	66c08e3591ce004f025458fb82028ece6fda5fad2ebfa1e7e0875916f119602e	1
../../media/CNX_ElemAlg_Figure_04_03_204_img_new.jpg	media/CNX_ElemAlg_Figure_04_03_204_img_new.jpg	image/jpeg	84024	bbc2c1dd2ad1acea2b2b8f34dd38e16b8b9f48f109e9d21112685dc4812052d3	1
../../media/CNX_ElemAlg_Figure_04_03_205_img_new.jpg	media/CNX_ElemAlg_Figure_04_03_205_img_new.jpg	image/jpeg	83288	46257d1b72584342d95632f5a0a1cd3a8a641d0f3edc34337aa5455388263cd1	1
../../media/CNX_ElemAlg_Figure_04_03_206_img_new.jpg	media/CNX_ElemAlg_Figure_04_03_206_img_new.jpg	image/jpeg	83530	3ab7eb12b5a3fc92ea10d1520ce883fa1bee4a412b8c8d224c721663155f5b1d	1
../../media/CNX_ElemAlg_Figure_04_03_207_img_new.jpg	media/CNX_ElemAlg_Figure_04_03_207_img_new.jpg	image/jpeg	84768	fbbb14865f4a395819a7ef1c28e9441f12f977366dc8f5b039aca9e085721501	1
../../media/CNX_ElemAlg_Figure_04_03_208_img_new.jpg	media/CNX_ElemAlg_Figure_04_03_208_img_new.jpg	image/jpeg	85455	bdf441fd494b1fec7c5ef23e46a743f14f39f9d9e65b5f0d4c12d15d0e028220	1
../../media/CNX_ElemAlg_Figure_04_03_209_img_new.jpg	media/CNX_ElemAlg_Figure_04_03_209_img_new.jpg	image/jpeg	43556	52b1a034445bdb2c1d3aaa903d95e9d8d0cd99cd1fcdefe668e7acfdb2587430	1
../../media/CNX_ElemAlg_Figure_04_03_211_img_new.jpg	media/CNX_ElemAlg_Figure_04_03_211_img_new.jpg	image/jpeg	46566	63eb5b71a9c4becdf2365c6c74436862a340bbf14c4da3609e14f69badcd13b8	1
../../media/CNX_ElemAlg_Figure_04_03_213_img_new.jpg	media/CNX_ElemAlg_Figure_04_03_213_img_new.jpg	image/jpeg	49688	9350658d8d83e2f1b18e5445887530b04065eb33632bb1dcde23d915f13b9757	1
../../media/CNX_ElemAlg_Figure_04_03_215_img_new.jpg	media/CNX_ElemAlg_Figure_04_03_215_img_new.jpg	image/jpeg	51980	08fae7a07fe752b219e8c75b323bf92331f1ff1e26bcceae036986efc0535ffe	1
../../media/CNX_ElemAlg_Figure_04_03_217_img_new.jpg	media/CNX_ElemAlg_Figure_04_03_217_img_new.jpg	image/jpeg	52938	a88cad428813da581464ed033dc4f42ae6ababb1fd430f05a117dc8377263621	1
../../media/CNX_ElemAlg_Figure_04_03_219_img_new.jpg	media/CNX_ElemAlg_Figure_04_03_219_img_new.jpg	image/jpeg	50142	7aedde66f254350c0bd671362ae9849a28a6acb4719569d7471788d7efadf4dc	1
../../media/CNX_ElemAlg_Figure_04_03_221_img_new.jpg	media/CNX_ElemAlg_Figure_04_03_221_img_new.jpg	image/jpeg	60560	28c4cc864aea2b8eff5f000c5536fdb275b626cc0803396586e2add28a9446b2	1
../../media/CNX_ElemAlg_Figure_04_03_223_img_new.jpg	media/CNX_ElemAlg_Figure_04_03_223_img_new.jpg	image/jpeg	46278	b8ef4ed661392c2dffe28c1bb6f62bb8f64c570796625edc971daf243a651465	1
../../media/CNX_ElemAlg_Figure_04_03_225_img_new.jpg	media/CNX_ElemAlg_Figure_04_03_225_img_new.jpg	image/jpeg	55751	a1655ebc8a87ceff1bb8441d0cb4248b723b935f26a0046c265e1d16f3a88152	1
../../media/CNX_ElemAlg_Figure_04_03_226_img_new.jpg	media/CNX_ElemAlg_Figure_04_03_226_img_new.jpg	image/jpeg	58343	60055efe609f3c6197a94e13eccccdb7ad3741c293d699b7c9efd90fa8820b90	1
../../media/CNX_ElemAlg_Figure_04_03_227_img_new.jpg	media/CNX_ElemAlg_Figure_04_03_227_img_new.jpg	image/jpeg	76117	3926816c6c037332e87aecbbaa90e0e554261a5978c5288e78c10a01eb7f4ab3	1
../../media/CNX_ElemAlg_Figure_04_03_228_img_new.jpg	media/CNX_ElemAlg_Figure_04_03_228_img_new.jpg	image/jpeg	82249	c5a2f7a7a68a4f3fc6bc2a55546362d5b1ae0f8f9e8d01cfd629a01a0b3dbf87	1
../../media/CNX_ElemAlg_Figure_04_03_229_img_new.jpg	media/CNX_ElemAlg_Figure_04_03_229_img_new.jpg	image/jpeg	84881	cfd4dbe39ff3db63e6c0b05befbc1de4b0bdadf1c163a39ea8e5ffc263fd9c9e	1
../../media/CNX_ElemAlg_Figure_04_03_230_img_new.jpg	media/CNX_ElemAlg_Figure_04_03_230_img_new.jpg	image/jpeg	84595	ea54d14516bfff9d4667ebf81ef352ab273cabd9cf5a0e11d8bc86832260dad4	1
../../media/CNX_ElemAlg_Figure_04_03_231_img_new.jpg	media/CNX_ElemAlg_Figure_04_03_231_img_new.jpg	image/jpeg	49540	a2e3847a43bd76663f36e67a6e123a15f2960a9dbf9b09f61cb46b7624a5a1f2	1
../../media/CNX_ElemAlg_Figure_04_03_233_img_new.jpg	media/CNX_ElemAlg_Figure_04_03_233_img_new.jpg	image/jpeg	49205	6edcf94d625d92e5eab6b5fdaccc494aee9264a0da54fcd4bd8e6d50d8275b4b	1
../../media/CNX_ElemAlg_Figure_04_03_235_img_new.jpg	media/CNX_ElemAlg_Figure_04_03_235_img_new.jpg	image/jpeg	51148	0aae692abf1e345649f05e6f4e440593e28aa4dfae089f2939417fbebc6b5724	1
../../media/CNX_ElemAlg_Figure_04_03_237_img_new.jpg	media/CNX_ElemAlg_Figure_04_03_237_img_new.jpg	image/jpeg	50854	4ab1f5a8ecff36e157b80d02e91670ba2ac96ccd11a3235ea8c589f4fecd75bd	1
../../media/CNX_ElemAlg_Figure_04_03_239_img_new.jpg	media/CNX_ElemAlg_Figure_04_03_239_img_new.jpg	image/jpeg	56109	b3856abf8de750fdddf23a8eac2c9ee222b8eba03d852cf05f8b61f80819afec	1
../../media/CNX_ElemAlg_Figure_04_03_241_img_new.jpg	media/CNX_ElemAlg_Figure_04_03_241_img_new.jpg	image/jpeg	66191	7146467965c00ace24c69b45a47ffa86d2e3bda7ba52206ce4f818c2a343102e	1
../../media/CNX_ElemAlg_Figure_04_04_001_img_new.jpg	media/CNX_ElemAlg_Figure_04_04_001_img_new.jpg	image/jpeg	50270	7e2292878b6c22f7d222a790bc84ae1addbe98ebfa71b9ed9dbd1fcf3abca190	1
../../media/CNX_ElemAlg_Figure_04_04_002_img_new.jpg	media/CNX_ElemAlg_Figure_04_04_002_img_new.jpg	image/jpeg	49266	0706ee047254a1496aaf2619eedf38b055ed9f08b06de38b3091e3b95b00cd3c	1
../../media/CNX_ElemAlg_Figure_04_04_003_img_new.jpg	media/CNX_ElemAlg_Figure_04_04_003_img_new.jpg	image/jpeg	22144	32891882db49d119bf9dc9c230380136c1307be1c510e50001dd1ab4910d3a12	1
../../media/CNX_ElemAlg_Figure_04_04_004_img_new.jpg	media/CNX_ElemAlg_Figure_04_04_004_img_new.jpg	image/jpeg	50865	29536391a1f3e52727c831a55aa2ef9c69c0272b5dac5e15e9cb58095e766a48	1
../../media/CNX_ElemAlg_Figure_04_04_006_img_new.jpg	media/CNX_ElemAlg_Figure_04_04_006_img_new.jpg	image/jpeg	53437	ddd83f0243fa7658413e6a87598c4e6a9e4c25dd7d61329b98ad73d6097ebd0a	1
../../media/CNX_ElemAlg_Figure_04_04_007_img_new.jpg	media/CNX_ElemAlg_Figure_04_04_007_img_new.jpg	image/jpeg	55650	0cf9af79bd9b59ba1d0086c1f5758c87a23fa1edc3dc5e14ee2781ec0f7444f1	1
../../media/CNX_ElemAlg_Figure_04_04_008_img_new.jpg	media/CNX_ElemAlg_Figure_04_04_008_img_new.jpg	image/jpeg	49629	17b4ad226faa4798ec0ad80477529e34ba5ab505ea484629f6b4495e06f62634	1
../../media/CNX_ElemAlg_Figure_04_04_009_img_new.jpg	media/CNX_ElemAlg_Figure_04_04_009_img_new.jpg	image/jpeg	51107	386e16c03bd066181127bc393ab489d799fe8f1c6a47fb5c66c9b27dd230e60b	1
../../media/CNX_ElemAlg_Figure_04_04_010_img_new.jpg	media/CNX_ElemAlg_Figure_04_04_010_img_new.jpg	image/jpeg	70989	423bb0158d7f9501398bd414b122e845b2ca3736d4efc8acdb244635ef6e2414	1
../../media/CNX_ElemAlg_Figure_04_04_011_img_new.jpg	media/CNX_ElemAlg_Figure_04_04_011_img_new.jpg	image/jpeg	50561	858d26f47b51ad25d6414cd824b5904f4569f38ddee11ae318158a9b1c5bb078	1
../../media/CNX_ElemAlg_Figure_04_04_012_img_new.jpg	media/CNX_ElemAlg_Figure_04_04_012_img_new.jpg	image/jpeg	54505	1610ad3fee3ff44329f2b7f2fb3847f4f98ca01fbbf34287fc3e52da4488d69e	1
../../media/CNX_ElemAlg_Figure_04_04_013_img_new.jpg	media/CNX_ElemAlg_Figure_04_04_013_img_new.jpg	image/jpeg	48301	3dad2194100f4b6655f5e5f6986326b9abb6b301ebc25320885dc393489f232d	1
../../media/CNX_ElemAlg_Figure_04_04_017_img_new.jpg	media/CNX_ElemAlg_Figure_04_04_017_img_new.jpg	image/jpeg	54178	903ec7a4bbb407a4b5f9db0d33ab402907b73da408a05f2d61aaf20aae93ac4a	1
../../media/CNX_ElemAlg_Figure_04_04_018a_img_new.jpg	media/CNX_ElemAlg_Figure_04_04_018a_img_new.jpg	image/jpeg	64838	1c69abe3559b75e40dc2af3bede8e808345b18c68cf1258459dbf65145437a7a	1
../../media/CNX_ElemAlg_Figure_04_04_020_img_new.jpg	media/CNX_ElemAlg_Figure_04_04_020_img_new.jpg	image/jpeg	53658	4f039977d7f5e595b22a4d34f833ce0e959d4b7bcf41691d8a8ac36423abd269	1
../../media/CNX_ElemAlg_Figure_04_04_021a_img.jpg	media/CNX_ElemAlg_Figure_04_04_021a_img.jpg	image/jpeg	84766	d14b87718a68c6351c7abb3460a7ee62d1ded9d3a042e0d2bc88fed10a241139	1
../../media/CNX_ElemAlg_Figure_04_04_022_img_new.jpg	media/CNX_ElemAlg_Figure_04_04_022_img_new.jpg	image/jpeg	55737	88b97949ba8c10350fb574c8f9d1f2d8b13e97ec42e1ae6af115a08498c5b097	1
../../media/CNX_ElemAlg_Figure_04_04_023_img_new.jpg	media/CNX_ElemAlg_Figure_04_04_023_img_new.jpg	image/jpeg	49458	e9da499e450856de4adac5384b7ac117e4a91683377a531e42a2450efcb1ec91	1
../../media/CNX_ElemAlg_Figure_04_04_024_img_new.jpg	media/CNX_ElemAlg_Figure_04_04_024_img_new.jpg	image/jpeg	46532	247e513a20015fc9849d05c8d4e40f212ad7a0d9d85a2508d5b331d986d6d024	1
../../media/CNX_ElemAlg_Figure_04_04_025_img_new.jpg	media/CNX_ElemAlg_Figure_04_04_025_img_new.jpg	image/jpeg	60712	1ce27236d47156fa5b18b54de738146dbfc8c17007eaa7a6065b2b80369e2957	1
../../media/CNX_ElemAlg_Figure_04_04_026_img_new.jpg	media/CNX_ElemAlg_Figure_04_04_026_img_new.jpg	image/jpeg	62989	2dcbc6152a684d3df7cfd12dab7e2167791448f5c0d55ecf577fe57151a96ea9	1
../../media/CNX_ElemAlg_Figure_04_04_027_img_new.jpg	media/CNX_ElemAlg_Figure_04_04_027_img_new.jpg	image/jpeg	64455	588ad41bd5819f8fd97a68505e2f441056bcad231b27f4fe92bd7b5a1910ab71	1
../../media/CNX_ElemAlg_Figure_04_04_029_img_new.jpg	media/CNX_ElemAlg_Figure_04_04_029_img_new.jpg	image/jpeg	58997	db0861d4cf2cf56ba567398cd833030c4bf27478be60ca35cd0be3f0e631fcb1	1
../../media/CNX_ElemAlg_Figure_04_04_031_img_new.jpg	media/CNX_ElemAlg_Figure_04_04_031_img_new.jpg	image/jpeg	47201	e1144cc6d859ac2b8a4f9d7721820a764cfe79475111097a7ef30c3390879da9	1
../../media/CNX_ElemAlg_Figure_04_04_032_img_new.jpg	media/CNX_ElemAlg_Figure_04_04_032_img_new.jpg	image/jpeg	51262	cdef6faccd53f7ad3a54f2f174b5ffd4e57f0fafb0ce20c371501bb6d79f250a	1
../../media/CNX_ElemAlg_Figure_04_04_034_img_new.jpg	media/CNX_ElemAlg_Figure_04_04_034_img_new.jpg	image/jpeg	49600	437f5849930cca19dc6129295d01ab23cd04ede782ee372ff2d3eed1332f957b	1
../../media/CNX_ElemAlg_Figure_04_04_035_img_new.jpg	media/CNX_ElemAlg_Figure_04_04_035_img_new.jpg	image/jpeg	52972	4d3fce5416a23833abfeadd4d5d56e8c45f9fb63b4afce1e2f4fa374472635ef	1
../../media/CNX_ElemAlg_Figure_04_04_037_img_new.jpg	media/CNX_ElemAlg_Figure_04_04_037_img_new.jpg	image/jpeg	56532	6d83e46abdd50760968de1bb9e1a799c1961f6f0ae6125c990a2c27130b45b3e	1
../../media/CNX_ElemAlg_Figure_04_04_038_img_new.jpg	media/CNX_ElemAlg_Figure_04_04_038_img_new.jpg	image/jpeg	26192	b0e07eb4dd7ec512188f377d3cfbe417da698b4109e3b918f4254e05f56691dd	1
../../media/CNX_ElemAlg_Figure_04_04_039_img_new.jpg	media/CNX_ElemAlg_Figure_04_04_039_img_new.jpg	image/jpeg	52451	6ab392c502ab6b30c2da819366089eee5166bfe4428fbf185d41bd5f3820be97	1
../../media/CNX_ElemAlg_Figure_04_04_040_img_new.jpg	media/CNX_ElemAlg_Figure_04_04_040_img_new.jpg	image/jpeg	50666	6b8cf85dc5b4f34e67000c481888a243e943dc9c0ef6f41de31dd8eea13ebde0	1
../../media/CNX_ElemAlg_Figure_04_04_041_img_new.jpg	media/CNX_ElemAlg_Figure_04_04_041_img_new.jpg	image/jpeg	51796	e2d3eb97a8217e787c83d49df73e8bcccd2639f74b3d44a8dda5cad521c24d38	1
../../media/CNX_ElemAlg_Figure_04_04_042_img_new.jpg	media/CNX_ElemAlg_Figure_04_04_042_img_new.jpg	image/jpeg	55299	0fdbb8346e215879d423457aff89795e1aedc839e1560887c59540dedc376e44	1
../../media/CNX_ElemAlg_Figure_04_04_043_img_new.jpg	media/CNX_ElemAlg_Figure_04_04_043_img_new.jpg	image/jpeg	26612	bc10feb5b0c9d1f2768378aeb383b24de896f649ca715ccea2ce5a60890a2be8	1
../../media/CNX_ElemAlg_Figure_04_04_044_img_new.jpg	media/CNX_ElemAlg_Figure_04_04_044_img_new.jpg	image/jpeg	45246	db2589ffe28d9184bee154263d3432696adea73f394239ded59f6d1e6241314d	1
../../media/CNX_ElemAlg_Figure_04_04_045_img_new.jpg	media/CNX_ElemAlg_Figure_04_04_045_img_new.jpg	image/jpeg	47420	1e4e9b55d12f0159f26bdea7a8c612de86ba8975f597036139d0e6591c22931d	1
../../media/CNX_ElemAlg_Figure_04_04_046_img.jpg	media/CNX_ElemAlg_Figure_04_04_046_img.jpg	image/jpeg	40325	861a7e139cab1f991943398d3aeffa0018bbc0bb4b257ef4e319481c3603ca5e	1
../../media/CNX_ElemAlg_Figure_04_04_047_img_new.jpg	media/CNX_ElemAlg_Figure_04_04_047_img_new.jpg	image/jpeg	47283	862274cd5207c26565e932d6782bf2ed632af501746ef114735c61a95d8d05d2	1
../../media/CNX_ElemAlg_Figure_04_04_048_img_new.jpg	media/CNX_ElemAlg_Figure_04_04_048_img_new.jpg	image/jpeg	44468	4d45da69d0f1ae9b84a1568385db06f9083db460e443fbee77b223ff439077ec	1
../../media/CNX_ElemAlg_Figure_04_04_049_img_new.jpg	media/CNX_ElemAlg_Figure_04_04_049_img_new.jpg	image/jpeg	48134	cd4dff374181c10e6bde0135652136419e87d623ebc52dc47e34c9df6fdf64a7	1
../../media/CNX_ElemAlg_Figure_04_04_050_img_new.jpg	media/CNX_ElemAlg_Figure_04_04_050_img_new.jpg	image/jpeg	44151	6ee03c7653f6b59d41731953c2acd91cbb028641ddbed103249826cf7ad143f0	1
../../media/CNX_ElemAlg_Figure_04_04_051_img_new.jpg	media/CNX_ElemAlg_Figure_04_04_051_img_new.jpg	image/jpeg	44553	d9132a5d0f5865a75e5192327c2b427df69be72d461a5630268f1f3e875f1204	1
../../media/CNX_ElemAlg_Figure_04_04_052_img_new.jpg	media/CNX_ElemAlg_Figure_04_04_052_img_new.jpg	image/jpeg	49825	b03394d90923b448362c4e52fad227bd3a2b7326c8ec230ee92fadb2c0636bd7	1
../../media/CNX_ElemAlg_Figure_04_04_053_img_new.jpg	media/CNX_ElemAlg_Figure_04_04_053_img_new.jpg	image/jpeg	44141	89aaff31ac2f1f07eb7d53899f22cad23cf6750f57e52e1cf24a727b4ede3652	1
../../media/CNX_ElemAlg_Figure_04_04_054_img_new.jpg	media/CNX_ElemAlg_Figure_04_04_054_img_new.jpg	image/jpeg	31036	38cb78f3a419a9ef966d66ac4a20b056ffcd7469502957a19e21e53e5a68d8a4	1
../../media/CNX_ElemAlg_Figure_04_04_055_img_new.jpg	media/CNX_ElemAlg_Figure_04_04_055_img_new.jpg	image/jpeg	46653	988ac06a16fc7b50b5e2467c9126b28226ae2f30db2bd49531eb5ea05ba786f3	1
../../media/CNX_ElemAlg_Figure_04_04_056_img_new.jpg	media/CNX_ElemAlg_Figure_04_04_056_img_new.jpg	image/jpeg	44670	19831a87efe139f507c11fe4ba4160a6cff37a0bf866a43d42a4080090016458	1
../../media/CNX_ElemAlg_Figure_04_04_057_img_new.jpg	media/CNX_ElemAlg_Figure_04_04_057_img_new.jpg	image/jpeg	46266	e664f7dc8836c2592279aa1c9cf6096fa01466b354469ac7088da30dbfea1c80	1
../../media/CNX_ElemAlg_Figure_04_04_058_img_new.jpg	media/CNX_ElemAlg_Figure_04_04_058_img_new.jpg	image/jpeg	48690	1c20ace7a505c416ee395c50f1cad5e136bc309a4f7ea89272f3839066345bf0	1
../../media/CNX_ElemAlg_Figure_04_04_059_img_new.jpg	media/CNX_ElemAlg_Figure_04_04_059_img_new.jpg	image/jpeg	60282	e96378d4d51c538b4162aff2736e0a2b06d903a6a875ed8f7146154f88eb262c	1
../../media/CNX_ElemAlg_Figure_04_04_060_img_new.jpg	media/CNX_ElemAlg_Figure_04_04_060_img_new.jpg	image/jpeg	61582	2c777133ed5448c2578c2c9316ec17a2532fae99b7286e756df7f404a71cb25a	1
../../media/CNX_ElemAlg_Figure_04_04_061_img_new.jpg	media/CNX_ElemAlg_Figure_04_04_061_img_new.jpg	image/jpeg	57420	2ad8d804ac985391e8c4b0aa5a61e111624e35966087844980364407e741e4f4	1
../../media/CNX_ElemAlg_Figure_04_04_061a_img_new.jpg	media/CNX_ElemAlg_Figure_04_04_061a_img_new.jpg	image/jpeg	47598	1a00b3fd6619f38d08e322ad568c75c6150dcc670a751c064d5126385c6175e8	1
../../media/CNX_ElemAlg_Figure_04_04_061b_img_new.jpg	media/CNX_ElemAlg_Figure_04_04_061b_img_new.jpg	image/jpeg	53011	01f1ea87d695be1aa166b2c90d98a9bac19414dd3d55e755dc2648d992abdf26	1
../../media/CNX_ElemAlg_Figure_04_04_061c_img_new.jpg	media/CNX_ElemAlg_Figure_04_04_061c_img_new.jpg	image/jpeg	52945	cd763cce38accb9d0a831e336415887faa75cf2608a356ab021edf0a659e9af5	1
../../media/CNX_ElemAlg_Figure_04_04_061d_img_new.jpg	media/CNX_ElemAlg_Figure_04_04_061d_img_new.jpg	image/jpeg	53114	021104dff2921b23e29fb560fc37c175873b664bc2cd2e2aaf7c442c1b2f6e51	1
../../media/CNX_ElemAlg_Figure_04_04_062_img_new.jpg	media/CNX_ElemAlg_Figure_04_04_062_img_new.jpg	image/jpeg	50853	741eb321f75c5326d8491ac39cab25cec2e191c880f0b506c86597f2b57fd12b	1
../../media/CNX_ElemAlg_Figure_04_04_062a_img_new.jpg	media/CNX_ElemAlg_Figure_04_04_062a_img_new.jpg	image/jpeg	37688	32952069fc5c10f7f657d90c2a8f426a8c44398f634ed8bb3588fab79a80bb3a	1
../../media/CNX_ElemAlg_Figure_04_04_062b_img_new.jpg	media/CNX_ElemAlg_Figure_04_04_062b_img_new.jpg	image/jpeg	37446	91142c13de5130d53e2a64bdcea80a4444a2c477f8e53d4da1896f42be218c69	1
../../media/CNX_ElemAlg_Figure_04_04_062c_img_new.jpg	media/CNX_ElemAlg_Figure_04_04_062c_img_new.jpg	image/jpeg	49686	2f900238208dec7f5ec0e1c9bd651e11eb07cf7ab29018d277ed318633c59fcd	1
../../media/CNX_ElemAlg_Figure_04_04_062d_img_new.jpg	media/CNX_ElemAlg_Figure_04_04_062d_img_new.jpg	image/jpeg	47623	5cc7cf67443a22b10f4eda0330c1507c337d5b9e49c2e9f18fa1b8c625371816	1
../../media/CNX_ElemAlg_Figure_04_04_201_img_new.jpg	media/CNX_ElemAlg_Figure_04_04_201_img_new.jpg	image/jpeg	53066	7c34a321c1d58ce361f42ce308c3fd4d8e55568b86eb75b0017ba542075aad5b	1
../../media/CNX_ElemAlg_Figure_04_04_202_img_new.jpg	media/CNX_ElemAlg_Figure_04_04_202_img_new.jpg	image/jpeg	54041	aef2f1bfc4c4b5dea7db0b6b2208e0fe8eb83dbc778fc978f66f4bf3add41c11	1
../../media/CNX_ElemAlg_Figure_04_04_203_img_new.jpg	media/CNX_ElemAlg_Figure_04_04_203_img_new.jpg	image/jpeg	54866	978463e531ebf3134ef34977e5b782e547b04b5d3a39263ccedd3921dce39856	1
../../media/CNX_ElemAlg_Figure_04_04_204_img_new.jpg	media/CNX_ElemAlg_Figure_04_04_204_img_new.jpg	image/jpeg	55147	44253013f4d161b01d2c006fefddbc70f442708cd489cdd6da51ed8293a8795e	1
../../media/CNX_ElemAlg_Figure_04_04_205_img_new.jpg	media/CNX_ElemAlg_Figure_04_04_205_img_new.jpg	image/jpeg	58538	559f01d5a9ab9b4a7858e8f1e69a8ee643d9c2011c4bce5f1c868460f8292709	1
../../media/CNX_ElemAlg_Figure_04_04_206_img_new.jpg	media/CNX_ElemAlg_Figure_04_04_206_img_new.jpg	image/jpeg	56083	14f7de65c6d119729a0a146e95372a206cc3cf064a4fe7013ce9f1af0dd8c9ac	1
../../media/CNX_ElemAlg_Figure_04_04_207_img_new.jpg	media/CNX_ElemAlg_Figure_04_04_207_img_new.jpg	image/jpeg	57555	d0b8619f8abbaab8f18dcd6a2c00ebbb53810832bded5bd77a3364a6c627cbf1	1
../../media/CNX_ElemAlg_Figure_04_04_209_img_new.jpg	media/CNX_ElemAlg_Figure_04_04_209_img_new.jpg	image/jpeg	57703	459c73b555f99dd7f024d47effd4f17e07882eb69e0d5fe6fd5ef7feef4dc044	1
../../media/CNX_ElemAlg_Figure_04_04_211_img_new.jpg	media/CNX_ElemAlg_Figure_04_04_211_img_new.jpg	image/jpeg	55180	059a81a434c6e71274230a8e6ac2a10af491999c5d1e080435d2144a98cfbd92	1
../../media/CNX_ElemAlg_Figure_04_04_213_img_new.jpg	media/CNX_ElemAlg_Figure_04_04_213_img_new.jpg	image/jpeg	60108	d3a2e84ae46d2835f2ce2a10f6ebaf961471df7936d19a35bc88bcb541b57f69	1
../../media/CNX_ElemAlg_Figure_04_04_215_img_new.jpg	media/CNX_ElemAlg_Figure_04_04_215_img_new.jpg	image/jpeg	84096	a1916c0f3607b6a095c3069d5be8312f4c533a5a8da4a0059c736ef9c39892ed	1
../../media/CNX_ElemAlg_Figure_04_04_216_img_new.jpg	media/CNX_ElemAlg_Figure_04_04_216_img_new.jpg	image/jpeg	83286	b643738457d2976d904ae5b2152ce5433e10c17bde25c6fded73d5a0cc052681	1
../../media/CNX_ElemAlg_Figure_04_04_217_img_new.jpg	media/CNX_ElemAlg_Figure_04_04_217_img_new.jpg	image/jpeg	85572	d902724b250a6d25e2a00e56566081328e496d324ee1264079e152d13b6f68f9	1
../../media/CNX_ElemAlg_Figure_04_04_218_img_new.jpg	media/CNX_ElemAlg_Figure_04_04_218_img_new.jpg	image/jpeg	84344	ea656f556fe845c177a8f511061af77034c06e6f613fa1d4773fde6c78a360af	1
../../media/CNX_ElemAlg_Figure_04_04_219_img_new.jpg	media/CNX_ElemAlg_Figure_04_04_219_img_new.jpg	image/jpeg	96282	c72145d3fce7d47b869466c31683a397dbdbe66fe8d56faa6e7021aa47fd9d5b	1
../../media/CNX_ElemAlg_Figure_04_04_220_img_new.jpg	media/CNX_ElemAlg_Figure_04_04_220_img_new.jpg	image/jpeg	99177	ba99299da29085f98764e963cba82f9febfa83150c4ea00a6a60d048b8cfa245	1
../../media/CNX_ElemAlg_Figure_04_04_222_img_new.jpg	media/CNX_ElemAlg_Figure_04_04_222_img_new.jpg	image/jpeg	83317	59ab17fc2e6983cb61039eac9f276bd402df4ea3efedfa0f7775d37ed1ce18ad	1
../../media/CNX_ElemAlg_Figure_04_04_223_img_new.jpg	media/CNX_ElemAlg_Figure_04_04_223_img_new.jpg	image/jpeg	82164	064b97900f9d45538845c553ff9a51da17a9486f1b18c2103bd598eecdd2eab8	1
../../media/CNX_ElemAlg_Figure_04_04_224_img_new.jpg	media/CNX_ElemAlg_Figure_04_04_224_img_new.jpg	image/jpeg	82707	da98ba4daf61870df8decf081cfcf561c0eb34e9d5cfbd1c26d488e27656b90f	1
../../media/CNX_ElemAlg_Figure_04_04_225_img_new.jpg	media/CNX_ElemAlg_Figure_04_04_225_img_new.jpg	image/jpeg	47145	67618ce4cb3357815d91c22c908e33d06dda92fe73dab21b881f5a7109d16162	1
../../media/CNX_ElemAlg_Figure_04_04_227_img_new.jpg	media/CNX_ElemAlg_Figure_04_04_227_img_new.jpg	image/jpeg	46219	2635bbdd21e8cf5bdc370e1ebc6e0946c14b692ff77bce5ab335c455eaa8bc41	1
../../media/CNX_ElemAlg_Figure_04_04_229_img_new.jpg	media/CNX_ElemAlg_Figure_04_04_229_img_new.jpg	image/jpeg	49458	a9e6cd13325554667700d5e012d0b49c5d495ab1b9815581a1a575c6023edc5b	1
../../media/CNX_ElemAlg_Figure_04_04_231_img_new.jpg	media/CNX_ElemAlg_Figure_04_04_231_img_new.jpg	image/jpeg	51580	84b75fff0936390cabfdf1ea9bdf00bb531724e09a7d4c0fd250ad8831b9b84b	1
../../media/CNX_ElemAlg_Figure_04_04_233_img_new.jpg	media/CNX_ElemAlg_Figure_04_04_233_img_new.jpg	image/jpeg	50391	dd1a336931175868997d68147fe21d6d1d151d26001fa827cf860f9c933d1231	1
../../media/CNX_ElemAlg_Figure_04_04_235_img_new.jpg	media/CNX_ElemAlg_Figure_04_04_235_img_new.jpg	image/jpeg	53559	730cee7b3c0e6d494e819c3c47be322f963c69b1aad815b7da3e13ba50c00acc	1
../../media/CNX_ElemAlg_Figure_04_04_237_img_new.jpg	media/CNX_ElemAlg_Figure_04_04_237_img_new.jpg	image/jpeg	53023	7ac2f90cb313f968873f49e7c6c7f92b2bd1a9a6ff190395b6ae7dd500c26a32	1
../../media/CNX_ElemAlg_Figure_04_04_239_img_new.jpg	media/CNX_ElemAlg_Figure_04_04_239_img_new.jpg	image/jpeg	53807	20f0d30531e00403bbead4a2a6941d24784d31a0421b8e6a3841e57fa38ec270	1
../../media/CNX_ElemAlg_Figure_04_04_241_img_new.jpg	media/CNX_ElemAlg_Figure_04_04_241_img_new.jpg	image/jpeg	55887	a14c027bb6c60051f19ec2c80428e89c03708cafb5997aedc2f4eaea80464c0c	1
../../media/CNX_ElemAlg_Figure_04_04_242_img_new.jpg	media/CNX_ElemAlg_Figure_04_04_242_img_new.jpg	image/jpeg	53950	c77a1492521e727bade75624c8021f8d1200da7a1383ebad7af96479a9e0dfc3	1
../../media/CNX_ElemAlg_Figure_04_04_243_img_new.jpg	media/CNX_ElemAlg_Figure_04_04_243_img_new.jpg	image/jpeg	53461	e537df5a7346de95197fafde2ee439903ccd0f65d7310ceb9aedd4970c041ceb	1
../../media/CNX_ElemAlg_Figure_04_04_244_img_new.jpg	media/CNX_ElemAlg_Figure_04_04_244_img_new.jpg	image/jpeg	54239	86e253feed1954d306d0844044bdf0a5061c3c608e01472ac0157e44e67b7fee	1
../../media/CNX_ElemAlg_Figure_04_04_245_img_new.jpg	media/CNX_ElemAlg_Figure_04_04_245_img_new.jpg	image/jpeg	97170	d9611e86ed66ae94d5fbe1c855d289bb6250a7803f7e1544e52c246e11485c18	1
../../media/CNX_ElemAlg_Figure_04_04_246_img_new.jpg	media/CNX_ElemAlg_Figure_04_04_246_img_new.jpg	image/jpeg	85488	b269093a1333de4319c3285f365659f45d96f3bfd3131dbaee562a72f0111dfd	1
../../media/CNX_ElemAlg_Figure_04_04_247_img_new.jpg	media/CNX_ElemAlg_Figure_04_04_247_img_new.jpg	image/jpeg	84966	9e807f51cff84a2efe110a258cdda77e9bab8aca9858a6c4b698ed799d697b59	1
../../media/CNX_ElemAlg_Figure_04_04_248_img_new.jpg	media/CNX_ElemAlg_Figure_04_04_248_img_new.jpg	image/jpeg	85382	748a841802a608b462a9ec9c026dbf5fec80e63ba0bbaf7de5ebef242c8e3d8e	1
../../media/CNX_ElemAlg_Figure_04_04_249_img_new.jpg	media/CNX_ElemAlg_Figure_04_04_249_img_new.jpg	image/jpeg	83613	456d64fcef01988f96944d933a21dce12a6a077913bf38e9e34cc6e8b305f6ae	1
../../media/CNX_ElemAlg_Figure_04_04_250_img_new.jpg	media/CNX_ElemAlg_Figure_04_04_250_img_new.jpg	image/jpeg	84906	89c84ce7f717afc201828007b838cfa2b404433a8feedab57457144658f1badf	1
../../media/CNX_ElemAlg_Figure_04_04_251_img_new.jpg	media/CNX_ElemAlg_Figure_04_04_251_img_new.jpg	image/jpeg	98072	428b5ee6cc5a744c35b703cca0cda4809ef10b7df0fe092d3be2225f71320d9d	1
../../media/CNX_ElemAlg_Figure_04_04_252_img_new.jpg	media/CNX_ElemAlg_Figure_04_04_252_img_new.jpg	image/jpeg	102936	cab9d7da117c02d49c900780411c7a717f379bd4ff89f5cb202f503e841109d4	1
../../media/CNX_ElemAlg_Figure_04_05_001_img_new.jpg	media/CNX_ElemAlg_Figure_04_05_001_img_new.jpg	image/jpeg	80184	1aa0cb4a4bea914f1c23759fabdbdec475c0ba420ceb28184175bbffea8f7307	1
../../media/CNX_ElemAlg_Figure_04_05_002_img_new.jpg	media/CNX_ElemAlg_Figure_04_05_002_img_new.jpg	image/jpeg	61564	fb1520a8eafde8ab30b3795d38f055783ce86bd437f9e03447627600365f8508	1
../../media/CNX_ElemAlg_Figure_04_05_003_img_new.jpg	media/CNX_ElemAlg_Figure_04_05_003_img_new.jpg	image/jpeg	63717	b8e27fb5e48245434148dc66e60fdd57186f1a17d3ddaf2049bd201747cb2766	1
../../media/CNX_ElemAlg_Figure_04_05_004a_img_new.jpg	media/CNX_ElemAlg_Figure_04_05_004a_img_new.jpg	image/jpeg	80245	9649232d7db3730f056deb8b598c7719f2a7d67db8cf8e4b17fd6a5928619397	1
../../media/CNX_ElemAlg_Figure_04_05_005_img_new.jpg	media/CNX_ElemAlg_Figure_04_05_005_img_new.jpg	image/jpeg	64334	0abea3ddfe01ed23fcbe7e329638556cfdf44c2c0ed1cbbb302eac5467900824	1
../../media/CNX_ElemAlg_Figure_04_05_006_img_new.jpg	media/CNX_ElemAlg_Figure_04_05_006_img_new.jpg	image/jpeg	65405	3c209516eca81f7a739f3d0fb168d84369a60ced27ecfc1ed7ea3065d88a8919	1
../../media/CNX_ElemAlg_Figure_04_05_007a_img_new.jpg	media/CNX_ElemAlg_Figure_04_05_007a_img_new.jpg	image/jpeg	82110	22a66c8726c5de34f5617f731f0a83668e2f23626114e1cc67f18788fdf02ae7	1
../../media/CNX_ElemAlg_Figure_04_05_008_img_new.jpg	media/CNX_ElemAlg_Figure_04_05_008_img_new.jpg	image/jpeg	64029	f88906faca56fcf3ec38bf00f96887fceded0974f070f92a0c7f464f52732950	1
../../media/CNX_ElemAlg_Figure_04_05_009_img_new.jpg	media/CNX_ElemAlg_Figure_04_05_009_img_new.jpg	image/jpeg	65477	9beb27cc22445f510d5f3f51789c562b841906bf82064806c1ff98c716cc33fb	1
../../media/CNX_ElemAlg_Figure_04_05_010a_img_new.jpg	media/CNX_ElemAlg_Figure_04_05_010a_img_new.jpg	image/jpeg	83228	03daf3ac69bc2f6a96c54a59afcc19ff83b33d734e82eb126e5a856c81fbd8ed	1
../../media/CNX_ElemAlg_Figure_04_05_011_img_new.jpg	media/CNX_ElemAlg_Figure_04_05_011_img_new.jpg	image/jpeg	64748	80279bed3b867370aa8443a45b1b5a1201f1f283de360d33d0eb7c7ea4646f0d	1
../../media/CNX_ElemAlg_Figure_04_05_012_img_new.jpg	media/CNX_ElemAlg_Figure_04_05_012_img_new.jpg	image/jpeg	65000	ae92981c8540c151c428cfeefef8fa3349fff90728974a93db23bb209246f71c	1
../../media/CNX_ElemAlg_Figure_04_05_013a_img_new.jpg	media/CNX_ElemAlg_Figure_04_05_013a_img_new.jpg	image/jpeg	80843	d1bd2c962a683e66a48cc57794bb0a1c32695f7a8629d48c9df0a57e7d6222be	1
../../media/CNX_ElemAlg_Figure_04_05_015_img_new.jpg	media/CNX_ElemAlg_Figure_04_05_015_img_new.jpg	image/jpeg	52471	627af3bf8381efcd1998e9082315ed057b533117f1f3f1695d205f0a03c85832	1
../../media/CNX_ElemAlg_Figure_04_05_016a_img_new.jpg	media/CNX_ElemAlg_Figure_04_05_016a_img_new.jpg	image/jpeg	15809	b731a9d66672d2480f4b00f02e5455a14b228ae3f4dabc1505578701a25365f9	1
../../media/CNX_ElemAlg_Figure_04_05_016b_img_new.jpg	media/CNX_ElemAlg_Figure_04_05_016b_img_new.jpg	image/jpeg	619824	dbbb26d69dac1b6ab887587140a11f13a671a4c5429683954fe6f23a61f627ad	1
../../media/CNX_ElemAlg_Figure_04_05_016c_img_new.jpg	media/CNX_ElemAlg_Figure_04_05_016c_img_new.jpg	image/jpeg	11241	fa5c7b0149db96139ac53e0ec29c0b514b88e8ace980941531ade8ce05269f32	1
../../media/CNX_ElemAlg_Figure_04_05_016d_img_new.jpg	media/CNX_ElemAlg_Figure_04_05_016d_img_new.jpg	image/jpeg	11236	1d8cf5613645ed074db78c8a813785b8cbba49e358852c5aa941cbf3ecb8e17a	1
../../media/CNX_ElemAlg_Figure_04_05_016e_img_new.jpg	media/CNX_ElemAlg_Figure_04_05_016e_img_new.jpg	image/jpeg	10888	3a5c86f3333e73ac43530415c6fc65ca0c6b9c3a26f050593a9f5e52e869d048	1
../../media/CNX_ElemAlg_Figure_04_05_016f_img_new.jpg	media/CNX_ElemAlg_Figure_04_05_016f_img_new.jpg	image/jpeg	14522	9162f0b014e8f5ae574eecaf4d552b428263bd72f676c1aa08013195eeebe0aa	1
../../media/CNX_ElemAlg_Figure_04_05_018_img_new.jpg	media/CNX_ElemAlg_Figure_04_05_018_img_new.jpg	image/jpeg	55305	017254c9ac93776cac2ea29542e93587fd6a39fdaa890c495b8c9a1ee435316b	1
../../media/CNX_ElemAlg_Figure_04_05_019_img_new.jpg	media/CNX_ElemAlg_Figure_04_05_019_img_new.jpg	image/jpeg	53466	54d7785deee27d1f42aa154381ae42171d1c760cdb442dfdda02d47244d6432b	1
../../media/CNX_ElemAlg_Figure_04_05_020a_img_new.jpg	media/CNX_ElemAlg_Figure_04_05_020a_img_new.jpg	image/jpeg	13205	c0ac8da323c5520e4fbed6a56d619ae20c0207e5714cafc19b58df28fe344833	1
../../media/CNX_ElemAlg_Figure_04_05_020b_img_new.jpg	media/CNX_ElemAlg_Figure_04_05_020b_img_new.jpg	image/jpeg	13835	56cfc673fa9a9c5b4f73b5068614012a66fe91a418f42f0df5c6c73ca35ec9d1	1
../../media/CNX_ElemAlg_Figure_04_05_020c_img_new.jpg	media/CNX_ElemAlg_Figure_04_05_020c_img_new.jpg	image/jpeg	13034	cd81ff6eaaf0e729b943e4914f9e8694efb53e4bc4d724f752dcd2a974834438	1
../../media/CNX_ElemAlg_Figure_04_05_020d_img_new.jpg	media/CNX_ElemAlg_Figure_04_05_020d_img_new.jpg	image/jpeg	16968	d5367394afe16ca2405a705d88164323b45f6cc190b5244548e3733214364862	1
../../media/CNX_ElemAlg_Figure_04_05_021a_img_new.jpg	media/CNX_ElemAlg_Figure_04_05_021a_img_new.jpg	image/jpeg	12769	86e04973f0d932bde98974e1875c5322e6dc8d6f0ceabc9095d8888dc76453c0	1
../../media/CNX_ElemAlg_Figure_04_05_021b_img_new.jpg	media/CNX_ElemAlg_Figure_04_05_021b_img_new.jpg	image/jpeg	15271	f0ff4113b36034b146a53bb8f68518353d9661223d7a935ab406d4e607eb267d	1
../../media/CNX_ElemAlg_Figure_04_05_021c_img_new.jpg	media/CNX_ElemAlg_Figure_04_05_021c_img_new.jpg	image/jpeg	16256	7b8168a30d793ae86e20b3fa2bfd9c9c88c00042953ae7932086ba01c4c4a5d6	1
../../media/CNX_ElemAlg_Figure_04_05_021d_img_new.jpg	media/CNX_ElemAlg_Figure_04_05_021d_img_new.jpg	image/jpeg	15399	9d8dc1d389ebcb6e23cbe46022375d51501f4e6660305f508e130649f48c8101	1
../../media/CNX_ElemAlg_Figure_04_05_021e_img_new.jpg	media/CNX_ElemAlg_Figure_04_05_021e_img_new.jpg	image/jpeg	15140	a5ab8a729a6f7ac068e3291567f85fe7132e16867a39b7458f2915a9dc146ce0	1
../../media/CNX_ElemAlg_Figure_04_05_021f_img_new.jpg	media/CNX_ElemAlg_Figure_04_05_021f_img_new.jpg	image/jpeg	17345	26860215472a2d69ca66d1d96a31dbcb7ed05915880c11e87d76ea2dcb7bef82	1
../../media/CNX_ElemAlg_Figure_04_05_021g_img_new.jpg	media/CNX_ElemAlg_Figure_04_05_021g_img_new.jpg	image/jpeg	15853	9d89a57bc9d73b153eff369f16f7add2237ee0113244b9fefde15ec843775671	1
../../media/CNX_ElemAlg_Figure_04_05_021h_img_new.jpg	media/CNX_ElemAlg_Figure_04_05_021h_img_new.jpg	image/jpeg	19131	ecf63bee7e3217217291de882b1284115f88adb7e2fd890bdd2910a609a2c1c0	1
../../media/CNX_ElemAlg_Figure_04_05_022_img_new.jpg	media/CNX_ElemAlg_Figure_04_05_022_img_new.jpg	image/jpeg	67306	f8c028529cf688ccab54ac2c0d2549af85a434e5088746b25a4dce64f65de723	1
../../media/CNX_ElemAlg_Figure_04_05_023_img_new.jpg	media/CNX_ElemAlg_Figure_04_05_023_img_new.jpg	image/jpeg	53137	863a46e590fd442f229fa8b7544d39e3e5f6472ac757cc658f8ee06a758de477	1
../../media/CNX_ElemAlg_Figure_04_05_024_img_new.jpg	media/CNX_ElemAlg_Figure_04_05_024_img_new.jpg	image/jpeg	55534	b1119fd6c129f1ebe2202834806215699983405f5effc68fd3f17cc06e2b3585	1
../../media/CNX_ElemAlg_Figure_04_05_026_img_new.jpg	media/CNX_ElemAlg_Figure_04_05_026_img_new.jpg	image/jpeg	50511	f0d27a7463d6c3db4e392a596f9d881a366647180070d9ecf220938f46622fb3	1
../../media/CNX_ElemAlg_Figure_04_05_027_img_new.jpg	media/CNX_ElemAlg_Figure_04_05_027_img_new.jpg	image/jpeg	51484	7a5941b16a91531dfc533b893eb5663da19a92bb5aa6bb4a6004d34e10bff0ac	1
../../media/CNX_ElemAlg_Figure_04_05_028a_img_new.jpg	media/CNX_ElemAlg_Figure_04_05_028a_img_new.jpg	image/jpeg	65454	538c992be036da226f1b4151bff620d97eb6c924b805e6e92442b7dca00922e5	1
../../media/CNX_ElemAlg_Figure_04_05_028b_img_new.jpg	media/CNX_ElemAlg_Figure_04_05_028b_img_new.jpg	image/jpeg	15897	e87deb385aa34996e6ba97c22db4f7bc9568e2ae8edb14d80cfd738799257b8d	1
../../media/CNX_ElemAlg_Figure_04_05_028c_img_new.jpg	media/CNX_ElemAlg_Figure_04_05_028c_img_new.jpg	image/jpeg	17121	74f1c22fd4a1bb6679efe8a3c7da6268e7e2ac1105d30d128ee320c6b8f4a8ca	1
../../media/CNX_ElemAlg_Figure_04_05_028d_img_new.jpg	media/CNX_ElemAlg_Figure_04_05_028d_img_new.jpg	image/jpeg	14622	ff4a12bca545b14f7c287bc4000010fcab76cb1f10302616a8b64d2cac5afff2	1
../../media/CNX_ElemAlg_Figure_04_05_028e_img_new.jpg	media/CNX_ElemAlg_Figure_04_05_028e_img_new.jpg	image/jpeg	16948	80d54b633dbd0184ac1d77693e38f25fc1c4fa9cf74b871862293922c0db2659	1
../../media/CNX_ElemAlg_Figure_04_05_028f_img_new.jpg	media/CNX_ElemAlg_Figure_04_05_028f_img_new.jpg	image/jpeg	18773	4353dccc517d5fa9be6fe1d1a4d713394333f9ef952e8850e79ad0ebe79fe5cc	1
../../media/CNX_ElemAlg_Figure_04_05_028g_img_new.jpg	media/CNX_ElemAlg_Figure_04_05_028g_img_new.jpg	image/jpeg	18097	36dcecd4c8b754969d3283b9de1b155f08759f50e01fbe84f5e828af835bf490	1
../../media/CNX_ElemAlg_Figure_04_05_028h_img_new.jpg	media/CNX_ElemAlg_Figure_04_05_028h_img_new.jpg	image/jpeg	16275	80f4f73add62a597c2b92a55f332b1c08087eb1878cbd9c34177afaa078cfc29	1
../../media/CNX_ElemAlg_Figure_04_05_028i_img_new.jpg	media/CNX_ElemAlg_Figure_04_05_028i_img_new.jpg	image/jpeg	24469	4af0339a1128bdc0f0d9c9a7c74930c548529e820e936f596906f7480e84ddeb	1
../../media/CNX_ElemAlg_Figure_04_05_029_img_new.jpg	media/CNX_ElemAlg_Figure_04_05_029_img_new.jpg	image/jpeg	74478	e1cb3a3d2ad69ce21eafc42b30bad138c92ea7529aebbb2a67c033bee9332978	1
../../media/CNX_ElemAlg_Figure_04_05_030_img_new.jpg	media/CNX_ElemAlg_Figure_04_05_030_img_new.jpg	image/jpeg	77357	20255b185b458ad244b29a86e439de02d3a9b3ec6da290949cc0b04c1aa5b777	1
../../media/CNX_ElemAlg_Figure_04_05_031_img_new.jpg	media/CNX_ElemAlg_Figure_04_05_031_img_new.jpg	image/jpeg	65543	a7516f9cb61c9e3e3064ee7c72799d34ffc98b1bc10d32c294059bfeb12d5703	1
../../media/CNX_ElemAlg_Figure_04_05_032_img_new.jpg	media/CNX_ElemAlg_Figure_04_05_032_img_new.jpg	image/jpeg	78956	6798b0a8161b24db255121207b51f7c15ec3ca7014efa19bfcdf27cbc6886c72	1
../../media/CNX_ElemAlg_Figure_04_05_033_img_new.jpg	media/CNX_ElemAlg_Figure_04_05_033_img_new.jpg	image/jpeg	75419	0103b4be946d467803be86a4e28e4ffc9b1f846a9122179fded7c3ceb91498c3	1
../../media/CNX_ElemAlg_Figure_04_05_033a_img_new.jpg	media/CNX_ElemAlg_Figure_04_05_033a_img_new.jpg	image/jpeg	29542	ed5e810abd19f9a552538869f53dd17fcc5b970549ba9114a99dd2dfeb09709f	1
../../media/CNX_ElemAlg_Figure_04_05_033b_img_new.jpg	media/CNX_ElemAlg_Figure_04_05_033b_img_new.jpg	image/jpeg	35752	02c4d021101847b122b2503c2ff1ecaee18fbed0eab66dd29aa4040f46358713	1
../../media/CNX_ElemAlg_Figure_04_05_033c_img_new.jpg	media/CNX_ElemAlg_Figure_04_05_033c_img_new.jpg	image/jpeg	48512	9d0a03d5909c85ed95c389ca661f6825410c5097ac12c1c68d944c9f230802b4	1
../../media/CNX_ElemAlg_Figure_04_05_033d_img_new.jpg	media/CNX_ElemAlg_Figure_04_05_033d_img_new.jpg	image/jpeg	35162	4802008e76ae4b056155e9def217af539a42e2a21dcd5f1098a82fd6fbc323ea	1
../../media/CNX_ElemAlg_Figure_04_05_033e_img_new.jpg	media/CNX_ElemAlg_Figure_04_05_033e_img_new.jpg	image/jpeg	60808	5ff56012f910f148cb1b40c2ed231ebc017517d14c87634217e2a7e99bfb4131	1
../../media/CNX_ElemAlg_Figure_04_05_033f_img_new.jpg	media/CNX_ElemAlg_Figure_04_05_033f_img_new.jpg	image/jpeg	59095	c5c01f6f942aedefbe7683a12fda21437109fb8a3a6e52bc666e892347404e90	1
../../media/CNX_ElemAlg_Figure_04_05_034_img_new.jpg	media/CNX_ElemAlg_Figure_04_05_034_img_new.jpg	image/jpeg	56061	2ff7c12899afa61ffb5f2df504c980269cca4247d05148bf3b0110cc0ca4a4c3	1
../../media/CNX_ElemAlg_Figure_04_05_035_img_new.jpg	media/CNX_ElemAlg_Figure_04_05_035_img_new.jpg	image/jpeg	28595	9abd71e5d5de6a100a7d645ce21c730a8e82fe3b44a9a206559416ff1403600b	1
../../media/CNX_ElemAlg_Figure_04_05_036_img_new.jpg	media/CNX_ElemAlg_Figure_04_05_036_img_new.jpg	image/jpeg	53279	c3f1f1158a295670aa55b9012946dad1b8f438596cba5d93e87afc8e67d0c1d0	1
../../media/CNX_ElemAlg_Figure_04_05_037_img_new.jpg	media/CNX_ElemAlg_Figure_04_05_037_img_new.jpg	image/jpeg	53467	3a632e49a764093770d1dfdb0ef821568e0ea9fcf59c93f0ea8fc9ef76f10dcb	1
../../media/CNX_ElemAlg_Figure_04_05_038_img_new.jpg	media/CNX_ElemAlg_Figure_04_05_038_img_new.jpg	image/jpeg	107467	6e7ce85d2170a825919b2f96dfb9c178cb755f2d3ba74282f846fcc477a0412e	1
../../media/CNX_ElemAlg_Figure_04_05_039_img_new.jpg	media/CNX_ElemAlg_Figure_04_05_039_img_new.jpg	image/jpeg	67301	c4414ece39321d55954ede7aaacc3c26c6307aafb0633222b94e90d07172efb2	1
../../media/CNX_ElemAlg_Figure_04_05_201_img_new.jpg	media/CNX_ElemAlg_Figure_04_05_201_img_new.jpg	image/jpeg	83266	0832150a7ccacf1f14e8aa5ccec74b3be99f678935738b215f5d7e18d89da738	1
../../media/CNX_ElemAlg_Figure_04_05_202_img_new.jpg	media/CNX_ElemAlg_Figure_04_05_202_img_new.jpg	image/jpeg	82264	049a173f53aa3afc8ba3e51c0c876084ad6a595e023b82b8f15f3caa891de37b	1
../../media/CNX_ElemAlg_Figure_04_05_203_img_new.jpg	media/CNX_ElemAlg_Figure_04_05_203_img_new.jpg	image/jpeg	82993	f1aad996cca52437dd5804b8d9b852009729c6b7aae083043ef513ac1c6c5e9d	1
../../media/CNX_ElemAlg_Figure_04_05_204_img_new.jpg	media/CNX_ElemAlg_Figure_04_05_204_img_new.jpg	image/jpeg	83190	1ed874eb83ae1d7b503efcbb0055388926a85140202bfa4a255be5fe2dc3d79a	1
../../media/CNX_ElemAlg_Figure_04_05_205_img_new.jpg	media/CNX_ElemAlg_Figure_04_05_205_img_new.jpg	image/jpeg	86084	ac39cfae45b9120490c09e169d0963631ec921e3198c50aec22bc90b1435e41a	1
../../media/CNX_ElemAlg_Figure_04_05_206_img_new.jpg	media/CNX_ElemAlg_Figure_04_05_206_img_new.jpg	image/jpeg	97817	b15b42bae67e059aa3abff18f5f2f9fdc1f0b1711a90217c1b33832abcee59e4	1
../../media/CNX_ElemAlg_Figure_04_05_208_img_new.jpg	media/CNX_ElemAlg_Figure_04_05_208_img_new.jpg	image/jpeg	64298	f8a2084cf8376dd5c2cb59967a398d5c5a9d3fdcfdc4d790453e3a63a6333f61	1
../../media/CNX_ElemAlg_Figure_04_05_210_img_new.jpg	media/CNX_ElemAlg_Figure_04_05_210_img_new.jpg	image/jpeg	65912	cdbba53f852f6e154d7accc874b30509b539942056c9dcf5ab90dac717281889	1
../../media/CNX_ElemAlg_Figure_04_05_212_img_new.jpg	media/CNX_ElemAlg_Figure_04_05_212_img_new.jpg	image/jpeg	68766	6381f6213f6352f87ae0c9336392907cbabf2e5f912467fcb6d3f8fbb58a6999	1
../../media/CNX_ElemAlg_Figure_04_05_214_img_new.jpg	media/CNX_ElemAlg_Figure_04_05_214_img_new.jpg	image/jpeg	68090	1c04acb024d44100f32b69a12d0892ffaf6305a4a6a1eea2b136a8d51b21d70b	1
../../media/CNX_ElemAlg_Figure_04_05_216_img_new.jpg	media/CNX_ElemAlg_Figure_04_05_216_img_new.jpg	image/jpeg	67654	4f6b2e44a4bc9e47b8db9cff102020a8b566ac2da9c84b3e50aefdd4be18b301	1
../../media/CNX_ElemAlg_Figure_04_05_218_img_new.jpg	media/CNX_ElemAlg_Figure_04_05_218_img_new.jpg	image/jpeg	70261	75ede736573e15e3a363445b0ffacd918b9e51faed7c5d7e4170648aebee66e4	1
../../media/CNX_ElemAlg_Figure_04_05_220_img_new.jpg	media/CNX_ElemAlg_Figure_04_05_220_img_new.jpg	image/jpeg	71281	f40fcd2526340b4d436f53f38f4dbcc78fb76b93e84becfc11c0c4070b202021	1
../../media/CNX_ElemAlg_Figure_04_05_222_img_new.jpg	media/CNX_ElemAlg_Figure_04_05_222_img_new.jpg	image/jpeg	53805	5a8710bf2286ab400750842a0607a780516e4c50b319c783d486da4e93b333c2	1
../../media/CNX_ElemAlg_Figure_04_05_224_img_new.jpg	media/CNX_ElemAlg_Figure_04_05_224_img_new.jpg	image/jpeg	54807	2ac9c3b3e52da329b083c4136110a141244eeadc41b666edfb6fbb55a4ed58bc	1
../../media/CNX_ElemAlg_Figure_04_05_226_img_new.jpg	media/CNX_ElemAlg_Figure_04_05_226_img_new.jpg	image/jpeg	52532	26408f77968d7b063f1336af71287333e6486be259c292d17738962e88594c98	1
../../media/CNX_ElemAlg_Figure_04_05_228_img_new.jpg	media/CNX_ElemAlg_Figure_04_05_228_img_new.jpg	image/jpeg	54248	58c0a178ce0748758aa5ec59fdcad5e5e2629062a6bcd7744184fcdf3eebf750	1
../../media/CNX_ElemAlg_Figure_04_05_230_img_new.jpg	media/CNX_ElemAlg_Figure_04_05_230_img_new.jpg	image/jpeg	55098	d6f8bb49b0ad2c542e60c741ba7586c7642648db458a709befb6754e8dec510a	1
../../media/CNX_ElemAlg_Figure_04_05_231_img_new.jpg	media/CNX_ElemAlg_Figure_04_05_231_img_new.jpg	image/jpeg	117946	763d0c92c6d1dfbc27c794cd15fa909af61b5fda3bcb03d9565e87ae9714dc87	1
../../media/CNX_ElemAlg_Figure_04_06_001_img_new.jpg	media/CNX_ElemAlg_Figure_04_06_001_img_new.jpg	image/jpeg	80168	bcf3a08ab0737b97a9e7bd65b6f4dabcfa1f99d78da463c958b659f99e7b2536	1
../../media/CNX_ElemAlg_Figure_04_06_002_img_new.jpg	media/CNX_ElemAlg_Figure_04_06_002_img_new.jpg	image/jpeg	82391	234ed83e5c69009738445179e94ff0716e21fdbabca54464957d9c6ab0225a58	2
../../media/CNX_ElemAlg_Figure_04_06_003_img_new.jpg	media/CNX_ElemAlg_Figure_04_06_003_img_new.jpg	image/jpeg	90825	6aeb073c6ec10571c319313e7285aaa7949f539ef382c66f9650b657a6b4de5f	1
../../media/CNX_ElemAlg_Figure_04_06_005_img_new.jpg	media/CNX_ElemAlg_Figure_04_06_005_img_new.jpg	image/jpeg	91295	e79db81370c2992446f7cd60ae9782327d29fdadc4630c1b6c0d68072f107fb4	1
../../media/CNX_ElemAlg_Figure_04_06_006_img_new.jpg	media/CNX_ElemAlg_Figure_04_06_006_img_new.jpg	image/jpeg	79322	5f8dea89d1efb8902017b1409ec7f5eaaf48ba5a438d271f44d328b84e6619d8	1
../../media/CNX_ElemAlg_Figure_04_06_007_img_new.jpg	media/CNX_ElemAlg_Figure_04_06_007_img_new.jpg	image/jpeg	83746	b4487de8ad5407a940b60cc135bc1926728bf85b25f64156a81eef9d6fadd390	1
../../media/CNX_ElemAlg_Figure_04_06_008a_img_new.jpg	media/CNX_ElemAlg_Figure_04_06_008a_img_new.jpg	image/jpeg	22322	c5245b0c864882fbec8b41d8748f2ddcbabdcc765e3d9db634af9729e562bd9e	1
../../media/CNX_ElemAlg_Figure_04_06_008b_img_new.jpg	media/CNX_ElemAlg_Figure_04_06_008b_img_new.jpg	image/jpeg	25876	df2382201ee4b2587e9db4d24be3b0cd09b18472791b91a26665268294e9f17b	1
../../media/CNX_ElemAlg_Figure_04_06_008c_img_new.jpg	media/CNX_ElemAlg_Figure_04_06_008c_img_new.jpg	image/jpeg	23715	f5ef693de823ea1ae97db3508f4f6c107c829cba11065f7123ff33964343d74f	1
../../media/CNX_ElemAlg_Figure_04_06_008d_img_new.jpg	media/CNX_ElemAlg_Figure_04_06_008d_img_new.jpg	image/jpeg	23775	87618f53fbbf8542184da11e83f2ffde4bfd899b5e35c80c62eded56fd3020a1	1
../../media/CNX_ElemAlg_Figure_04_06_008e_img_new.jpg	media/CNX_ElemAlg_Figure_04_06_008e_img_new.jpg	image/jpeg	586312	cfc31140ed70576750516cb65e121d0cb7ced827568980c9792ef0a2eb86afbd	1
../../media/CNX_ElemAlg_Figure_04_06_009a_img_new.jpg	media/CNX_ElemAlg_Figure_04_06_009a_img_new.jpg	image/jpeg	24801	588e1b28f942bb16fd83cf414f61de4455e09f9987277518b3dc5debe67cac65	1
../../media/CNX_ElemAlg_Figure_04_06_009b_img_new.jpg	media/CNX_ElemAlg_Figure_04_06_009b_img_new.jpg	image/jpeg	24613	6dbdfb26ef8e2d2421f52a6a29cdb983c67befb7f1c6c9bd16f64376e4fdb76d	1
../../media/CNX_ElemAlg_Figure_04_06_009c_img_new.jpg	media/CNX_ElemAlg_Figure_04_06_009c_img_new.jpg	image/jpeg	27053	9b574f3cb315b66ec13c2d52c1b5607d91bf005510d775fe0f04196981f50cba	1
../../media/CNX_ElemAlg_Figure_04_06_009d_img_new.jpg	media/CNX_ElemAlg_Figure_04_06_009d_img_new.jpg	image/jpeg	24604	dc6a22838794331d078bcf97bf2a1683798eab03a638f6b05246da01b70741fd	1
../../media/CNX_ElemAlg_Figure_04_06_009e_img_new.jpg	media/CNX_ElemAlg_Figure_04_06_009e_img_new.jpg	image/jpeg	25778	bf2614304fcffec139a7a834668581df0d19bde734d4d395c85a44fda17a7ab9	1
../../media/CNX_ElemAlg_Figure_04_06_010_img_new.jpg	media/CNX_ElemAlg_Figure_04_06_010_img_new.jpg	image/jpeg	85492	fe8dd7033d941cc0cc7b6a6b98374ad225d5b5d66b144f9e56cd8d5b30d68675	1
../../media/CNX_ElemAlg_Figure_04_06_011_img_new.jpg	media/CNX_ElemAlg_Figure_04_06_011_img_new.jpg	image/jpeg	84657	2d3d32894b4378f281e8e9c1b5a690f71cc0c09af88e21b2ea811104c020116a	1
../../media/CNX_ElemAlg_Figure_04_06_012_img_new.jpg	media/CNX_ElemAlg_Figure_04_06_012_img_new.jpg	image/jpeg	25033	210b0afe3e321c12bdc13e6f30b4f6d5e8b74302e552c4a28d84d8a7fe418772	1
../../media/CNX_ElemAlg_Figure_04_06_013a_img_new.jpg	media/CNX_ElemAlg_Figure_04_06_013a_img_new.jpg	image/jpeg	26033	43038242ef79039253f8ca3b25a8fd3a7003e214c8140533c8a46484f651b8c5	1
../../media/CNX_ElemAlg_Figure_04_06_013b_img_new.jpg	media/CNX_ElemAlg_Figure_04_06_013b_img_new.jpg	image/jpeg	27365	10524d08c65145599d23a2e07b11cbeddfad9091cb713fc81b9cbf1fea6a6e2b	1
../../media/CNX_ElemAlg_Figure_04_06_013c_img_new.jpg	media/CNX_ElemAlg_Figure_04_06_013c_img_new.jpg	image/jpeg	27443	26dc66bde2f2f0c1109ab7364602f60724bf2284e591f0984fe5cfa4ad6b4629	1
../../media/CNX_ElemAlg_Figure_04_06_013d_img_new.jpg	media/CNX_ElemAlg_Figure_04_06_013d_img_new.jpg	image/jpeg	28901	7ff032ed376f2462622f9e0cae9ce87c67d3e2731ade858a47eaf475b56ac74f	1
../../media/CNX_ElemAlg_Figure_04_06_013e_img_new.jpg	media/CNX_ElemAlg_Figure_04_06_013e_img_new.jpg	image/jpeg	27202	41afb889bfad6369dae10e5192f03723856539892266c7868d322efd9139ec4f	1
../../media/CNX_ElemAlg_Figure_04_06_013f_img_new.jpg	media/CNX_ElemAlg_Figure_04_06_013f_img_new.jpg	image/jpeg	25989	976d8e0743678dd0e3a597eeb36166a7be9cc130e1f8339d69afbeab9af3843a	1
../../media/CNX_ElemAlg_Figure_04_06_014a_img_new.jpg	media/CNX_ElemAlg_Figure_04_06_014a_img_new.jpg	image/jpeg	24568	ed3a528c21c9c9c66e68805a6b09d280ad6fcef4736b4a051c3292b8b2d04020	1
../../media/CNX_ElemAlg_Figure_04_06_014b_img_new.jpg	media/CNX_ElemAlg_Figure_04_06_014b_img_new.jpg	image/jpeg	27301	3309c0860a26fa07e0246e8e0a3e575b78a4a3ea5c9875e257e2fb5e8aebd9ae	1
../../media/CNX_ElemAlg_Figure_04_06_014c_img_new.jpg	media/CNX_ElemAlg_Figure_04_06_014c_img_new.jpg	image/jpeg	27852	3b04cec3df78b2a72cbb47f7feb52678b9d92b873aa0f37a95fa3209235c2556	1
../../media/CNX_ElemAlg_Figure_04_06_014d_img_new.jpg	media/CNX_ElemAlg_Figure_04_06_014d_img_new.jpg	image/jpeg	28539	cac9156d345498e2aa6d5e4638282702c498ae5dc7a7d3965b43f6009774b4c3	1
../../media/CNX_ElemAlg_Figure_04_06_014e_img_new.jpg	media/CNX_ElemAlg_Figure_04_06_014e_img_new.jpg	image/jpeg	26435	811e2d42473581b00e1356f3c570702d46323b7d86e26db2c02a307ba85f767c	1
../../media/CNX_ElemAlg_Figure_04_06_014f_img_new.jpg	media/CNX_ElemAlg_Figure_04_06_014f_img_new.jpg	image/jpeg	24382	cfa26c00306787f0a7e1c00ff541aeede6410425ee466e0fbe88a1b1f626ac30	1
../../media/CNX_ElemAlg_Figure_04_06_014g_img_new.jpg	media/CNX_ElemAlg_Figure_04_06_014g_img_new.jpg	image/jpeg	23894	ab9d79e3aac646cdf20c5e0a69102aa8a393e4d772cc252af7fce7b95ffefa44	1
../../media/CNX_ElemAlg_Figure_04_06_015a_img_new.jpg	media/CNX_ElemAlg_Figure_04_06_015a_img_new.jpg	image/jpeg	27941	9860236ef4698a2cdf8d854a2397e7374f6f6534122ae99c6687a26362f9e2a8	1
../../media/CNX_ElemAlg_Figure_04_06_015b_img_new.jpg	media/CNX_ElemAlg_Figure_04_06_015b_img_new.jpg	image/jpeg	28985	cdb7d0abc912070ad4d1b937f9c4efa5b6a21fbba13f80a28bf40de13a7c7b71	1
../../media/CNX_ElemAlg_Figure_04_06_015c_img_new.jpg	media/CNX_ElemAlg_Figure_04_06_015c_img_new.jpg	image/jpeg	25377	babeaa1434a371a98a856c17001ee22e4f44df74d2475a3728afad043827b9a0	1
../../media/CNX_ElemAlg_Figure_04_06_015d_img_new.jpg	media/CNX_ElemAlg_Figure_04_06_015d_img_new.jpg	image/jpeg	26698	19975e27b00d69db7bb0758537a9761d9f2c4ec931c6e5403e132dbcf5cf63d1	1
../../media/CNX_ElemAlg_Figure_04_06_015e_img_new.jpg	media/CNX_ElemAlg_Figure_04_06_015e_img_new.jpg	image/jpeg	27940	b5a6f88d3c0dcf2fe40173039a11758949bf91da9bcea7c36ce7133c9e0b8aae	1
../../media/CNX_ElemAlg_Figure_04_06_015f_img_new.jpg	media/CNX_ElemAlg_Figure_04_06_015f_img_new.jpg	image/jpeg	28035	9bfe7f3d61d78ce0f7a1ffab0b06cb57d3acd034a1c3928fa21cfc7b0b4a6a30	1
../../media/CNX_ElemAlg_Figure_04_06_015g_img_new.jpg	media/CNX_ElemAlg_Figure_04_06_015g_img_new.jpg	image/jpeg	29941	8e74fcef56129c5b146228eed41b6cb6eb545e6f8f37e5e61dd6198dcad00aba	1
../../media/CNX_ElemAlg_Figure_04_06_015h_img_new.jpg	media/CNX_ElemAlg_Figure_04_06_015h_img_new.jpg	image/jpeg	28662	e42f8562d769832c655444c8e07da1c12c98e51f74366dce803c1ea753c9d129	1
../../media/CNX_ElemAlg_Figure_04_06_015i_img_new.jpg	media/CNX_ElemAlg_Figure_04_06_015i_img_new.jpg	image/jpeg	27581	93a677f040408144cee87310e9f9de684fb3a53856bf057d414007f5a3921613	1
../../media/CNX_ElemAlg_Figure_04_06_016a_img_new.jpg	media/CNX_ElemAlg_Figure_04_06_016a_img_new.jpg	image/jpeg	24111	0069ba69f4a06fec6a0b439c101e7fec70112c6ba1d530ea316326fe8a69fde6	1
../../media/CNX_ElemAlg_Figure_04_06_016b_img_new.jpg	media/CNX_ElemAlg_Figure_04_06_016b_img_new.jpg	image/jpeg	23495	4cd9d63749ca86984844d04d1c9b0cc057ba2c24609ad7f9c441ea61b0374165	1
../../media/CNX_ElemAlg_Figure_04_06_016c_img_new.jpg	media/CNX_ElemAlg_Figure_04_06_016c_img_new.jpg	image/jpeg	36760	ac063fcc818888a18c4107951ef3146b150e15367fa91f536699a6c999dd898b	1
../../media/CNX_ElemAlg_Figure_04_06_016d_img_new.jpg	media/CNX_ElemAlg_Figure_04_06_016d_img_new.jpg	image/jpeg	25229	85b32444eb3f652a0fece2d387df418dccb9abf5e01c4027d3c903432631d170	1
../../media/CNX_ElemAlg_Figure_04_06_017a_img_new.jpg	media/CNX_ElemAlg_Figure_04_06_017a_img_new.jpg	image/jpeg	40419	3e784cab80b1586f1741c3b811cfee82f7622ec5a51b2839b1f0e7e04b271c7b	1
../../media/CNX_ElemAlg_Figure_04_06_017b_img_new.jpg	media/CNX_ElemAlg_Figure_04_06_017b_img_new.jpg	image/jpeg	24502	5e06c782318948da25bcb6207db489749cb738bc69ab1b42caa513209c3d8f48	1
../../media/CNX_ElemAlg_Figure_04_06_017c_img_new.jpg	media/CNX_ElemAlg_Figure_04_06_017c_img_new.jpg	image/jpeg	33379	1440d30dff57c3b06583c7345c300cab7667de14e0ea54fc64b63577860a7859	1
../../media/CNX_ElemAlg_Figure_04_06_017d_img_new.jpg	media/CNX_ElemAlg_Figure_04_06_017d_img_new.jpg	image/jpeg	25539	795a26f9f9db8c4e0b7b8cb6465c0ce1996b74afdbc6712fb868d043a16c3d52	1
../../media/CNX_ElemAlg_Figure_04_06_018a_img_new.jpg	media/CNX_ElemAlg_Figure_04_06_018a_img_new.jpg	image/jpeg	29631	73c79038a8e2095f051bdfa4e7502574316e6f0b0d6f14c8dcd2c6bbcb55ae11	1
../../media/CNX_ElemAlg_Figure_04_06_018b_img_new.jpg	media/CNX_ElemAlg_Figure_04_06_018b_img_new.jpg	image/jpeg	26851	3c0578fe7d74946286265152793433db414e4298699308a8a953de1e5c1f909e	1
../../media/CNX_ElemAlg_Figure_04_06_018c_img_new.jpg	media/CNX_ElemAlg_Figure_04_06_018c_img_new.jpg	image/jpeg	24319	bfe0a853b84a210e4cf33763ab4572ff6901b884dc39f1db24eaf191aa225449	1
../../media/CNX_ElemAlg_Figure_04_06_018d_img_new.jpg	media/CNX_ElemAlg_Figure_04_06_018d_img_new.jpg	image/jpeg	35550	ba8cd5ee1ed9ff066706ea12cb227b2db4b2a242bceb06487cf445719f0476fc	1
../../media/CNX_ElemAlg_Figure_04_06_018e_img_new.jpg	media/CNX_ElemAlg_Figure_04_06_018e_img_new.jpg	image/jpeg	26399	8709ff04cd5b6b3d0dd25e8d0d9a20c27e734b334b66d221e6ed2b0fbe147ffd	1
../../media/CNX_ElemAlg_Figure_04_06_019a_img_new.jpg	media/CNX_ElemAlg_Figure_04_06_019a_img_new.jpg	image/jpeg	28643	e435b6173a9c007c167c07d745e2d168b4724aa7f605f6527306cf78cfc36e55	1
../../media/CNX_ElemAlg_Figure_04_06_019b_img_new.jpg	media/CNX_ElemAlg_Figure_04_06_019b_img_new.jpg	image/jpeg	32201	89ca4aa437e1d97ae1bdf6e88132267c93ab602e6cfa0c13d335db56090d7354	1
../../media/CNX_ElemAlg_Figure_04_06_019c_img_new.jpg	media/CNX_ElemAlg_Figure_04_06_019c_img_new.jpg	image/jpeg	24538	208194e2a9f6bc2c5de7c15fe76ca3da155516f50aa876d19a6d6dba645e2e94	1
../../media/CNX_ElemAlg_Figure_04_06_019d_img_new.jpg	media/CNX_ElemAlg_Figure_04_06_019d_img_new.jpg	image/jpeg	38940	efb3f216de7a2af5607f7c15fe8c0b39e78f761be88b9341b635fd0cfe1fbfee	1
../../media/CNX_ElemAlg_Figure_04_06_019e_img_new.jpg	media/CNX_ElemAlg_Figure_04_06_019e_img_new.jpg	image/jpeg	25475	692909ef394a76115d867a2cefc2eac48b3a712d79008a8e70a91b29db30bf43	1
../../media/CNX_ElemAlg_Figure_04_06_201_img_new.jpg	media/CNX_ElemAlg_Figure_04_06_201_img_new.jpg	image/jpeg	83567	69d1b81197cc55dfd1ef32d92a2fbd275d5c700540d5fc2174df5a064e9a14e3	1
../../media/CNX_ElemAlg_Figure_04_06_202_img_new.jpg	media/CNX_ElemAlg_Figure_04_06_202_img_new.jpg	image/jpeg	84077	5fe80f2faf57ce5ecddb60b527d635968f31ea65a7c51be2abe40283a82ee361	1
../../media/CNX_ElemAlg_Figure_04_06_203_img_new.jpg	media/CNX_ElemAlg_Figure_04_06_203_img_new.jpg	image/jpeg	87278	76044e729e5fc310e94224d80f68a3583d7e277e4eb8f8836dd3f8d8535656b2	1
../../media/CNX_ElemAlg_Figure_04_06_204_img_new.jpg	media/CNX_ElemAlg_Figure_04_06_204_img_new.jpg	image/jpeg	86878	dfa39b93978368a1428e5822a23081023ae9be7f0852174058f809fee2a63675	1
../../media/CNX_ElemAlg_Figure_04_06_205_img_new.jpg	media/CNX_ElemAlg_Figure_04_06_205_img_new.jpg	image/jpeg	86309	dcbaf821d0a2f7837039863b6b5994d5ce1b451f3d0be9290566a7a4f330cbdd	1
../../media/CNX_ElemAlg_Figure_04_06_206_img_new.jpg	media/CNX_ElemAlg_Figure_04_06_206_img_new.jpg	image/jpeg	86939	fc7307e4689fcd341552f198c21654841beb2ecaf034dd088ccc53dafa0c04a0	1
../../media/CNX_ElemAlg_Figure_04_06_207_img_new.jpg	media/CNX_ElemAlg_Figure_04_06_207_img_new.jpg	image/jpeg	80456	c97e2d5496372b54a8763285f2aee32976480d81ff311bf8e6cfc08cd6a3f745	1
../../media/CNX_ElemAlg_Figure_04_06_208_img_new.jpg	media/CNX_ElemAlg_Figure_04_06_208_img_new.jpg	image/jpeg	94970	a75810f454ffee7d7658fa7a6b2b88349fcc733a50a602cebfa306b3075842fa	1
../../media/CNX_ElemAlg_Figure_04_06_209_img_new.jpg	media/CNX_ElemAlg_Figure_04_06_209_img_new.jpg	image/jpeg	78377	4300f873b6ba2100c2972333f9f5776806d4fb20ee0758ef59af9d24b5427f25	1
../../media/CNX_ElemAlg_Figure_04_07_001_img_new.jpg	media/CNX_ElemAlg_Figure_04_07_001_img_new.jpg	image/jpeg	19928	fb9201f7e70c49e939a2a8fdcef5e1395fa4d4967995e04b328a47663e4fe5f7	1
../../media/CNX_ElemAlg_Figure_04_07_002_img_new.jpg	media/CNX_ElemAlg_Figure_04_07_002_img_new.jpg	image/jpeg	26074	1715b6f2e0cc3f31195352e1bf7974e83e6e0e5376ab0bd53d74116cfa2e6ea4	1
../../media/CNX_ElemAlg_Figure_04_07_003_img_new.jpg	media/CNX_ElemAlg_Figure_04_07_003_img_new.jpg	image/jpeg	120740	eccbb91cffd14963c52d30fc062653ccbf7930430df1029b7f76f4f16997b031	1
../../media/CNX_ElemAlg_Figure_04_07_004_img_new.jpg	media/CNX_ElemAlg_Figure_04_07_004_img_new.jpg	image/jpeg	122700	d1f9cd19655bcfbaff5fc9af5d4c439ec509518185c745ce750913d565bc84e7	1
../../media/CNX_ElemAlg_Figure_04_07_005_img_new.jpg	media/CNX_ElemAlg_Figure_04_07_005_img_new.jpg	image/jpeg	102053	9191a47add0aaa870fa1d5204b5da756ad256b841355bf9d373b83659f3d185b	1
../../media/CNX_ElemAlg_Figure_04_07_006_img_new.jpg	media/CNX_ElemAlg_Figure_04_07_006_img_new.jpg	image/jpeg	110851	b5285b90a4a681bac959ecb287e763d4011574d06565af6216f4d54069f6097e	1
../../media/CNX_ElemAlg_Figure_04_07_007_img_new.jpg	media/CNX_ElemAlg_Figure_04_07_007_img_new.jpg	image/jpeg	114937	55b4c7df13ef0c50229bbe3be1d8a9d315218c74bdcead9b68af65e60c3eff78	1
../../media/CNX_ElemAlg_Figure_04_07_009_img_new.jpg	media/CNX_ElemAlg_Figure_04_07_009_img_new.jpg	image/jpeg	94719	57b27a5ed39cb984249a390cba05a923dc8021a14ce80121437289002add679f	1
../../media/CNX_ElemAlg_Figure_04_07_010_img_new.jpg	media/CNX_ElemAlg_Figure_04_07_010_img_new.jpg	image/jpeg	91151	07fef6bae109b4f84906dcea71ac49967703ff43d5203d6763c255679120c124	1
../../media/CNX_ElemAlg_Figure_04_07_011_img_new.jpg	media/CNX_ElemAlg_Figure_04_07_011_img_new.jpg	image/jpeg	98988	7d6f8f0b8ab944581c77c445bd281ebaefb6e224d682ca1a966e3757aed9cd16	1
../../media/CNX_ElemAlg_Figure_04_07_012a_img_new.jpg	media/CNX_ElemAlg_Figure_04_07_012a_img_new.jpg	image/jpeg	18423	3b9dd95abdf44c19cc459f427831696d6cdd0c352e346d6dc02e77eccdfbb645	1
../../media/CNX_ElemAlg_Figure_04_07_012b_img_new.jpg	media/CNX_ElemAlg_Figure_04_07_012b_img_new.jpg	image/jpeg	17413	1adb13aa0a057304ede691b7ecad843938825c0a51417c768d8d39e248348be6	1
../../media/CNX_ElemAlg_Figure_04_07_012c_img_new.jpg	media/CNX_ElemAlg_Figure_04_07_012c_img_new.jpg	image/jpeg	19913	ad4616f361e301df88d7ee181b942dc735105a10b43a757ffec0352e5cbf97a0	1
../../media/CNX_ElemAlg_Figure_04_07_012d_img_new.jpg	media/CNX_ElemAlg_Figure_04_07_012d_img_new.jpg	image/jpeg	17055	574e395063a77c9bc6bf0367a95ea969f6ee049849e7609c5733bf70ddc2634b	1
../../media/CNX_ElemAlg_Figure_04_07_013a_img_new.jpg	media/CNX_ElemAlg_Figure_04_07_013a_img_new.jpg	image/jpeg	18245	4369480f08ba30e967f5f766af1102c67f6a29bcb48c7639e6284bdccaa6908c	1
../../media/CNX_ElemAlg_Figure_04_07_013b_img_new.jpg	media/CNX_ElemAlg_Figure_04_07_013b_img_new.jpg	image/jpeg	17913	2d904510de0de29f770b3a93ddcca913643c014ca3df47f1e70edfa7ce05f4c6	1
../../media/CNX_ElemAlg_Figure_04_07_013c_img_new.jpg	media/CNX_ElemAlg_Figure_04_07_013c_img_new.jpg	image/jpeg	20020	0d67f42498c7688cf62807fd21551f47e996ef51b9e2a0bb22319503d7e858a8	1
../../media/CNX_ElemAlg_Figure_04_07_013d_img_new.jpg	media/CNX_ElemAlg_Figure_04_07_013d_img_new.jpg	image/jpeg	17117	43676d3c28b038f6e357f0a29a7f465a8dec62116112ac843f539b8cb2d4931c	1
../../media/CNX_ElemAlg_Figure_04_07_014a_img_new.jpg	media/CNX_ElemAlg_Figure_04_07_014a_img_new.jpg	image/jpeg	19245	8c136e253100c1c1176632909811bc92801efa22c5b55e824d4e3847b0451ed8	1
../../media/CNX_ElemAlg_Figure_04_07_014b_img_new.jpg	media/CNX_ElemAlg_Figure_04_07_014b_img_new.jpg	image/jpeg	18590	839cde0bbe4f94bca9e173e318d396237f15ef51d0e29f884f7d52ebb742396e	1
../../media/CNX_ElemAlg_Figure_04_07_014c_img_new.jpg	media/CNX_ElemAlg_Figure_04_07_014c_img_new.jpg	image/jpeg	21811	663eee5dba9e99ca5431549b5a0855cb7de39cf160e5c499e716c383b2324434	1
../../media/CNX_ElemAlg_Figure_04_07_014d_img_new.jpg	media/CNX_ElemAlg_Figure_04_07_014d_img_new.jpg	image/jpeg	18506	7f206e7bc56ab63370f6852e574dd456936984b46458657db490c5ff1efda098	1
../../media/CNX_ElemAlg_Figure_04_07_015a_img_new.jpg	media/CNX_ElemAlg_Figure_04_07_015a_img_new.jpg	image/jpeg	20480	45123313707eb291801dadcbdcd1495c0571746f5ebf0267e2483227adf29009	1
../../media/CNX_ElemAlg_Figure_04_07_015b_img_new.jpg	media/CNX_ElemAlg_Figure_04_07_015b_img_new.jpg	image/jpeg	17943	00d58843071defa1cdaba73c64de1be34af3870d458f4a8b4be9a711dfd4f982	1
../../media/CNX_ElemAlg_Figure_04_07_015c_img_new.jpg	media/CNX_ElemAlg_Figure_04_07_015c_img_new.jpg	image/jpeg	21302	9308825705a239b362446b80bbd87a6920001c1b96daa6ed718d325d3fa24087	1
../../media/CNX_ElemAlg_Figure_04_07_015d_img_new.jpg	media/CNX_ElemAlg_Figure_04_07_015d_img_new.jpg	image/jpeg	18796	756b7d5730ebf33eaa904994e9c295f15846812372044d57c92cb63da8621049	1
../../media/CNX_ElemAlg_Figure_04_07_016a_img_new.jpg	media/CNX_ElemAlg_Figure_04_07_016a_img_new.jpg	image/jpeg	21107	63ff36b3f1998b3e2be7e4036a43beee029fe5a96e6ac861f4cd02230f71dd83	1
../../media/CNX_ElemAlg_Figure_04_07_016b_img_new.jpg	media/CNX_ElemAlg_Figure_04_07_016b_img_new.jpg	image/jpeg	19182	53a644716a52e4fd2253bfd3b7e5f2b9a1c230b97dfcff0539a7d2e7d2bcb537	1
../../media/CNX_ElemAlg_Figure_04_07_016c_img_new.jpg	media/CNX_ElemAlg_Figure_04_07_016c_img_new.jpg	image/jpeg	23062	17ab432070ad4f56a1a5f04b00f737223651ad36efdebec061b5f280d6807b71	1
../../media/CNX_ElemAlg_Figure_04_07_016d_img_new.jpg	media/CNX_ElemAlg_Figure_04_07_016d_img_new.jpg	image/jpeg	19635	caa4e41073557924fac24d207d2300c5847867f6270c1bef8156d2f06a1e2e4f	1
../../media/CNX_ElemAlg_Figure_04_07_017_img_new.jpg	media/CNX_ElemAlg_Figure_04_07_017_img_new.jpg	image/jpeg	25547	42f24f3b3b2606467e52ad8a3a8be02f7fc11a2a20a1932515fab52c0ae04135	1
../../media/CNX_ElemAlg_Figure_04_07_018_img_new.jpg	media/CNX_ElemAlg_Figure_04_07_018_img_new.jpg	image/jpeg	106675	2506f1685a7c8bf82ef2eafc15b6da38c2e6fb869fbb57c3341be6ba391e8b6f	1
../../media/CNX_ElemAlg_Figure_04_07_019_img_new.jpg	media/CNX_ElemAlg_Figure_04_07_019_img_new.jpg	image/jpeg	102761	ba75a598001287577ef15e59a08d81ad32ad9a6485f6906e0bfc5d1644d3cafe	1
../../media/CNX_ElemAlg_Figure_04_07_020_img_new.jpg	media/CNX_ElemAlg_Figure_04_07_020_img_new.jpg	image/jpeg	113379	06081589c71e7c67f94c66e3495e8d4c64dfbaea8d144445dfe2674d80edf44e	1
../../media/CNX_ElemAlg_Figure_04_07_021_img_new.jpg	media/CNX_ElemAlg_Figure_04_07_021_img_new.jpg	image/jpeg	105292	c531d81b4e638c97d251ae5fad1039c2b930308614c708ebe6e9505750d70da1	1
../../media/CNX_ElemAlg_Figure_04_07_022_img_new.jpg	media/CNX_ElemAlg_Figure_04_07_022_img_new.jpg	image/jpeg	115727	06ff5f193a41534b874e2bbb05e28cc56b61740e185192431d71f0f22d9f8694	1
../../media/CNX_ElemAlg_Figure_04_07_023_img_new.jpg	media/CNX_ElemAlg_Figure_04_07_023_img_new.jpg	image/jpeg	71253	e8154961aeaccfabf1492f0bdb84050698102f99ea5c272360797d8b21e01c6f	1
../../media/CNX_ElemAlg_Figure_04_07_024_img_new.jpg	media/CNX_ElemAlg_Figure_04_07_024_img_new.jpg	image/jpeg	70262	6b02125957a4a4933706737772444673419188ff1003386f3b4221b6b00694f1	1
../../media/CNX_ElemAlg_Figure_04_07_025_img_new.jpg	media/CNX_ElemAlg_Figure_04_07_025_img_new.jpg	image/jpeg	107793	4ef4660e764aaa831c22a90bbc324983d6f15617d602ce6b484097b3828945ea	1
../../media/CNX_ElemAlg_Figure_04_07_026_img_new.jpg	media/CNX_ElemAlg_Figure_04_07_026_img_new.jpg	image/jpeg	73704	a4e4beae5d0e9c95e83aded42e4bef0fcc33181aed2f2e333e2bff02224e1ad3	1
../../media/CNX_ElemAlg_Figure_04_07_027_img_new.jpg	media/CNX_ElemAlg_Figure_04_07_027_img_new.jpg	image/jpeg	74147	40a9a563c16a262371311c588acd091687b0d391aff8394ef15a112ab01c9624	1
../../media/CNX_ElemAlg_Figure_04_07_028_img_new.jpg	media/CNX_ElemAlg_Figure_04_07_028_img_new.jpg	image/jpeg	72289	cbf34e01997325bf8d110481ee96af2babcb1e007a923f53887cd41dd720d2c2	1
../../media/CNX_ElemAlg_Figure_04_07_029_img_new.jpg	media/CNX_ElemAlg_Figure_04_07_029_img_new.jpg	image/jpeg	69248	5c56564794b2b397692ef9d6baf593b4274678282dc2e8549b50761b324bd22a	1
../../media/CNX_ElemAlg_Figure_04_07_030a_img_new.jpg	media/CNX_ElemAlg_Figure_04_07_030a_img_new.jpg	image/jpeg	87075	e95fa2dd9a07c65416198794d8b876a6429c145a32837502625d9d3dd050414e	1
../../media/CNX_ElemAlg_Figure_04_07_030b_img_new.jpg	media/CNX_ElemAlg_Figure_04_07_030b_img_new.jpg	image/jpeg	44081	c3c7eea0be8b1f28f4c97b32094193c4347ef6bf8574c064ef1d2e1a24c3bec9	1
../../media/CNX_ElemAlg_Figure_04_07_030c_img_new.jpg	media/CNX_ElemAlg_Figure_04_07_030c_img_new.jpg	image/jpeg	96265	de49e3d3761c3a42ebb72eb69442c80e61a628178e698e27c4ea9d7b77733e04	1
../../media/CNX_ElemAlg_Figure_04_07_031_img_new.jpg	media/CNX_ElemAlg_Figure_04_07_031_img_new.jpg	image/jpeg	69769	4d165987323901679a4d9a66af5602981ae43f4d854dcbe7d517707e5d81b7ed	1
../../media/CNX_ElemAlg_Figure_04_07_032_img_new.jpg	media/CNX_ElemAlg_Figure_04_07_032_img_new.jpg	image/jpeg	31070	2ce4c4e938d33e21dcede4b9a7d3c077848b89aba003aebd34b0dc69926e7de5	1
../../media/CNX_ElemAlg_Figure_04_07_033_img_new.jpg	media/CNX_ElemAlg_Figure_04_07_033_img_new.jpg	image/jpeg	31146	5c81704acd12def8defe4369e34e8c88e06382ddd48388efe6a751e8ce4c22bd	1
../../media/CNX_ElemAlg_Figure_04_07_034_img_new.jpg	media/CNX_ElemAlg_Figure_04_07_034_img_new.jpg	image/jpeg	73160	4d9e157cfd192aa0e1bff33054b28c640427b49464491da6f88ef71caa087d85	1
../../media/CNX_ElemAlg_Figure_04_07_201_img_new.jpg	media/CNX_ElemAlg_Figure_04_07_201_img_new.jpg	image/jpeg	73761	fafde312c607491ff2ae74673dba9b237a3d03c1e8c9f9c4dd65f06411a71f8b	1
../../media/CNX_ElemAlg_Figure_04_07_202_img_new.jpg	media/CNX_ElemAlg_Figure_04_07_202_img_new.jpg	image/jpeg	74806	a6a55de83cffff778738908b22182422860d3785446c86e31988a67fbad6ebdd	1
../../media/CNX_ElemAlg_Figure_04_07_203_img_new.jpg	media/CNX_ElemAlg_Figure_04_07_203_img_new.jpg	image/jpeg	77007	94ecf64339e2128b9ad5ab579b8ffb63e59f9b0cfcfb59ec193f1eddcbe4c664	1
../../media/CNX_ElemAlg_Figure_04_07_204_img_new.jpg	media/CNX_ElemAlg_Figure_04_07_204_img_new.jpg	image/jpeg	75077	a6ff51bae28574053158e9069b7dbf39f5b2c899ffe50aab0d89a0240c4a51bd	1
../../media/CNX_ElemAlg_Figure_04_07_205_img_new.jpg	media/CNX_ElemAlg_Figure_04_07_205_img_new.jpg	image/jpeg	75071	c6452176ef9195ff137806850b1b028e1c448167b5f4d53499888183b85cc1ce	1
../../media/CNX_ElemAlg_Figure_04_07_206_img_new.jpg	media/CNX_ElemAlg_Figure_04_07_206_img_new.jpg	image/jpeg	76918	ce8d8a58fbaa6f0ffe67e74a184c21d6bdba66853a919cd0a278c9e0473150dd	1
../../media/CNX_ElemAlg_Figure_04_07_207_img_new.jpg	media/CNX_ElemAlg_Figure_04_07_207_img_new.jpg	image/jpeg	77493	c793fbd4ed3ec5a3a3146ca2f6cc1df0069467507c667104dcce12971b9f645d	1
../../media/CNX_ElemAlg_Figure_04_07_208_img_new.jpg	media/CNX_ElemAlg_Figure_04_07_208_img_new.jpg	image/jpeg	78161	50d26e856dfa2c7ab2cf8ff7f74babb294a2cbd9cec4149ca337df138575fa60	1
../../media/CNX_ElemAlg_Figure_04_07_209_img_new.jpg	media/CNX_ElemAlg_Figure_04_07_209_img_new.jpg	image/jpeg	81015	5af58ea7107799894f30523c727285dae66bc16aa665a0a27507f7ec8283e2f1	1
../../media/CNX_ElemAlg_Figure_04_07_210_img_new.jpg	media/CNX_ElemAlg_Figure_04_07_210_img_new.jpg	image/jpeg	81274	e0436be2c2c7620dedbfcd9e35fde55f3bfca14924d45bff6ce8c171d303ec3e	1
../../media/CNX_ElemAlg_Figure_04_07_211_img_new.jpg	media/CNX_ElemAlg_Figure_04_07_211_img_new.jpg	image/jpeg	79137	6dd171333c2365139cf78ed6ba43e0c188edad3cb945eebf591548e23d774711	1
../../media/CNX_ElemAlg_Figure_04_07_212_img_new.jpg	media/CNX_ElemAlg_Figure_04_07_212_img_new.jpg	image/jpeg	80186	4670bfd85cd9d1da3dea4edcd71c4758b199525b41d63f7fa6ad8f34ca90d7a3	1
../../media/CNX_ElemAlg_Figure_04_07_214_img_new.jpg	media/CNX_ElemAlg_Figure_04_07_214_img_new.jpg	image/jpeg	75471	c7c3892999261b7e21ab6b64f202b5773c79a9a677a8ff0e30c276d1867d4245	1
../../media/CNX_ElemAlg_Figure_04_07_216_img.jpg	media/CNX_ElemAlg_Figure_04_07_216_img.jpg	image/jpeg	91308	5daea57c378d98335bc7520caf29c3e819c6a7de26af4f6c69002ff5923495aa	1
../../media/CNX_ElemAlg_Figure_04_07_218_img_new.jpg	media/CNX_ElemAlg_Figure_04_07_218_img_new.jpg	image/jpeg	79792	769ddcd526954286efc72b32fb6ed2cf6db2ee16028bafb763f7c2341fce549f	1
../../media/CNX_ElemAlg_Figure_04_07_220_img_new.jpg	media/CNX_ElemAlg_Figure_04_07_220_img_new.jpg	image/jpeg	75808	6287f21a1d821ec81d4fe022c18601c553b237c1718c625f7bc6560da3332722	1
../../media/CNX_ElemAlg_Figure_04_07_222_img_new.jpg	media/CNX_ElemAlg_Figure_04_07_222_img_new.jpg	image/jpeg	80002	57fb7c9935cbc8778e2a2a1e0c4db30bfb9da68094ee190a520bad0861d86668	1
../../media/CNX_ElemAlg_Figure_04_07_224_img_new.jpg	media/CNX_ElemAlg_Figure_04_07_224_img_new.jpg	image/jpeg	81071	380c407cc60cf0ea06858ad3510c34875f35ff0dad019ec081b2e42e5a921d20	1
../../media/CNX_ElemAlg_Figure_04_07_226_img_new.jpg	media/CNX_ElemAlg_Figure_04_07_226_img_new.jpg	image/jpeg	80440	837cbaab3ad6918e5751c9f192aeef53b90799cb29435a03557ec69561e58af2	1
../../media/CNX_ElemAlg_Figure_04_07_228_img_new.jpg	media/CNX_ElemAlg_Figure_04_07_228_img_new.jpg	image/jpeg	73980	da3cd430ff8b02feff7c82df0527e7961fb924944c8b492c8255ad9f3355acb2	1
../../media/CNX_ElemAlg_Figure_04_07_230_img_new.jpg	media/CNX_ElemAlg_Figure_04_07_230_img_new.jpg	image/jpeg	72892	c1acc7563ed0b898e98fcdc0a9ed0b3f23a477f0d353ad65664bcd60fd85ae49	1
../../media/CNX_ElemAlg_Figure_04_07_232_img_new.jpg	media/CNX_ElemAlg_Figure_04_07_232_img_new.jpg	image/jpeg	76705	28431b2db694ad276d491a252626ff84ea4c7b84ef4e0bdd3949f1475b60ca42	1
../../media/CNX_ElemAlg_Figure_04_07_234_img_new.jpg	media/CNX_ElemAlg_Figure_04_07_234_img_new.jpg	image/jpeg	77248	fb29ff982642828526a8625b6e012bba3907c2e0691896b257fc50394cdb9463	1
../../media/CNX_ElemAlg_Figure_04_07_236_img_new.jpg	media/CNX_ElemAlg_Figure_04_07_236_img_new.jpg	image/jpeg	77837	9e013c6bb70a550764fb92735ed1ed79ce434d1324907d659d20287b1b0fed16	1
../../media/CNX_ElemAlg_Figure_04_07_238_img_new.jpg	media/CNX_ElemAlg_Figure_04_07_238_img_new.jpg	image/jpeg	80412	6a67ce833005f324f41b0657ee5c48d5f251760257b3f0301297065cf2727ea5	1
../../media/CNX_ElemAlg_Figure_04_07_240_img_new.jpg	media/CNX_ElemAlg_Figure_04_07_240_img_new.jpg	image/jpeg	79583	cad114fff6812ff8e1913b6a3a943becd1e9b2573aa192a7dcccb1fc6d61e8ca	1
../../media/CNX_ElemAlg_Figure_04_07_242_img_new.jpg	media/CNX_ElemAlg_Figure_04_07_242_img_new.jpg	image/jpeg	75846	5018c16517508139a54157eaccfc0e9906c3b9bd9a49db943f64015f3b66c26d	1
../../media/CNX_ElemAlg_Figure_04_07_244_img_new.jpg	media/CNX_ElemAlg_Figure_04_07_244_img_new.jpg	image/jpeg	52576	ed246ff9a4a498ae4ac984862fa2de3c83a8f51f089a5fe9b1448753f724672d	1
../../media/CNX_ElemAlg_Figure_04_07_246_img_new.jpg	media/CNX_ElemAlg_Figure_04_07_246_img_new.jpg	image/jpeg	67619	34935c60fe9640ab3adb3ce2f71634ee3152c4ab22cc8eb34c560272af4eee3c	1
../../media/CNX_ElemAlg_Figure_04_07_248_img_new.jpg	media/CNX_ElemAlg_Figure_04_07_248_img_new.jpg	image/jpeg	65936	e6bb40f45e1239d888952701a1b1ac721a3f717c163dbff80542e2c26a7f783e	1
../../media/CNX_ElemAlg_Figure_04_07_249_img_new.jpg	media/CNX_ElemAlg_Figure_04_07_249_img_new.jpg	image/jpeg	52109	402b8326d5add71d49f7c2fcbf657af14eab829fdba29b6b1d026518c7838d6d	1
../../media/CNX_ElemAlg_Figure_04_07_250_img_new.jpg	media/CNX_ElemAlg_Figure_04_07_250_img_new.jpg	image/jpeg	52492	8059f7f4446493502aedf2f085eb38933aaabf39e35576a7d20a8fd55d4b3904	1
../../media/CNX_ElemAlg_Figure_04_07_251_img_new.jpg	media/CNX_ElemAlg_Figure_04_07_251_img_new.jpg	image/jpeg	83685	92d9adb4d499359509de058aaaaa795410857bedb317bd2e47ff658ef0ac768f	1
../../media/CNX_ElemAlg_Figure_04_07_252_img_new.jpg	media/CNX_ElemAlg_Figure_04_07_252_img_new.jpg	image/jpeg	85845	c3d8055ab3341d6a5e6dddb131ce6448ea3be23916396a4693c5283718edf6aa	1
../../media/CNX_ElemAlg_Figure_04_07_254_img_new.jpg	media/CNX_ElemAlg_Figure_04_07_254_img_new.jpg	image/jpeg	68412	7412e468ee858a5af0d3a29c024381936c039040ac3c8bead38c41e8db1a427d	1
../../media/CNX_ElemAlg_Figure_04_07_256_img_new.jpg	media/CNX_ElemAlg_Figure_04_07_256_img_new.jpg	image/jpeg	66192	c356fbb582383dc4564d9bb96f021dcfa26cb9c9213af169e8580c75d0533533	1
../../media/CNX_ElemAlg_Figure_04_07_258_img_new.jpg	media/CNX_ElemAlg_Figure_04_07_258_img_new.jpg	image/jpeg	67244	b0f50eb41ac2cb78540321ba959f2a6fe4fbee4915302cb343b1c5123286e964	1
../../media/CNX_ElemAlg_Figure_04_07_260_img_new.jpg	media/CNX_ElemAlg_Figure_04_07_260_img_new.jpg	image/jpeg	63029	0d98a132a78b8b27f41f23390f50d392e14c3b910cb8fa83dc968bbb2d2dbf00	1
../../media/CNX_ElemAlg_Figure_04_07_262_img_new.jpg	media/CNX_ElemAlg_Figure_04_07_262_img_new.jpg	image/jpeg	73489	469fb98519d4472fb9f9ccb104c5f4cfb8d0d45d39856ae3f5c0065010d9c5be	1
../../media/CNX_ElemAlg_Figure_04_07_263_img_new.jpg	media/CNX_ElemAlg_Figure_04_07_263_img_new.jpg	image/jpeg	83799	0e89b9beafe9826238754f66f31e06faeda0806d717cc309181bcee8a3ea3189	1
../../media/CNX_ElemAlg_Figure_04_07_264_img_new.jpg	media/CNX_ElemAlg_Figure_04_07_264_img_new.jpg	image/jpeg	84659	7dc41f42a6d0c6322085a60f4f5aa913dad033dbd4b3b2851e4980a086b4e88a	1
../../media/CNX_ElemAlg_Figure_04_07_266_img_new.jpg	media/CNX_ElemAlg_Figure_04_07_266_img_new.jpg	image/jpeg	66518	1dc46186c79aee84a17c94b2e59f5bdd8913d103c1fbc08dda0ccd838e637407	1
../../media/CNX_ElemAlg_Figure_04_07_268_img_new.jpg	media/CNX_ElemAlg_Figure_04_07_268_img_new.jpg	image/jpeg	63966	2ff2e0b42eab4569fc3168731f90d315e66dbf2535b981d9a4ac15e9d1e583e8	1
../../media/CNX_ElemAlg_Figure_04_07_270_img_new.jpg	media/CNX_ElemAlg_Figure_04_07_270_img_new.jpg	image/jpeg	62674	f37c7913b7b1ea0916f0d62057af082a99a92d05c9f13f9c7a5c5c475484702e	1
../../media/CNX_ElemAlg_Figure_04_07_271_img_new.jpg	media/CNX_ElemAlg_Figure_04_07_271_img_new.jpg	image/jpeg	54026	1dc68fb92ead23076942cc499cfbcab0aba5a3fc16af7bb26ce8688c1e182cde	1
../../media/CNX_ElemAlg_Figure_04_07_272_img_new.jpg	media/CNX_ElemAlg_Figure_04_07_272_img_new.jpg	image/jpeg	56115	b2566eb3df5ac5f30163efc30f63c375022584993e772934630b41e9fe68775a	1
../../media/CNX_ElemAlg_Figure_04_07_273_img_new.jpg	media/CNX_ElemAlg_Figure_04_07_273_img_new.jpg	image/jpeg	52836	d3f9e08487d95832a5c5d2084c3d0af91476fecd4072e5875fb17b36c47fb0c6	1
../../media/CNX_ElemAlg_Figure_04_07_274_img_new.jpg	media/CNX_ElemAlg_Figure_04_07_274_img_new.jpg	image/jpeg	55257	4c39811aa188de17fd9f25dea761a216ffaedb55f13d255bab9f70848415db02	1
../../media/CNX_ElemAlg_Figure_04_07_276_img_new.jpg	media/CNX_ElemAlg_Figure_04_07_276_img_new.jpg	image/jpeg	56326	fc2892d5a398e8e3d24d2ab8bc6a76ee0f9ffeb5f6aac51033ba9a10ff25f811	1
../../media/CNX_ElemAlg_Figure_04_07_278_img_new.jpg	media/CNX_ElemAlg_Figure_04_07_278_img_new.jpg	image/jpeg	53745	3094d385f0592169f7b7e91e201191c3fcda6634659056cb87ca590c8be8c3aa	1
../../media/CNX_ElemAlg_Figure_04_07_279_img_new.jpg	media/CNX_ElemAlg_Figure_04_07_279_img_new.jpg	image/jpeg	83792	0d76f40b06d0b94546c0865490cab328e89f759f92ada16b3dc07cd07a2be6b2	1
../../media/CNX_ElemAlg_Figure_04_07_280_img_new.jpg	media/CNX_ElemAlg_Figure_04_07_280_img_new.jpg	image/jpeg	83799	5aa7df9d181d59ca0ed55823554f011c8bcf69639762982316597f8c40b0509d	1
../../media/CNX_ElemAlg_Figure_04_07_281_img_new.jpg	media/CNX_ElemAlg_Figure_04_07_281_img_new.jpg	image/jpeg	111400	9feb2a1960fcea62a886f03c9e1881b33c5e57ef5bae33ad37b0e4a8a352b29b	1
../../media/CNX_ElemAlg_Figure_04_07_282_img_new.jpg	media/CNX_ElemAlg_Figure_04_07_282_img_new.jpg	image/jpeg	113157	407a9c199349cf0b3c005db892d9db29572759cf89b8c715ce74f1c7a7d92144	1
../../media/CNX_ElemAlg_Figure_04_07_284_img_new.jpg	media/CNX_ElemAlg_Figure_04_07_284_img_new.jpg	image/jpeg	61222	eb14ccbb6a722012967fd30113eeb69e2ed4b6e13f07bc45d34b78e2568c0335	1
../../media/CNX_ElemAlg_Figure_04_07_286_img_new.jpg	media/CNX_ElemAlg_Figure_04_07_286_img_new.jpg	image/jpeg	64824	ae76c507fd503350e5742383d05bb1bd186227e3d63713572665ef7abb9d5558	1
../../media/CNX_ElemAlg_Figure_04_07_287_img_new.jpg	media/CNX_ElemAlg_Figure_04_07_287_img_new.jpg	image/jpeg	32893	15f49bd961635e7562936bdfcb4751d903fbfd2d73f4ea0280a371ea4c08be0c	1
../../media/CNX_ElemAlg_Figure_04_07_288_img_new.jpg	media/CNX_ElemAlg_Figure_04_07_288_img_new.jpg	image/jpeg	82080	59817c69584b3a27be2113674715de31c02dfb204103d7d0c72c2ff51f2293dd	1
../../media/CNX_ElemAlg_Figure_04_07_289_img_new.jpg	media/CNX_ElemAlg_Figure_04_07_289_img_new.jpg	image/jpeg	98852	24ab613451af26bd5a4e6d47e7efd47daebf01edd0280a2d5a0f60ca253dfced	1
../../media/CNX_ElemAlg_Figure_04_07_291_img_new.jpg	media/CNX_ElemAlg_Figure_04_07_291_img_new.jpg	image/jpeg	76137	62989328d84ee75679c35628ea85cd8dd5436cb4499d5cd6e69d5d6d4343d6b6	1
../../media/CNX_ElemAlg_Figure_04_07_293_img_new.jpg	media/CNX_ElemAlg_Figure_04_07_293_img_new.jpg	image/jpeg	77061	a25dfd61e814458eb6fb37f82e2602448fdc7a36993657baee09432522d754bb	1
../../media/CNX_ElemAlg_Figure_04_07_295_img_new.jpg	media/CNX_ElemAlg_Figure_04_07_295_img_new.jpg	image/jpeg	59697	65c86abfa99835c87135901952b5982f356a0f6ce081f6b5e3431dea272b3bc6	1
../../media/CNX_ElemAlg_Figure_04_07_296_img_new.jpg	media/CNX_ElemAlg_Figure_04_07_296_img_new.jpg	image/jpeg	86399	836ce69c7b3e0003250bb2eda7c21112e3ffbab2b2c33d3cb5a3f1c8f57d2495	1
../../media/CNX_ElemAlg_Figure_04_07_297_img_new.jpg	media/CNX_ElemAlg_Figure_04_07_297_img_new.jpg	image/jpeg	85131	68c951424a0327e46126801bbedff5768dd6f38b54979b57e67620277d1bc350	1
../../media/CNX_ElemAlg_Figure_04_07_298_img_new.jpg	media/CNX_ElemAlg_Figure_04_07_298_img_new.jpg	image/jpeg	87120	502beb00b23dc48a7ee20c9bad713f912e015690c1526470961b7b69ae274102	1
../../media/CNX_ElemAlg_Figure_04_07_299_img_new.jpg	media/CNX_ElemAlg_Figure_04_07_299_img_new.jpg	image/jpeg	81200	ae28045a63a58c991de40bf69468e2b373d24b9cb68fce91a5ca5c894f1dc48f	1
../../media/CNX_ElemAlg_Figure_04_07_300_img_new.jpg	media/CNX_ElemAlg_Figure_04_07_300_img_new.jpg	image/jpeg	79660	9467fcb8cdef5271d8dcd9dec63b065fbfbcd9040d82bdeae85081fd6f25e933	1
../../media/CNX_ElemAlg_Figure_04_07_301_img_new.jpg	media/CNX_ElemAlg_Figure_04_07_301_img_new.jpg	image/jpeg	79804	a3538f46428ebfa9b58ac4e586f8eb38c8dc14d07ec0e8b315654b2a4b4197bb	1
../../media/CNX_ElemAlg_Figure_04_07_302_img_new.jpg	media/CNX_ElemAlg_Figure_04_07_302_img_new.jpg	image/jpeg	80848	c2627972d14e8b2e893a04999c39f8a0d480fa22633d44558487455c3c85cd91	1
../../media/CNX_ElemAlg_Figure_04_07_303_img.jpg	media/CNX_ElemAlg_Figure_04_07_303_img.jpg	image/jpeg	90905	cfa77f7e8ef11fc112b93bc31024f3a0b16957324c7c1fdd1037b8ba2bee2006	1
../../media/CNX_ElemAlg_Figure_04_07_305_img_new.jpg	media/CNX_ElemAlg_Figure_04_07_305_img_new.jpg	image/jpeg	80595	d2a49a2117345c765ea41712b03a9bb86df0289ecc0906d2e0f5c7745d85cde8	1
../../media/CNX_ElemAlg_Figure_04_07_307_img_new.jpg	media/CNX_ElemAlg_Figure_04_07_307_img_new.jpg	image/jpeg	79109	56916d60d241a34865dd79b0ed02798b4da40eb5ce8a1180e57af1c1d74758ef	1
../../media/CNX_ElemAlg_Figure_04_07_309_img_new.jpg	media/CNX_ElemAlg_Figure_04_07_309_img_new.jpg	image/jpeg	78364	2fa5977f510bfde103ebcacc68afaae62c0916942d9cbeaf7115636112bd3cd7	1
../../media/CNX_ElemAlg_Figure_04_07_310_img_new.jpg	media/CNX_ElemAlg_Figure_04_07_310_img_new.jpg	image/jpeg	87253	7a4877b78a4503749b56faf80a8cf5ab4ea55559b29ae4bac72c3e31bbc2f6bc	1
../../media/CNX_ElemAlg_Figure_04_07_311_img_new.jpg	media/CNX_ElemAlg_Figure_04_07_311_img_new.jpg	image/jpeg	81101	c1288b01d090d7c84aba68ac9277db603508e9566a6213e5729c4ed36abe2a03	1
../../media/CNX_ElemAlg_Figure_04_07_312_img_new.jpg	media/CNX_ElemAlg_Figure_04_07_312_img_new.jpg	image/jpeg	82045	76abfe235d0c3849d72c7972e6e6aa66e84360051cf39ff4de353ad8d378f2d1	1
../../media/CNX_ElemAlg_Figure_04_07_314_img_new.jpg	media/CNX_ElemAlg_Figure_04_07_314_img_new.jpg	image/jpeg	65644	ee7ecb76f4e5cbd6b9617048e934b89c4d14d78136dbe86745dae70a0f56b802	1
../../media/CNX_ElemAlg_Figure_04_07_316_img_new.jpg	media/CNX_ElemAlg_Figure_04_07_316_img_new.jpg	image/jpeg	67430	5a7c4e7f00e8927cff62997dfaaa3ba3b74378349f90905344d9c5c619303950	1
../../media/CNX_ElemAlg_Figure_04_07_318_img_new.jpg	media/CNX_ElemAlg_Figure_04_07_318_img_new.jpg	image/jpeg	63208	dc7f25705a5c3a8066600af8dcbb9e954a7ccf113c75aaf1b9d5805d45e2d1b3	1
../../media/CNX_ElemAlg_Figure_04_07_320_img_new.jpg	media/CNX_ElemAlg_Figure_04_07_320_img_new.jpg	image/jpeg	94106	0265937fd68227df6da494b450aed10bcb51c25d8db855b098d342e4d9e47f16	1
../../media/CNX_ElemAlg_Figure_04_07_321_img_new.jpg	media/CNX_ElemAlg_Figure_04_07_321_img_new.jpg	image/jpeg	78327	99313dc8a41e397c5555f33c52df862ff06372a4adb67422c2467390c0b55bf9	1
../../media/CNX_ElemAlg_Figure_04_07_323_img_new.jpg	media/CNX_ElemAlg_Figure_04_07_323_img_new.jpg	image/jpeg	38336	3dced28c5bc56fef6a47733eff7bc59c516c727b7d2ba43bc6b26664daa395a4	1
../../media/CNX_ElemAlg_Figure_04_07_325_img_new.jpg	media/CNX_ElemAlg_Figure_04_07_325_img_new.jpg	image/jpeg	73560	fa090a92b7fdaae60a900639a87e031d08a66de05cac7abaec78713efbeb24b8	1
../../media/CNX_ElemAlg_Figure_05_00_001_img_new.jpg	media/CNX_ElemAlg_Figure_05_00_001_img_new.jpg	image/jpeg	511700	c47a283b4d4234b26dd20d8d3015ac5f2fd76ce8d09847a642ec65792fb558d1	1
../../media/CNX_ElemAlg_Figure_05_01_001_img_new.jpg	media/CNX_ElemAlg_Figure_05_01_001_img_new.jpg	image/jpeg	64365	0b76adb25ebe8f1cfcd053f8c38be11a3c324f96a57aeb7821186c9a6ef89ffc	1
../../media/CNX_ElemAlg_Figure_05_01_002_img_new.jpg	media/CNX_ElemAlg_Figure_05_01_002_img_new.jpg	image/jpeg	632670	9a5919059500c9edd007e93232b266206ad460f979d8521bdb62e5a8b8641c08	1
../../media/CNX_ElemAlg_Figure_05_01_003_img_new.jpg	media/CNX_ElemAlg_Figure_05_01_003_img_new.jpg	image/jpeg	97207	91523ae06f844c76cfa90cd410bb6a0237969334a4922132e09434bb684ffb02	1
../../media/CNX_ElemAlg_Figure_05_01_004_img_new.jpg	media/CNX_ElemAlg_Figure_05_01_004_img_new.jpg	image/jpeg	64526	648624f9148937b3f5492c91c902d2a9d57a0cc4119dd9a07cf7da833ba67e3e	1
../../media/CNX_ElemAlg_Figure_05_01_005_img_new.jpg	media/CNX_ElemAlg_Figure_05_01_005_img_new.jpg	image/jpeg	109205	a01a96062fd4e102879b881af2dbd1628a88580cf14d9c5feacfddae1b3b691c	1
../../media/CNX_ElemAlg_Figure_05_01_006a_img_new.jpg	media/CNX_ElemAlg_Figure_05_01_006a_img_new.jpg	image/jpeg	82611	52fac1976f3672a7607db23837953bfe2082b40d6795afa7f440aea2da7bf6db	1
../../media/CNX_ElemAlg_Figure_05_01_006b_img_new.jpg	media/CNX_ElemAlg_Figure_05_01_006b_img_new.jpg	image/jpeg	84365	f947a053d77592b64eb111991e0fe76419e4fe431eb2b211d32badfc2ced1af8	1
../../media/CNX_ElemAlg_Figure_05_01_006c_img_new.jpg	media/CNX_ElemAlg_Figure_05_01_006c_img_new.jpg	image/jpeg	33343	d57c8738591d03d6a9ce89b051556bfa165081ec2ad50fe8003fa70954e73ca7	1
../../media/CNX_ElemAlg_Figure_05_01_006d_img_new.jpg	media/CNX_ElemAlg_Figure_05_01_006d_img_new.jpg	image/jpeg	83674	f7734db4b1222e56ee3cd5586281eb2741c34ed4e227762bb4636208fd730fe6	1
../../media/CNX_ElemAlg_Figure_05_01_007a_img_new.jpg	media/CNX_ElemAlg_Figure_05_01_007a_img_new.jpg	image/jpeg	50834	ce01db3f0d8029843eb00bff9a8199d27aba96381ef1734a55ed7236eb65ec6d	1
../../media/CNX_ElemAlg_Figure_05_01_007b_img_new.jpg	media/CNX_ElemAlg_Figure_05_01_007b_img_new.jpg	image/jpeg	49599	cfaeda2159fa9754d9727be5e24a55e5fb326b8559874822791db1ac857979c6	1
../../media/CNX_ElemAlg_Figure_05_01_007c_img_new.jpg	media/CNX_ElemAlg_Figure_05_01_007c_img_new.jpg	image/jpeg	86078	6125b3cc95064bd5ed6327ff02f53c5fc18361645a57f4e0fa5d7c5f6698bf72	1
../../media/CNX_ElemAlg_Figure_05_01_008a_img_new.jpg	media/CNX_ElemAlg_Figure_05_01_008a_img_new.jpg	image/jpeg	86264	28cb4e5f4592d6f397fbe3d422d015c3d71bf3a429bad228c1fb979761a08ab3	1
../../media/CNX_ElemAlg_Figure_05_01_009a_img_new.jpg	media/CNX_ElemAlg_Figure_05_01_009a_img_new.jpg	image/jpeg	54255	4a6d1e27918ccf7edafedc22302f0b04d08b7100629b9f37836b47065f580152	1
../../media/CNX_ElemAlg_Figure_05_01_009b_img_new.jpg	media/CNX_ElemAlg_Figure_05_01_009b_img_new.jpg	image/jpeg	66928	d66a268f177064378265c6a93ae5efeea9206d0e00004607380cb21ffb2aa97a	1
../../media/CNX_ElemAlg_Figure_05_01_010a_img_new.jpg	media/CNX_ElemAlg_Figure_05_01_010a_img_new.jpg	image/jpeg	52578	a3bdcce7271f7f0c7f68f29264cedd4d7590ea13fd6d79be7b02474c8d1cd079	1
../../media/CNX_ElemAlg_Figure_05_01_010b_img_new.jpg	media/CNX_ElemAlg_Figure_05_01_010b_img_new.jpg	image/jpeg	67245	a5121a4b77ffc24c1d7fcfaf08a0780e9ed870e97a5755fccb9186d9522049b1	1
../../media/CNX_ElemAlg_Figure_05_01_011_img_new.jpg	media/CNX_ElemAlg_Figure_05_01_011_img_new.jpg	image/jpeg	92458	4d01dd736ed756ebbcf19a25b298adc287ea4ecd671671b8d02e2934cbb21529	1
../../media/CNX_ElemAlg_Figure_05_01_012a_img_new.jpg	media/CNX_ElemAlg_Figure_05_01_012a_img_new.jpg	image/jpeg	50458	9c3279c97d03887b07e4b7e11ac9f1abf9c18a9d38a3907cdbc3dcd37b105ea3	1
../../media/CNX_ElemAlg_Figure_05_01_012b_img_new.jpg	media/CNX_ElemAlg_Figure_05_01_012b_img_new.jpg	image/jpeg	48781	908652267ee5a69cfa354abf7fb70de511803fca13363be3a9585e1c67f8f638	1
../../media/CNX_ElemAlg_Figure_05_01_012c_img_new.jpg	media/CNX_ElemAlg_Figure_05_01_012c_img_new.jpg	image/jpeg	53223	3174eb28b127863cd0bfdfc12b47291e9ed5af971c7097c713e71bc2ecf2dea6	1
../../media/CNX_ElemAlg_Figure_05_01_012d_img_new.jpg	media/CNX_ElemAlg_Figure_05_01_012d_img_new.jpg	image/jpeg	68263	a45068eca12ea6b52bb37d9f092b8e2a1d308737878b5e64b4dee55fe3e50922	1
../../media/CNX_ElemAlg_Figure_05_01_012e_img_new.jpg	media/CNX_ElemAlg_Figure_05_01_012e_img_new.jpg	image/jpeg	85046	e35c992875a6511272f3335f2963b187f277b5c6507a00fc11cf1006539e5837	1
../../media/CNX_ElemAlg_Figure_05_01_013a_img_new.jpg	media/CNX_ElemAlg_Figure_05_01_013a_img_new.jpg	image/jpeg	55592	cdd778406c6592bb90a9fbcb4202ae546f5792b0afacdf0967179d4664c509a8	1
../../media/CNX_ElemAlg_Figure_05_01_013b_img_new.jpg	media/CNX_ElemAlg_Figure_05_01_013b_img_new.jpg	image/jpeg	51339	b58af778eb020f8db09278f4e7106acdc44808aff00523c58fe8ec44c375d42e	1
../../media/CNX_ElemAlg_Figure_05_01_013c_img_new.jpg	media/CNX_ElemAlg_Figure_05_01_013c_img_new.jpg	image/jpeg	49175	ca0c57c9996f27227ddb7ed2338ac4a8dcc0ae33e9080edf605b8cac20d07875	1
../../media/CNX_ElemAlg_Figure_05_01_013d_img_new.jpg	media/CNX_ElemAlg_Figure_05_01_013d_img_new.jpg	image/jpeg	48713	4a16cfdb453537be7fadd0602870222bf297872ed8996b099c4f7f17422fbc92	1
../../media/CNX_ElemAlg_Figure_05_01_013e_img_new.jpg	media/CNX_ElemAlg_Figure_05_01_013e_img_new.jpg	image/jpeg	49336	627fedeb29b6992f64c0f2c0ac0650bef69272bcd52d9cad9a3982d559c247e9	1
../../media/CNX_ElemAlg_Figure_05_01_013f_img_new.jpg	media/CNX_ElemAlg_Figure_05_01_013f_img_new.jpg	image/jpeg	67334	0298e078e6d827c1a3c7ad11d06ad85bf72dfbde4f6c2ef17dde50ad7abaa5df	1
../../media/CNX_ElemAlg_Figure_05_01_013g_img_new.jpg	media/CNX_ElemAlg_Figure_05_01_013g_img_new.jpg	image/jpeg	89459	0076d99a7791297249c36b8deb83558c8c639c4d11ba139d6ac205bfa59c60a2	1
../../media/CNX_ElemAlg_Figure_05_01_014a_img_new.jpg	media/CNX_ElemAlg_Figure_05_01_014a_img_new.jpg	image/jpeg	55305	6569685f4e3d6fbc999f6cdc93acf295994e09cbd39ee4121cafc0406ff531f0	1
../../media/CNX_ElemAlg_Figure_05_01_014b_img_new.jpg	media/CNX_ElemAlg_Figure_05_01_014b_img_new.jpg	image/jpeg	59984	c93fe1a2bc997d4d45dcf5962c870bd40608a2d6a88a11864f71131382570d9d	1
../../media/CNX_ElemAlg_Figure_05_01_014c_img_new.jpg	media/CNX_ElemAlg_Figure_05_01_014c_img_new.jpg	image/jpeg	52816	095f0a3cbd15de61d15900da5190d63661c6ba3f01fcd1f253987d63f27e3c19	1
../../media/CNX_ElemAlg_Figure_05_01_014d_img_new.jpg	media/CNX_ElemAlg_Figure_05_01_014d_img_new.jpg	image/jpeg	69748	2f5f18600c361163376f6345c648ec6ccbe9fac285c2098a5d5cce9b5c13ad21	1
../../media/CNX_ElemAlg_Figure_05_01_014e_img_new.jpg	media/CNX_ElemAlg_Figure_05_01_014e_img_new.jpg	image/jpeg	83380	2b212128767380792f29aae0060d2c065f992833d47ed9a7f9e2c64cf5a1ae95	1
../../media/CNX_ElemAlg_Figure_05_01_015_img.jpg	media/CNX_ElemAlg_Figure_05_01_015_img.jpg	image/jpeg	688493	34fd0299880bc134f6308adcb2296ec1e145431909a1ab1cc2b507e01e3670f4	1
../../media/CNX_ElemAlg_Figure_05_01_015_img_new.jpg	media/CNX_ElemAlg_Figure_05_01_015_img_new.jpg	image/jpeg	80804	9c7a5be323c1dbd39649a330139fdccee2bb3c9d3890f6f2d44bc81f146f18ae	1
../../media/CNX_ElemAlg_Figure_05_01_016_img_new.jpg	media/CNX_ElemAlg_Figure_05_01_016_img_new.jpg	image/jpeg	71361	d38c4f507a3f406aa67006ea56a296b509664517f8f0e9b688e1b097b2cf8441	1
../../media/CNX_ElemAlg_Figure_05_01_017_img_new.jpg	media/CNX_ElemAlg_Figure_05_01_017_img_new.jpg	image/jpeg	56726	336a9108935928f14689c0f133ce5eff79381d1661fc1e3136ed33a366485a66	1
../../media/CNX_ElemAlg_Figure_05_01_018_img_new.jpg	media/CNX_ElemAlg_Figure_05_01_018_img_new.jpg	image/jpeg	73148	a13a898be4c15965a942d9122af81d50c0d987c854fd82e065a6ca205974d408	1
../../media/CNX_ElemAlg_Figure_05_01_019_img_new.jpg	media/CNX_ElemAlg_Figure_05_01_019_img_new.jpg	image/jpeg	95965	83f8c1e3dd2c511e6322ed22790095302c16073a5222172fd4a15e878ff6e4e1	1
../../media/CNX_ElemAlg_Figure_05_01_020_img_new.jpg	media/CNX_ElemAlg_Figure_05_01_020_img_new.jpg	image/jpeg	92610	cf5454158cebbd765dee227b262ae70ec420bea895f3ddef4344a7c4172a9485	1
../../media/CNX_ElemAlg_Figure_05_01_021_img.jpg	media/CNX_ElemAlg_Figure_05_01_021_img.jpg	image/jpeg	652333	75bcd13da95b6476740458cb28ffc718a725915241c7fc4fc11f3c4b94748017	1
../../media/CNX_ElemAlg_Figure_05_01_022_img_new.jpg	media/CNX_ElemAlg_Figure_05_01_022_img_new.jpg	image/jpeg	73533	20e3436cfe837a451c3fa7a246b4711a71bbd63351dda69a66701bba659c123c	1
../../media/CNX_ElemAlg_Figure_05_01_023_img_new.jpg	media/CNX_ElemAlg_Figure_05_01_023_img_new.jpg	image/jpeg	96651	28375c3dd2702e88196f963eab78ade8e12b30e94f9073bcbb22f746aef9dcf8	1
../../media/CNX_ElemAlg_Figure_05_01_024_img_new.jpg	media/CNX_ElemAlg_Figure_05_01_024_img_new.jpg	image/jpeg	92522	21c0074af56793a23ee2a3a595936ed13802d8366c6c081e054b8eaa88b37a8a	1
../../media/CNX_ElemAlg_Figure_05_01_201_img_new.jpg	media/CNX_ElemAlg_Figure_05_01_201_img_new.jpg	image/jpeg	72167	2bdf702d3a38900f9b99d5f2b6c702dabbb6f65375f2e8b02e4166205ba7e96f	1
../../media/CNX_ElemAlg_Figure_05_02_001a_img_new.jpg	media/CNX_ElemAlg_Figure_05_02_001a_img_new.jpg	image/jpeg	36772	056c865caf5afb13973bb80841fb3686bcdd9f8bf724da78da8ca4a0f37da118	1
../../media/CNX_ElemAlg_Figure_05_02_001b_img_new.jpg	media/CNX_ElemAlg_Figure_05_02_001b_img_new.jpg	image/jpeg	39087	e285a978d2ce0853d129d4e6f2c869b1e5043fff983fddb6605ef05fb41a6157	1
../../media/CNX_ElemAlg_Figure_05_02_001c_img_new.jpg	media/CNX_ElemAlg_Figure_05_02_001c_img_new.jpg	image/jpeg	43245	72330ff8951cce0921de7ed489131fa632074c85bc3dd98be3dc80e508f38187	1
../../media/CNX_ElemAlg_Figure_05_02_001d_img_new.jpg	media/CNX_ElemAlg_Figure_05_02_001d_img_new.jpg	image/jpeg	43512	511054fbf63af9194aa7535f4b2d1c2f72a65cd1d9c6b28ceeb5d7c45c01c609	1
../../media/CNX_ElemAlg_Figure_05_02_001e_img_new.jpg	media/CNX_ElemAlg_Figure_05_02_001e_img_new.jpg	image/jpeg	28965	24022afbd06291683846f9945a5186f586afaf724fab2e4d59c6e1ec8fcbbe56	1
../../media/CNX_ElemAlg_Figure_05_02_001f_img_new.jpg	media/CNX_ElemAlg_Figure_05_02_001f_img_new.jpg	image/jpeg	56781	482079dd103e85d430d850abbafe3b18b1e2a461f249694931bbfe641bfe807d	1
../../media/CNX_ElemAlg_Figure_05_02_002a_img_new.jpg	media/CNX_ElemAlg_Figure_05_02_002a_img_new.jpg	image/jpeg	56893	9606fd025f4d644448e4f0ead84cc746e6374a72cfe49efbee488b5ba0adf03a	1
../../media/CNX_ElemAlg_Figure_05_02_002b_img_new.jpg	media/CNX_ElemAlg_Figure_05_02_002b_img_new.jpg	image/jpeg	60553	2b8d182fd4fa3b5535d491bd751b184b478ec761384ccc0bb2accdcb6242e064	1
../../media/CNX_ElemAlg_Figure_05_02_002c_img_new.jpg	media/CNX_ElemAlg_Figure_05_02_002c_img_new.jpg	image/jpeg	53934	f30649c1e6d6e76c0fac8b9e6dcb58ab5011722444090d96394f17f313c3d4a7	1
../../media/CNX_ElemAlg_Figure_05_02_002d_img_new.jpg	media/CNX_ElemAlg_Figure_05_02_002d_img_new.jpg	image/jpeg	50878	b05e014d39c8c1fddb3c06d6f68dc0b7d6e5123fc460ae84d736532d1981fafe	1
../../media/CNX_ElemAlg_Figure_05_02_002e_img_new.jpg	media/CNX_ElemAlg_Figure_05_02_002e_img_new.jpg	image/jpeg	50115	af4762ed7c0341f81215fe3ffda27fcdea2fb56575d14a7aaa86dd430d825409	1
../../media/CNX_ElemAlg_Figure_05_02_002f_img_new.jpg	media/CNX_ElemAlg_Figure_05_02_002f_img_new.jpg	image/jpeg	65967	fbd26e583d645953331bcdbd1fdecd935ab0060a611787a6293da33ca5f33a5f	1
../../media/CNX_ElemAlg_Figure_05_02_002g_img_new.jpg	media/CNX_ElemAlg_Figure_05_02_002g_img_new.jpg	image/jpeg	54113	077609926ca9a5ced25cec4e16ae4e40f4e91dd4beb84ce6da78e28344136cbc	1
../../media/CNX_ElemAlg_Figure_05_02_002h_img_new.jpg	media/CNX_ElemAlg_Figure_05_02_002h_img_new.jpg	image/jpeg	54527	8c60f65d479fbbebc9ab0d10d5f16e901bb46997d624dcab73816ed9eb4dbc37	1
../../media/CNX_ElemAlg_Figure_05_02_003a_img_new.jpg	media/CNX_ElemAlg_Figure_05_02_003a_img_new.jpg	image/jpeg	66039	bbcc9dcf8be86807cf2c2724e66924e60fa7d0b31e19fc4e490d9389dd1054f1	1
../../media/CNX_ElemAlg_Figure_05_02_003b_img_new.jpg	media/CNX_ElemAlg_Figure_05_02_003b_img_new.jpg	image/jpeg	53735	8e8290aac0718ae65c0d68b9af0c1d9a7f24e953592290375d1869ebf36f1fca	1
../../media/CNX_ElemAlg_Figure_05_02_003c_img_new.jpg	media/CNX_ElemAlg_Figure_05_02_003c_img_new.jpg	image/jpeg	52115	a123732532d3f375a2ee630d0f9fc9ad5a1cb2bff06f9995dfc02863861fed23	1
../../media/CNX_ElemAlg_Figure_05_02_003d_img_new.jpg	media/CNX_ElemAlg_Figure_05_02_003d_img_new.jpg	image/jpeg	51601	6c7818ebeab57586e23a87b3e7cb939bbdd2897249e88ed69895a45fe7ea0776	1
../../media/CNX_ElemAlg_Figure_05_02_003e_img_new.jpg	media/CNX_ElemAlg_Figure_05_02_003e_img_new.jpg	image/jpeg	51126	8827ad59e845f0f7d3dfa37d985b467a862855884f56108683f5a69157a79d3e	1
../../media/CNX_ElemAlg_Figure_05_02_003f_img_new.jpg	media/CNX_ElemAlg_Figure_05_02_003f_img_new.jpg	image/jpeg	622641	14cb4e0d268c0a6fae02eee7c30894b04c9e146b1c507afefa6b4e396472d66b	1
../../media/CNX_ElemAlg_Figure_05_02_003g_img_new.jpg	media/CNX_ElemAlg_Figure_05_02_003g_img_new.jpg	image/jpeg	51739	928977ed304afe1081ccb6e904a9b3a839ec4b956737b5bf508d179058895e15	1
../../media/CNX_ElemAlg_Figure_05_02_003h_img_new.jpg	media/CNX_ElemAlg_Figure_05_02_003h_img_new.jpg	image/jpeg	50729	1f4db8612e1e11014e5ccefe6ced172dfb8805062343a2835d591730fc1f09ac	1
../../media/CNX_ElemAlg_Figure_05_02_003i_img_new.jpg	media/CNX_ElemAlg_Figure_05_02_003i_img_new.jpg	image/jpeg	50222	865f157700faf33c06fdbedd347bc52c4dac3cb4c69c7a239c808cc78e8106ed	1
../../media/CNX_ElemAlg_Figure_05_02_004a_img_new.jpg	media/CNX_ElemAlg_Figure_05_02_004a_img_new.jpg	image/jpeg	54493	e325c1eb8f72ff159c965f23a63309bb9534bc62b8ccbad036e98777f1fe4354	1
../../media/CNX_ElemAlg_Figure_05_02_004b_img_new.jpg	media/CNX_ElemAlg_Figure_05_02_004b_img_new.jpg	image/jpeg	65155	5af5162c4f9ed1bb618525373b04e310a32a546c12764d36784d5d4ad643e5ca	1
../../media/CNX_ElemAlg_Figure_05_02_004c_img_new.jpg	media/CNX_ElemAlg_Figure_05_02_004c_img_new.jpg	image/jpeg	57521	7a725a6dd890293313c68a75bd9bf0381a7f1faf414933a616fd2fd388aa577a	1
../../media/CNX_ElemAlg_Figure_05_02_004d_img_new.jpg	media/CNX_ElemAlg_Figure_05_02_004d_img_new.jpg	image/jpeg	55216	8acbda23fe3dda1a1bb08c1bca148280b66eb2027c031f73afa66a9a81165d65	1
../../media/CNX_ElemAlg_Figure_05_02_004e_img_new.jpg	media/CNX_ElemAlg_Figure_05_02_004e_img_new.jpg	image/jpeg	55932	53128f406e50e3fdf33619ee7907f429d77a30e7d3b7ce8ed97c7865fa9e5274	1
../../media/CNX_ElemAlg_Figure_05_02_004f_img_new.jpg	media/CNX_ElemAlg_Figure_05_02_004f_img_new.jpg	image/jpeg	57279	f2c10fdb27c4043e193a8c1976c9a08475b130b890b85c3236fa50d1c3dee3e8	1
../../media/CNX_ElemAlg_Figure_05_02_004g_img_new.jpg	media/CNX_ElemAlg_Figure_05_02_004g_img_new.jpg	image/jpeg	66803	b8534ba829e5c2d7a5e06519aaf1eba122413bce85c7e5619b5232f9907d7801	1
../../media/CNX_ElemAlg_Figure_05_02_004h_img_new.jpg	media/CNX_ElemAlg_Figure_05_02_004h_img_new.jpg	image/jpeg	52948	cf7a9d569316da70479ba4b1c1087192dc3848357f30aeec468421c19ed16eda	1
../../media/CNX_ElemAlg_Figure_05_02_004i_img_new.jpg	media/CNX_ElemAlg_Figure_05_02_004i_img_new.jpg	image/jpeg	52064	bb65464b57e749e17dea216738b9f98dd277274d087d3ed8ee21afbb6f85174f	1
../../media/CNX_ElemAlg_Figure_05_02_004j_img_new.jpg	media/CNX_ElemAlg_Figure_05_02_004j_img_new.jpg	image/jpeg	51021	042892bc85112fc5e7aa64c99861b27bd40a73406b88af84dab71ac3a353d1f9	1
../../media/CNX_ElemAlg_Figure_05_02_005a_img_new.jpg	media/CNX_ElemAlg_Figure_05_02_005a_img_new.jpg	image/jpeg	68134	102b9164c4da222fdeb379effdf2ecb6cc2520903de2ededbf37e8950fd7a100	1
../../media/CNX_ElemAlg_Figure_05_02_005b_img_new.jpg	media/CNX_ElemAlg_Figure_05_02_005b_img_new.jpg	image/jpeg	57886	7e7e2f75990daf80a6c130bb1482c1d5e2623022c646eca51ecdc3bd7a7415bc	1
../../media/CNX_ElemAlg_Figure_05_02_005c_img_new.jpg	media/CNX_ElemAlg_Figure_05_02_005c_img_new.jpg	image/jpeg	57421	2f9b4c232b527f643f695621bc50232b57a386f6b4c6ea97b0defd06a388d8f2	1
../../media/CNX_ElemAlg_Figure_05_02_005d_img_new.jpg	media/CNX_ElemAlg_Figure_05_02_005d_img_new.jpg	image/jpeg	55189	777f93aa94f81d62f03709352d13adca332bd6a5823d4fefafdc921e9733206b	1
../../media/CNX_ElemAlg_Figure_05_02_005e_img_new.jpg	media/CNX_ElemAlg_Figure_05_02_005e_img_new.jpg	image/jpeg	55863	28c0ba135dded90da15e13eea2fb10e1a44a3886f7248220957db462f0e093ff	1
../../media/CNX_ElemAlg_Figure_05_02_005f_img_new.jpg	media/CNX_ElemAlg_Figure_05_02_005f_img_new.jpg	image/jpeg	68422	183a5f3b8f46e3d959a3a1d7baf351f795656d52fa80eea544e772f78c1b4787	1
../../media/CNX_ElemAlg_Figure_05_02_005g_img_new.jpg	media/CNX_ElemAlg_Figure_05_02_005g_img_new.jpg	image/jpeg	56557	85df3e5193fc49d66020b1cac27175ca2e1fafafdbe1b92f0748585a8401399f	1
../../media/CNX_ElemAlg_Figure_05_02_005h_img_new.jpg	media/CNX_ElemAlg_Figure_05_02_005h_img_new.jpg	image/jpeg	55052	7b60614f1cb18801d8839afbac84ff8a87ec44051745dc12e83ee86f2c3e44e4	1
../../media/CNX_ElemAlg_Figure_05_02_006a_img_new.jpg	media/CNX_ElemAlg_Figure_05_02_006a_img_new.jpg	image/jpeg	57221	7edc09c41000578cdad64168cfaf3632c1940690d2075ffca13301a93b0d1e8b	1
../../media/CNX_ElemAlg_Figure_05_02_006b_img_new.jpg	media/CNX_ElemAlg_Figure_05_02_006b_img_new.jpg	image/jpeg	56416	f18436fa79a414931842b77f4af80ccb5d7f9e40b436a19d33db19e518fd4fad	1
../../media/CNX_ElemAlg_Figure_05_02_006c_img_new.jpg	media/CNX_ElemAlg_Figure_05_02_006c_img_new.jpg	image/jpeg	65288	86df85bd6d739be3b03c4cd2e244cc56b9c01c70e0f8e58ae52a27431763a22a	1
../../media/CNX_ElemAlg_Figure_05_02_006d_img_new.jpg	media/CNX_ElemAlg_Figure_05_02_006d_img_new.jpg	image/jpeg	57419	c8b11dfe5f06ee7fbc383eac9b0b8a8583fb917e36728a1d0f440c0b6ff6e5bb	1
../../media/CNX_ElemAlg_Figure_05_02_006e_img_new.jpg	media/CNX_ElemAlg_Figure_05_02_006e_img_new.jpg	image/jpeg	53749	8b34cc6ac3908977b80303ef4bae7a890db5923c5d6c18e497b402cdd7212038	1
../../media/CNX_ElemAlg_Figure_05_02_006f_img_new.jpg	media/CNX_ElemAlg_Figure_05_02_006f_img_new.jpg	image/jpeg	53002	c3194cee85af0f3d45750a2348d48925087f5c1a96d5fb84c975e64544b224a5	1
../../media/CNX_ElemAlg_Figure_05_02_006g_img_new.jpg	media/CNX_ElemAlg_Figure_05_02_006g_img_new.jpg	image/jpeg	52643	d4c45a7aae3f6b171dc94aea33ec576a7261a0ccac32487d1f465f88ee137541	1
../../media/CNX_ElemAlg_Figure_05_02_006h_img_new.jpg	media/CNX_ElemAlg_Figure_05_02_006h_img_new.jpg	image/jpeg	68522	b63f13a8693d79227461f0c6fbe681ba5dadb1a0452f3fd60eaf3f2eb90048df	1
../../media/CNX_ElemAlg_Figure_05_02_006i_img_new.jpg	media/CNX_ElemAlg_Figure_05_02_006i_img_new.jpg	image/jpeg	54924	ab630bd330a829ea2b6b584352dd0a8c118b44e23155c60aa139a02d98445e81	1
../../media/CNX_ElemAlg_Figure_05_02_006j_img_new.jpg	media/CNX_ElemAlg_Figure_05_02_006j_img_new.jpg	image/jpeg	52918	f4a9394de83b84332f0354ec23b56275e8a3b056aecec4a2a011cf7fd8fbdd0a	1
../../media/CNX_ElemAlg_Figure_05_02_006k_img_new.jpg	media/CNX_ElemAlg_Figure_05_02_006k_img_new.jpg	image/jpeg	52385	c8768affa5d9d4386b9ca0898ac6ec5d86cb4abf6c07a3868d8f3097cec68d81	1
../../media/CNX_ElemAlg_Figure_05_02_006l_img_new.jpg	media/CNX_ElemAlg_Figure_05_02_006l_img_new.jpg	image/jpeg	52794	c55f6fff4bc7009a4132a9d47a4683006213d9c8dc2cc4cfcbe151afd652aee1	1
../../media/CNX_ElemAlg_Figure_05_02_007a_img_new.jpg	media/CNX_ElemAlg_Figure_05_02_007a_img_new.jpg	image/jpeg	52692	5c3e80488f08d3ffae2c36ef5ffe39780e92fe02783e3ef3a9de2d2c0a66c06b	1
../../media/CNX_ElemAlg_Figure_05_02_007b_img_new.jpg	media/CNX_ElemAlg_Figure_05_02_007b_img_new.jpg	image/jpeg	53347	c0610834e7ae49a64f7ed61fa6b56a5d2144c0d6749c481e7c931b880387a3e5	1
../../media/CNX_ElemAlg_Figure_05_02_007c_img_new.jpg	media/CNX_ElemAlg_Figure_05_02_007c_img_new.jpg	image/jpeg	63131	4c0c8ebd974ea1b10a7718a09bfd83155d7086f71cc9984e4837dcd7e7ee6c93	1
../../media/CNX_ElemAlg_Figure_05_02_007d_img_new.jpg	media/CNX_ElemAlg_Figure_05_02_007d_img_new.jpg	image/jpeg	57210	35b87f19a031658245f34401b32c6dd37c885b59d34168adfbd56035875e4cc5	1
../../media/CNX_ElemAlg_Figure_05_02_007e_img_new.jpg	media/CNX_ElemAlg_Figure_05_02_007e_img_new.jpg	image/jpeg	52622	656d4fa23b3b14a45cc24d76b6b50243e2bc41109838a818da710748c1e8ef7f	1
../../media/CNX_ElemAlg_Figure_05_02_007f_img_new.jpg	media/CNX_ElemAlg_Figure_05_02_007f_img_new.jpg	image/jpeg	52749	fc1864dc55f3860537a4370ad129e55343f031d091c5eff1f8c2031525de3e49	1
../../media/CNX_ElemAlg_Figure_05_02_007g_img_new.jpg	media/CNX_ElemAlg_Figure_05_02_007g_img_new.jpg	image/jpeg	54043	8be913632376ea654d4a1678eb2686216abc060ae32e2418b50576a4c8524a26	1
../../media/CNX_ElemAlg_Figure_05_02_008a_img_new.jpg	media/CNX_ElemAlg_Figure_05_02_008a_img_new.jpg	image/jpeg	64836	505ab61d1ddbed29ed4e103edebe99a30cf783b20b9cf2d11858316220bbb35d	1
../../media/CNX_ElemAlg_Figure_05_02_008b_img_new.jpg	media/CNX_ElemAlg_Figure_05_02_008b_img_new.jpg	image/jpeg	56267	5770b619c3e86e0bf647e72df623c22a295210ceb7df65c15cf47392108d9965	1
../../media/CNX_ElemAlg_Figure_05_02_008c_img_new.jpg	media/CNX_ElemAlg_Figure_05_02_008c_img_new.jpg	image/jpeg	52764	75b9cdbf86e495f2172267d78fa8a33c1b038cf5464b35b5e0715acf5565570c	1
../../media/CNX_ElemAlg_Figure_05_02_008d_img_new.jpg	media/CNX_ElemAlg_Figure_05_02_008d_img_new.jpg	image/jpeg	53987	b1d59a0200f4e37f699d3a06f683fa8593960f9606c0758228ea33756f9feab3	1
../../media/CNX_ElemAlg_Figure_05_02_009b_img_new.jpg	media/CNX_ElemAlg_Figure_05_02_009b_img_new.jpg	image/jpeg	51531	134b74b9a3add0dedec61f80bae4c419cdadbfef925387041fe6e6e4d5d7cf7e	1
../../media/CNX_ElemAlg_Figure_05_02_009c_img_new.jpg	media/CNX_ElemAlg_Figure_05_02_009c_img_new.jpg	image/jpeg	51489	1ae1cbaf4bd90265f3aa43b21699d432d40b1e842af5ca567b9ea2a65ea98e0b	1
../../media/CNX_ElemAlg_Figure_05_02_009d_img_new.jpg	media/CNX_ElemAlg_Figure_05_02_009d_img_new.jpg	image/jpeg	54406	eadc6cde6e7a2f56ea1cbb59f2f12bb6ae1cd2b12ab9bdb919132e23a918975e	1
../../media/CNX_ElemAlg_Figure_05_02_009e_img_new.jpg	media/CNX_ElemAlg_Figure_05_02_009e_img_new.jpg	image/jpeg	60590	e229b003a63f4c58ea1273104067674914bdab57b6e9a211788ac2a4f9a00963	1
../../media/CNX_ElemAlg_Figure_05_02_009f_img_new.jpg	media/CNX_ElemAlg_Figure_05_02_009f_img_new.jpg	image/jpeg	52780	bd65648ac52ace601fbb7bb110da1e0a960c27d7ce375f60692638453a3bc7ab	1
../../media/CNX_ElemAlg_Figure_05_02_009g_img_new.jpg	media/CNX_ElemAlg_Figure_05_02_009g_img_new.jpg	image/jpeg	51649	55d5d09d95da305dcd519cfb1648fbb7c99a30f566aebfb788279169e01a77d0	1
../../media/CNX_ElemAlg_Figure_05_02_009h_img_new.jpg	media/CNX_ElemAlg_Figure_05_02_009h_img_new.jpg	image/jpeg	53172	295efaef5dcc4ffba3e438827d7a93912b03bec9cb0042b684b0b6904a5ec2d5	1
../../media/CNX_ElemAlg_Figure_05_02_009i_img_new.jpg	media/CNX_ElemAlg_Figure_05_02_009i_img_new.jpg	image/jpeg	60357	1de3ff29c6e81dfe61c3b46871b2f3b8627aa3e50ec4f6043a0200ff91b19862	1
../../media/CNX_ElemAlg_Figure_05_02_009j_img_new.jpg	media/CNX_ElemAlg_Figure_05_02_009j_img_new.jpg	image/jpeg	55205	9447bf2f72243bc2e5c64f6a4412e61c67c9d17a566a19d2804e93b9db843ec9	1
../../media/CNX_ElemAlg_Figure_05_02_009k_img_new.jpg	media/CNX_ElemAlg_Figure_05_02_009k_img_new.jpg	image/jpeg	54411	89f7c05b8b8a0fb7cb974debe7e30b9addcbb50f8e92a3446c4747b5996b6097	1
../../media/CNX_ElemAlg_Figure_05_02_009l_img_new.jpg	media/CNX_ElemAlg_Figure_05_02_009l_img_new.jpg	image/jpeg	54006	d07b66793c1e53b8d5d7884d90d8e92b9df299bb18d413c5087b487ca0612efc	1
../../media/CNX_ElemAlg_Figure_05_02_010a_img_new.jpg	media/CNX_ElemAlg_Figure_05_02_010a_img_new.jpg	image/jpeg	22666	0b77c171773af5129bbad5f4519bd739dbe0bff4846726c7cafdfa11ddf09d4b	1
../../media/CNX_ElemAlg_Figure_05_02_010d_img_new.jpg	media/CNX_ElemAlg_Figure_05_02_010d_img_new.jpg	image/jpeg	24672	e5b6644f1d9ac1a86f15029e97faed4ad6da522110525f9fee473a01024a8e4e	1
../../media/CNX_ElemAlg_Figure_05_02_010e_img_new.jpg	media/CNX_ElemAlg_Figure_05_02_010e_img_new.jpg	image/jpeg	24192	c33343b6ec1d07f6e05de3211d9eee89894ee345c678696005b446517d12cf3c	1
../../media/CNX_ElemAlg_Figure_05_02_010f_img_new.jpg	media/CNX_ElemAlg_Figure_05_02_010f_img_new.jpg	image/jpeg	27106	b1d14a792c1243bde3868af919c9527a2f509084199005a7cdcfc27191d99d2c	1
../../media/CNX_ElemAlg_Figure_05_02_010g_img_new.jpg	media/CNX_ElemAlg_Figure_05_02_010g_img_new.jpg	image/jpeg	35882	1591c8c000b8e3e20d8fdfd51a558674c9c49d516db35e3d3397e55a83849fd8	1
../../media/CNX_ElemAlg_Figure_05_02_010h_img_new.jpg	media/CNX_ElemAlg_Figure_05_02_010h_img_new.jpg	image/jpeg	26017	d0cbe77cc7cec9d55f784690a16a81498cd7a0a307a1d2abd10803a68b45fced	1
../../media/CNX_ElemAlg_Figure_05_02_010i_img_new.jpg	media/CNX_ElemAlg_Figure_05_02_010i_img_new.jpg	image/jpeg	24491	5ec041617cfb4dfd5fde690a11eb4faa235291114ad1871a2c6b127adfb20676	1
../../media/CNX_ElemAlg_Figure_05_02_010j_img_new.jpg	media/CNX_ElemAlg_Figure_05_02_010j_img_new.jpg	image/jpeg	24572	2686bcb663e7d019a2bb3af7399a51918c9be16998b70180b6b99412a14fffe6	1
../../media/CNX_ElemAlg_Figure_05_02_010k_img_new.jpg	media/CNX_ElemAlg_Figure_05_02_010k_img_new.jpg	image/jpeg	25712	2553011d547cd634a72555197f7c0b106317363b85c4d41b89354ee17e7f74f6	1
../../media/CNX_ElemAlg_Figure_05_02_010l_img_new.jpg	media/CNX_ElemAlg_Figure_05_02_010l_img_new.jpg	image/jpeg	33288	53575330f3b35a0edc394b533589ee076c4b6c7e927613b8422ff23fa39b8e59	1
../../media/CNX_ElemAlg_Figure_05_02_010m_img_new.jpg	media/CNX_ElemAlg_Figure_05_02_010m_img_new.jpg	image/jpeg	24355	1f2ee1f815a90a6f3803e4975418d753beb3709e3e9929731be97c1719a1b7dc	1
../../media/CNX_ElemAlg_Figure_05_02_010n_img_new.jpg	media/CNX_ElemAlg_Figure_05_02_010n_img_new.jpg	image/jpeg	24282	83845c33fc904ec04165153625303d2721f884cf66789e573e728a02464c201a	1
../../media/CNX_ElemAlg_Figure_05_02_011a_img_new.jpg	media/CNX_ElemAlg_Figure_05_02_011a_img_new.jpg	image/jpeg	25191	d62177167d58b03f7d6a266e879186c4f0c10022e6e3fccca4bd84e9aff3276e	1
../../media/CNX_ElemAlg_Figure_05_02_011c_img_new.jpg	media/CNX_ElemAlg_Figure_05_02_011c_img_new.jpg	image/jpeg	24795	93d2e8eac2e18d96e680efc91b100a9d819a233b4c40535dd3395c56227b7965	1
../../media/CNX_ElemAlg_Figure_05_02_011d_img_new.jpg	media/CNX_ElemAlg_Figure_05_02_011d_img_new.jpg	image/jpeg	24655	04fc2f402e47a460a2f5128c0b586c2633478667eaf432d5dc961f76239a3996	1
../../media/CNX_ElemAlg_Figure_05_02_011e_img_new.jpg	media/CNX_ElemAlg_Figure_05_02_011e_img_new.jpg	image/jpeg	27180	9d44a3cf141249f6ab8e52cfec01f887d0e106fd1a20bbb7b5f122852a6d6a71	1
../../media/CNX_ElemAlg_Figure_05_02_011f_img_new.jpg	media/CNX_ElemAlg_Figure_05_02_011f_img_new.jpg	image/jpeg	36847	f4006af7b75546d68b12a8262d9bc2762c2c50fdcd7adbf14ab1f9381a4973f1	1
../../media/CNX_ElemAlg_Figure_05_02_011g_img_new.jpg	media/CNX_ElemAlg_Figure_05_02_011g_img_new.jpg	image/jpeg	26356	cbad9bb9efe6f0e0ca1f6340614bb184a41ccdfb6c7c8a78df5d5176e3574fd2	1
../../media/CNX_ElemAlg_Figure_05_02_011h_img_new.jpg	media/CNX_ElemAlg_Figure_05_02_011h_img_new.jpg	image/jpeg	25011	d7741d72f37c6c584310c7fa3df0c72c9b135674062ed387587aa475ff181300	1
../../media/CNX_ElemAlg_Figure_05_02_011i_img_new.jpg	media/CNX_ElemAlg_Figure_05_02_011i_img_new.jpg	image/jpeg	25981	6478ec3ef80e6c4d0c523d932554ffc205fd81ddae5abbd70e610a04b1213500	1
../../media/CNX_ElemAlg_Figure_05_02_011j_img_new.jpg	media/CNX_ElemAlg_Figure_05_02_011j_img_new.jpg	image/jpeg	33294	4dea30f8fabaaa83b5d10e7497b33165c6ba665047c81a8c138bfd46ee026a3f	1
../../media/CNX_ElemAlg_Figure_05_02_011k_img_new.jpg	media/CNX_ElemAlg_Figure_05_02_011k_img_new.jpg	image/jpeg	22037	d3b186265f77ef2354f0d4fd7149e1abd172b30be96d6205e5c333dc9a936e58	1
../../media/CNX_ElemAlg_Figure_05_02_011l_img_new.jpg	media/CNX_ElemAlg_Figure_05_02_011l_img_new.jpg	image/jpeg	20455	13b6657311e499ae9fe50849f7779dab7d6ad3f55da521862aa5b1aebd6a7347	1
../../media/CNX_ElemAlg_Figure_05_02_012b_img_new.jpg	media/CNX_ElemAlg_Figure_05_02_012b_img_new.jpg	image/jpeg	26011	fdcc30e72ce00a2b4b55fd208499b07837ee5259f6ad4ffb500e698dfee7e534	1
../../media/CNX_ElemAlg_Figure_05_02_012c_img_new.jpg	media/CNX_ElemAlg_Figure_05_02_012c_img_new.jpg	image/jpeg	26558	c1fb6a2d5c155f345f6912d6487f0e27c38595e9ac44c7bf2f66ac571f764863	1
../../media/CNX_ElemAlg_Figure_05_02_012d_img_new.jpg	media/CNX_ElemAlg_Figure_05_02_012d_img_new.jpg	image/jpeg	32933	dc99ec6bb497b2b00d18dbe95ab2fb69e8146b44b85c891192e93e368d865732	1
../../media/CNX_ElemAlg_Figure_05_02_012e_img_new.jpg	media/CNX_ElemAlg_Figure_05_02_012e_img_new.jpg	image/jpeg	41950	38ec7db85b14228b87fd55539fe527a0a20215f2151ecba08142d0e1d45f0265	1
../../media/CNX_ElemAlg_Figure_05_02_012f_img_new.jpg	media/CNX_ElemAlg_Figure_05_02_012f_img_new.jpg	image/jpeg	28653	6e3dce133abdd9104dd4df459fd9577239beeedae7f2b38865e9390eee5ca381	1
../../media/CNX_ElemAlg_Figure_05_02_012g_img_new.jpg	media/CNX_ElemAlg_Figure_05_02_012g_img_new.jpg	image/jpeg	26842	8dbccaed4d7bfdb905407a2c3c59a8399e9cc8bf79f61daca82f7dd1f6c3ae01	1
../../media/CNX_ElemAlg_Figure_05_02_012h_img_new.jpg	media/CNX_ElemAlg_Figure_05_02_012h_img_new.jpg	image/jpeg	27242	e408eece1d06ad1acc27fbea62f1fec57a7ceb3a6e3c1475f6e41bd30db668a6	1
../../media/CNX_ElemAlg_Figure_05_02_012i_img_new.jpg	media/CNX_ElemAlg_Figure_05_02_012i_img_new.jpg	image/jpeg	27036	1fa3761225da48befb4a99fe356ef3a786f65b8e79f458b27e0ccf2b09a512d2	1
../../media/CNX_ElemAlg_Figure_05_02_201_img_new.jpg	media/CNX_ElemAlg_Figure_05_02_201_img_new.jpg	image/jpeg	46940	fc6a039004f308ff7dbfc51d942d3e8d89c8d99a7e3590b1f8fdeefdc576e844	1
../../media/CNX_ElemAlg_Figure_05_03_002_img_new.jpg	media/CNX_ElemAlg_Figure_05_03_002_img_new.jpg	image/jpeg	71438	c52851cb0caf0fc532736004f94b8a0c5c364d93381879f7c25b9d720f47ed4c	1
../../media/CNX_ElemAlg_Figure_05_03_003_img_new.jpg	media/CNX_ElemAlg_Figure_05_03_003_img_new.jpg	image/jpeg	60362	3470bf03734a1521290050058a125e3d7008d67b4796adcb66db09ae2321371a	1
../../media/CNX_ElemAlg_Figure_05_03_004a_img_new.jpg	media/CNX_ElemAlg_Figure_05_03_004a_img_new.jpg	image/jpeg	42675	6f651d1e07f437dc52daaaa09b6749366fc4fba98a7e7ef054a6f5ececc89cd8	1
../../media/CNX_ElemAlg_Figure_05_03_004b_img_new.jpg	media/CNX_ElemAlg_Figure_05_03_004b_img_new.jpg	image/jpeg	62129	87a53613efd0c754bc42280a7ad549345a176c19b557a7949b02b97c07d9db59	1
../../media/CNX_ElemAlg_Figure_05_03_004c_img_new.jpg	media/CNX_ElemAlg_Figure_05_03_004c_img_new.jpg	image/jpeg	39002	b15c880e7187ab4559eed6ac615adb9e2df357d02c79e1425eab2ae3cbb2d013	1
../../media/CNX_ElemAlg_Figure_05_03_004d_img_new.jpg	media/CNX_ElemAlg_Figure_05_03_004d_img_new.jpg	image/jpeg	27583	d3476f40a9f93e9bddd77642ea86f8c77e1f66b431cd37db07dfc0c73243393d	1
../../media/CNX_ElemAlg_Figure_05_03_004e_img_new.jpg	media/CNX_ElemAlg_Figure_05_03_004e_img_new.jpg	image/jpeg	46199	7c9c164ae5bf9cd649dcb23d9ed0d9ac68816fc0a6dc7ef85924bd4f9e19076b	1
../../media/CNX_ElemAlg_Figure_05_03_004f_img_new.jpg	media/CNX_ElemAlg_Figure_05_03_004f_img_new.jpg	image/jpeg	28888	23a53cc5e5a98e620c0eb784cadb5d10010f85c2f04c19baec5f6fdf7938a459	1
../../media/CNX_ElemAlg_Figure_05_03_004g_img_new.jpg	media/CNX_ElemAlg_Figure_05_03_004g_img_new.jpg	image/jpeg	54157	a1cf1507e972972900eff46d222e96072c2b3ac9cb8a1a6ee0ac54d8e698ebf5	1
../../media/CNX_ElemAlg_Figure_05_03_005a_img_new.jpg	media/CNX_ElemAlg_Figure_05_03_005a_img_new.jpg	image/jpeg	52410	81b1ece8c7c3f91017dfff9dc6c79ff144d597fcb95bd5256f2ee66f80681d4d	1
../../media/CNX_ElemAlg_Figure_05_03_005b_img_new.jpg	media/CNX_ElemAlg_Figure_05_03_005b_img_new.jpg	image/jpeg	55196	b73254200d5ac5eaef2a621a2399991788e6f5dfdd8c84af1e40805fde2422ba	1
../../media/CNX_ElemAlg_Figure_05_03_005c_img_new.jpg	media/CNX_ElemAlg_Figure_05_03_005c_img_new.jpg	image/jpeg	55070	4c95a0ff0a7f5a69c3f0ec40058eaeaf71d4a4e7319f7864e38b9e749820d98f	1
../../media/CNX_ElemAlg_Figure_05_03_005d_img_new.jpg	media/CNX_ElemAlg_Figure_05_03_005d_img_new.jpg	image/jpeg	50613	9a78bfc302ff72a3fed2cd2b8d92665a3bc6b4cdaa655ceecc95cd1ee16b1fdf	1
../../media/CNX_ElemAlg_Figure_05_03_005e_img_new.jpg	media/CNX_ElemAlg_Figure_05_03_005e_img_new.jpg	image/jpeg	49359	abd05f4c175bae133f6cec0ded1bdae7e36861a58e3629b1b19b1d2edecac5fa	1
../../media/CNX_ElemAlg_Figure_05_03_006a_img_new.jpg	media/CNX_ElemAlg_Figure_05_03_006a_img_new.jpg	image/jpeg	53537	23fb7eba917cfb64ab712bb328e07713ecade712aecc982d67a5dab006e40bbf	1
../../media/CNX_ElemAlg_Figure_05_03_006b_img_new.jpg	media/CNX_ElemAlg_Figure_05_03_006b_img_new.jpg	image/jpeg	55514	cd591d932aaa0d9faabaccf4043b677dd73239f0c24e483f7cd0f6bcf6bb11e6	1
../../media/CNX_ElemAlg_Figure_05_03_006c_img_new.jpg	media/CNX_ElemAlg_Figure_05_03_006c_img_new.jpg	image/jpeg	53568	dcb77d3f132737dc8e6a6cac4889827790b22c9783e6514a6525bf5db659433b	1
../../media/CNX_ElemAlg_Figure_05_03_006d_img_new.jpg	media/CNX_ElemAlg_Figure_05_03_006d_img_new.jpg	image/jpeg	55499	5588016a70a1fc4784935596bc48e7882a16451a084d0dbaec8cb6e1a2a6fbca	1
../../media/CNX_ElemAlg_Figure_05_03_006e_img_new.jpg	media/CNX_ElemAlg_Figure_05_03_006e_img_new.jpg	image/jpeg	54786	adafc4ae4a812ee637b0a7c207c73fcb8425be5c5331913c45f48267678a6062	1
../../media/CNX_ElemAlg_Figure_05_03_006f_img_new.jpg	media/CNX_ElemAlg_Figure_05_03_006f_img_new.jpg	image/jpeg	51727	0ac1e0c11e59a318f5a0f60b06bb9ab58f06cba381fcc173d0bb4cf527572801	1
../../media/CNX_ElemAlg_Figure_05_03_006g_img_new.jpg	media/CNX_ElemAlg_Figure_05_03_006g_img_new.jpg	image/jpeg	50851	fbf8e84bdd2ce823315bf784410638a5c58d50f0f7b8766b838d700ae5f47a43	1
../../media/CNX_ElemAlg_Figure_05_03_006h_img_new.jpg	media/CNX_ElemAlg_Figure_05_03_006h_img_new.jpg	image/jpeg	50383	1e47decad420ae73a6d276be6edd8bbb6b6365dedbabc306064e584068f9d8fe	1
../../media/CNX_ElemAlg_Figure_05_03_006i_img_new.jpg	media/CNX_ElemAlg_Figure_05_03_006i_img_new.jpg	image/jpeg	49990	87bce2c15488a4aec10d4b14149168120fce1b6797016de199a83eb59a9bed6f	1
../../media/CNX_ElemAlg_Figure_05_03_007a_img_new.jpg	media/CNX_ElemAlg_Figure_05_03_007a_img_new.jpg	image/jpeg	54263	ac1fd830590b7d9726649e8b543754013e929dfd26639dc619fe2cacb95b3edb	1
../../media/CNX_ElemAlg_Figure_05_03_007b_img_new.jpg	media/CNX_ElemAlg_Figure_05_03_007b_img_new.jpg	image/jpeg	57213	9e8b696aaaaf808887d961af7238bc9fd2e6d795698b368d7602e90e540f71a9	1
../../media/CNX_ElemAlg_Figure_05_03_007c_img_new.jpg	media/CNX_ElemAlg_Figure_05_03_007c_img_new.jpg	image/jpeg	54545	d525494cd16b47c349c9ea3b3ed4522857db355001a4e98686aebe459c64e82f	1
../../media/CNX_ElemAlg_Figure_05_03_007d_img_new.jpg	media/CNX_ElemAlg_Figure_05_03_007d_img_new.jpg	image/jpeg	622069	0d82e3a6d988afee080f7f657d2aba93d720290e4902e648086d8e0ccce7776d	1
../../media/CNX_ElemAlg_Figure_05_03_007e_img_new.jpg	media/CNX_ElemAlg_Figure_05_03_007e_img_new.jpg	image/jpeg	55141	325fd8ac919bb2e243f8249627388e4a898376ae2c80a82b33d3cfd9824c8388	1
../../media/CNX_ElemAlg_Figure_05_03_007f_img_new.jpg	media/CNX_ElemAlg_Figure_05_03_007f_img_new.jpg	image/jpeg	52077	873657858ac2963d30bd754120a7f8ac606b2224fd90f6222d0a86c88d7807e8	1
../../media/CNX_ElemAlg_Figure_05_03_007g_img_new.jpg	media/CNX_ElemAlg_Figure_05_03_007g_img_new.jpg	image/jpeg	50907	83946aeae16e9ae777cfa159251a1cb3d831aa214ea4da2d1ad9b94a123a158a	1
../../media/CNX_ElemAlg_Figure_05_03_007h_img_new.jpg	media/CNX_ElemAlg_Figure_05_03_007h_img_new.jpg	image/jpeg	50433	e646bd774ad369491dc4144bfa65b1453102ce5259585dfde86e0aef09c47bf0	1
../../media/CNX_ElemAlg_Figure_05_03_008a_img_new.jpg	media/CNX_ElemAlg_Figure_05_03_008a_img_new.jpg	image/jpeg	57666	409951ba73c148c8def2da88ba4b372499fe994254720cb34bf65c89994d9d63	1
../../media/CNX_ElemAlg_Figure_05_03_008b_img_new.jpg	media/CNX_ElemAlg_Figure_05_03_008b_img_new.jpg	image/jpeg	62819	4c509c2ed93f3dbc10bd26b2b2d60629bf9ba6f6e4bf9d1cf60d737470394255	1
../../media/CNX_ElemAlg_Figure_05_03_008c_img_new.jpg	media/CNX_ElemAlg_Figure_05_03_008c_img_new.jpg	image/jpeg	55239	7977120bc976567abc34fff6269fabb4ea749b7a38b0cf96074b4eb07b5dcb6e	1
../../media/CNX_ElemAlg_Figure_05_03_008d_img_new.jpg	media/CNX_ElemAlg_Figure_05_03_008d_img_new.jpg	image/jpeg	57578	c64bc28a324688bee64c9be7182d63e29421f7290f8a905bbc2505e16d3cc078	1
../../media/CNX_ElemAlg_Figure_05_03_008e_img_new.jpg	media/CNX_ElemAlg_Figure_05_03_008e_img_new.jpg	image/jpeg	63110	c4c0bf8136f75b06957a0948aa9d18ece972dd6ad332874c4e4c9ed27a4b0f52	1
../../media/CNX_ElemAlg_Figure_05_03_008f_img_new.jpg	media/CNX_ElemAlg_Figure_05_03_008f_img_new.jpg	image/jpeg	53268	22a5b1e925139a5059383ab01e81d66c648c7a675afa06858c04ac255047f680	1
../../media/CNX_ElemAlg_Figure_05_03_008g_img_new.jpg	media/CNX_ElemAlg_Figure_05_03_008g_img_new.jpg	image/jpeg	52272	057d62a29dadf194100bdc99b5c1c1480db2a77ccc5535eb3fe74fa839e945a7	1
../../media/CNX_ElemAlg_Figure_05_03_008h_img_new.jpg	media/CNX_ElemAlg_Figure_05_03_008h_img_new.jpg	image/jpeg	51570	af5be7bbfc64ec339ec74d1f4a325e803d856bd3dffa6765b7b02f1846c3e5de	1
../../media/CNX_ElemAlg_Figure_05_03_009a_img_new.jpg	media/CNX_ElemAlg_Figure_05_03_009a_img_new.jpg	image/jpeg	52506	7933d9a477dd0e8d319b50554812207e31560016b1729996715706c7d6fd9b18	1
../../media/CNX_ElemAlg_Figure_05_03_009b_img_new.jpg	media/CNX_ElemAlg_Figure_05_03_009b_img_new.jpg	image/jpeg	52797	28a25b8c89d068abfc3ad2f5428b49b8ef9220a37afa3b56af51c6962c190bc6	1
../../media/CNX_ElemAlg_Figure_05_03_009c_img_new.jpg	media/CNX_ElemAlg_Figure_05_03_009c_img_new.jpg	image/jpeg	57016	ce9f05f81cfcb37ee9edab36ac45113c5ecf724c7b724deb97b73e6d3f5eae96	1
../../media/CNX_ElemAlg_Figure_05_03_009d_img_new.jpg	media/CNX_ElemAlg_Figure_05_03_009d_img_new.jpg	image/jpeg	60848	d529ab3d1049aa0c291b8267719ab136c4fe7aa21cc38b75b8396e679135b871	1
../../media/CNX_ElemAlg_Figure_05_03_009e_img_new.jpg	media/CNX_ElemAlg_Figure_05_03_009e_img_new.jpg	image/jpeg	62183	dd3aca41e28e47f4b3d594b962f759d41b17244ef5623c03b4c4c8b8db970d88	1
../../media/CNX_ElemAlg_Figure_05_03_009f_img_new.jpg	media/CNX_ElemAlg_Figure_05_03_009f_img_new.jpg	image/jpeg	51847	8957ead782c67783f76a6feae4439925f4ca7bfb82b80848a0f31bd41e086fd4	1
../../media/CNX_ElemAlg_Figure_05_03_009g_img_new.jpg	media/CNX_ElemAlg_Figure_05_03_009g_img_new.jpg	image/jpeg	52757	e15e4108028dffd18587dbf46ad31bd43f5d2913f809a693e9fea0fbc75a0201	1
../../media/CNX_ElemAlg_Figure_05_03_009h_img_new.jpg	media/CNX_ElemAlg_Figure_05_03_009h_img_new.jpg	image/jpeg	54928	4b2e45bda1bbc0a95ffbeb4a320de7774f53aa2ce5738530a43a12180e18e5e4	1
../../media/CNX_ElemAlg_Figure_05_03_009i_img_new.jpg	media/CNX_ElemAlg_Figure_05_03_009i_img_new.jpg	image/jpeg	53339	c4ad7649d2a0edc94d20e1fc2e6bdcd412da8145efd5a35ce6d9fedbd6e6a5f8	1
../../media/CNX_ElemAlg_Figure_05_03_009j_img_new.jpg	media/CNX_ElemAlg_Figure_05_03_009j_img_new.jpg	image/jpeg	51620	e7ea99f4d461cb42ccb178f88bfcd0195e5baec3aa5628b5a550c751f0d024bd	1
../../media/CNX_ElemAlg_Figure_05_03_010_img_new.jpg	media/CNX_ElemAlg_Figure_05_03_010_img_new.jpg	image/jpeg	28192	64c07ddf322bd72b3819f07bf9ce001ea7107f15168b0d8cddc9e0be53a35c9f	1
../../media/CNX_ElemAlg_Figure_05_03_201_img_new.jpg	media/CNX_ElemAlg_Figure_05_03_201_img_new.jpg	image/jpeg	65726	a16ad0dece943d884e09b1128085c2d0aa1b2d0efc1d35bf060a7100cfbaa1cb	1
../../media/CNX_ElemAlg_Figure_05_03_202_img_new.jpg	media/CNX_ElemAlg_Figure_05_03_202_img_new.jpg	image/jpeg	63520	74d581711cd0b8a238a317bfc25111bf3842090c76d80957cbe79133095ef498	1
../../media/CNX_ElemAlg_Figure_05_04_001a_img_new.jpg	media/CNX_ElemAlg_Figure_05_04_001a_img_new.jpg	image/jpeg	45830	2bbba51927aa301efadf21e95c6d382d67b37177788a3a342c86bc7201a09d27	1
../../media/CNX_ElemAlg_Figure_05_04_001b_img_new.jpg	media/CNX_ElemAlg_Figure_05_04_001b_img_new.jpg	image/jpeg	31587	a4f71b535cb1eddcd103e7db6813d3c6d0c93d21690cc5e1211e9f5fd222613d	1
../../media/CNX_ElemAlg_Figure_05_04_001c_img_new.jpg	media/CNX_ElemAlg_Figure_05_04_001c_img_new.jpg	image/jpeg	38022	da7aea9c5f8f6dd39ab9cb0708acb49c515d456bef17a28453d6dff2a2f74f67	1
../../media/CNX_ElemAlg_Figure_05_04_001d_img_new.jpg	media/CNX_ElemAlg_Figure_05_04_001d_img_new.jpg	image/jpeg	58077	fcd0626fac8c1e6953e7497639e2450001977ab5cc058f903cf8c5056c8738ed	1
../../media/CNX_ElemAlg_Figure_05_04_002b_img_new.jpg	media/CNX_ElemAlg_Figure_05_04_002b_img_new.jpg	image/jpeg	49928	39b6b4838afd841050df4889026ae76f5ead5fd11f0aa8f84099d1b914d96dcd	1
../../media/CNX_ElemAlg_Figure_05_04_002c_img_new.jpg	media/CNX_ElemAlg_Figure_05_04_002c_img_new.jpg	image/jpeg	49699	6083b8d6fe7ba74fc16550a4db2fc9a23d44c2e7cc0e7f966994a1a219ed600d	1
../../media/CNX_ElemAlg_Figure_05_04_002d_img_new.jpg	media/CNX_ElemAlg_Figure_05_04_002d_img_new.jpg	image/jpeg	52696	cfb6587db40b6950faee9bb7a445f885136da3bfc9729956bd5a86a9826b7104	1
../../media/CNX_ElemAlg_Figure_05_04_002e_img_new.jpg	media/CNX_ElemAlg_Figure_05_04_002e_img_new.jpg	image/jpeg	60309	df4d2376313a283659d11c9b9ed767b2e5be99e10ba5ff5408a39f8477321eac	1
../../media/CNX_ElemAlg_Figure_05_04_002f_img_new.jpg	media/CNX_ElemAlg_Figure_05_04_002f_img_new.jpg	image/jpeg	51785	f131eb3cc53c4278da1d2a505ce1653aa291564256203e5def83a83461ddcb6e	1
../../media/CNX_ElemAlg_Figure_05_04_002g_img_new.jpg	media/CNX_ElemAlg_Figure_05_04_002g_img_new.jpg	image/jpeg	50264	ba27339fc950325d3bf042e89ef4722bda828e5ca7eb492a71d3e27c853b540a	1
../../media/CNX_ElemAlg_Figure_05_04_002h_img_new.jpg	media/CNX_ElemAlg_Figure_05_04_002h_img_new.jpg	image/jpeg	49287	fedf1bd4e0e14f3456fdccf94d8cdf53d928cad62c97ce3d050ec5c79d3b0cb9	1
../../media/CNX_ElemAlg_Figure_05_04_002i_img_new.jpg	media/CNX_ElemAlg_Figure_05_04_002i_img_new.jpg	image/jpeg	54022	f52229a5ace0e21dc673f3fdc5180744372d56dd5206da4aa7124f34058a5c4a	1
../../media/CNX_ElemAlg_Figure_05_04_002j_img_new.jpg	media/CNX_ElemAlg_Figure_05_04_002j_img_new.jpg	image/jpeg	50694	02f8bf5c0a52824e63c85f4430f446912354374ec17c49d80c99c6b955e3e0ff	1
../../media/CNX_ElemAlg_Figure_05_04_002k_img_new.jpg	media/CNX_ElemAlg_Figure_05_04_002k_img_new.jpg	image/jpeg	49081	71cf65a36297d715c7c6ec4e2c3ac38d940db3925892485236b82b51136d2104	1
../../media/CNX_ElemAlg_Figure_05_04_003a_img_new.jpg	media/CNX_ElemAlg_Figure_05_04_003a_img_new.jpg	image/jpeg	61149	fb645d8eb2ea9a2c528ec96504eb1faf7a5954c2e90fd62af922831578561400	1
../../media/CNX_ElemAlg_Figure_05_04_003d_img_new.jpg	media/CNX_ElemAlg_Figure_05_04_003d_img_new.jpg	image/jpeg	50874	589b849ff31990e4746e0b445c08f1ba4836d4540548e2dbe910cf622743b27f	1
../../media/CNX_ElemAlg_Figure_05_04_003e_img_new.jpg	media/CNX_ElemAlg_Figure_05_04_003e_img_new.jpg	image/jpeg	51303	5b881d0769bdeb8d3946c8a12ca4b093893c937d8781635f9cde05db3ed2e0b8	1
../../media/CNX_ElemAlg_Figure_05_04_003f_img_new.jpg	media/CNX_ElemAlg_Figure_05_04_003f_img_new.jpg	image/jpeg	55331	e9a1ebc678cc7fa036d6d644d9144e9cc3d648bbc4e3984307c161f75a928f4e	1
../../media/CNX_ElemAlg_Figure_05_04_003g_img_new.jpg	media/CNX_ElemAlg_Figure_05_04_003g_img_new.jpg	image/jpeg	57742	d2ad7a81ef0a5b17b11f62c88139b920a14847f667a37739bf4a193e7234e865	1
../../media/CNX_ElemAlg_Figure_05_04_003h_img_new.jpg	media/CNX_ElemAlg_Figure_05_04_003h_img_new.jpg	image/jpeg	60186	9c88fc449815c8e33f6a6e83de7459de59861930c9b385ea956f97fe8f18a68b	1
../../media/CNX_ElemAlg_Figure_05_04_003i_img_new.jpg	media/CNX_ElemAlg_Figure_05_04_003i_img_new.jpg	image/jpeg	53037	bb7da2730dd58c26f8d1dd26c51a619537ae48d44b914b1f78bdd2a1f0bc32f0	1
../../media/CNX_ElemAlg_Figure_05_04_003j_img_new.jpg	media/CNX_ElemAlg_Figure_05_04_003j_img_new.jpg	image/jpeg	54785	04ffe756478a2e59af995a946c2968582bdcfc04fc4de22d8f51efcc3d24b6ef	1
../../media/CNX_ElemAlg_Figure_05_04_003k_img_new.jpg	media/CNX_ElemAlg_Figure_05_04_003k_img_new.jpg	image/jpeg	53829	91d7d564845606772c8e5299b0293a46b52e4afee0d105496b3e9d20ffb759e0	1
../../media/CNX_ElemAlg_Figure_05_04_003l_img_new.jpg	media/CNX_ElemAlg_Figure_05_04_003l_img_new.jpg	image/jpeg	53233	4e96f0c3d4a77da6e20bc541846b44f6bc6b55d9d27f956bb0e97cd1720fb672	1
../../media/CNX_ElemAlg_Figure_05_04_003m_img_new.jpg	media/CNX_ElemAlg_Figure_05_04_003m_img_new.jpg	image/jpeg	53450	785cf24df9c8099b5e9325e374248e4723bee9083cc270436a08f97b83fdcbf8	1
../../media/CNX_ElemAlg_Figure_05_04_004b_img_new.jpg	media/CNX_ElemAlg_Figure_05_04_004b_img_new.jpg	image/jpeg	50001	7e24c1e404fe557ea03709a42c2f1eb909f646842fc3b75bf4fefa576ceb4c2f	1
../../media/CNX_ElemAlg_Figure_05_04_004c_img_new.jpg	media/CNX_ElemAlg_Figure_05_04_004c_img_new.jpg	image/jpeg	50256	216d588c6c81d58ef6ff6f60d63cab660a9df8cb1547c1190c0db0084012d73f	1
../../media/CNX_ElemAlg_Figure_05_04_004d_img_new.jpg	media/CNX_ElemAlg_Figure_05_04_004d_img_new.jpg	image/jpeg	59364	cb6a5962582ecd1deb5450d21fd38f9e4fa49fcef732794fc2506c6eb17e94ce	1
../../media/CNX_ElemAlg_Figure_05_04_004e_img_new.jpg	media/CNX_ElemAlg_Figure_05_04_004e_img_new.jpg	image/jpeg	56109	bc6183db069fefd6f5a47e637f98a7535c7a2ea71acbb5f83d05639576da4cdc	1
../../media/CNX_ElemAlg_Figure_05_04_004f_img_new.jpg	media/CNX_ElemAlg_Figure_05_04_004f_img_new.jpg	image/jpeg	51828	5b7736a37bcaaf3f7642fe1da550e72653acf00041ffcb6f48a00ea1e1dc4546	1
../../media/CNX_ElemAlg_Figure_05_04_004g_img_new.jpg	media/CNX_ElemAlg_Figure_05_04_004g_img_new.jpg	image/jpeg	51740	bd38d115a75bb9626774549323e74d5db1c6e87eda12d047a71c0e2d8d8836f4	1
../../media/CNX_ElemAlg_Figure_05_04_004h_img_new.jpg	media/CNX_ElemAlg_Figure_05_04_004h_img_new.jpg	image/jpeg	55937	c517431bfa792697e903faf4fcf5a42f95af33e12e0d045d968d983ee14e280c	1
../../media/CNX_ElemAlg_Figure_05_04_004i_img_new.jpg	media/CNX_ElemAlg_Figure_05_04_004i_img_new.jpg	image/jpeg	53785	a90d56eb70f9c0e8d9a40ed1febbb759edfa193d0c9befea94016b631226fe1f	1
../../media/CNX_ElemAlg_Figure_05_04_004j_img_new.jpg	media/CNX_ElemAlg_Figure_05_04_004j_img_new.jpg	image/jpeg	53482	520426a076994d75e1f113604f68e4b486d6705a8f4e087d67884929c29683e9	1
../../media/CNX_ElemAlg_Figure_05_04_004k_img_new.jpg	media/CNX_ElemAlg_Figure_05_04_004k_img_new.jpg	image/jpeg	53308	23aeaceafbe4f17d42ae5e7b69b8079c0f2c052cf52a40bd291ad7b45bdb4747	1
../../media/CNX_ElemAlg_Figure_05_04_005a_img_new.jpg	media/CNX_ElemAlg_Figure_05_04_005a_img_new.jpg	image/jpeg	41841	77a43d79fb4bc48aec8bb041495422a7586541c1077d0aee4b8b29a0f8017731	1
../../media/CNX_ElemAlg_Figure_05_04_005b_img_new.jpg	media/CNX_ElemAlg_Figure_05_04_005b_img_new.jpg	image/jpeg	24642	d710df985643031d3a02077831a32f42c1b5ca2eb64bda3f20f41e79a343adb1	1
../../media/CNX_ElemAlg_Figure_05_04_005c_img_new.jpg	media/CNX_ElemAlg_Figure_05_04_005c_img_new.jpg	image/jpeg	24635	8b0eeed9fd3cce5d5f7afc227e2f74b3d37b39730ee65f3e676b680c67bb2ced	1
../../media/CNX_ElemAlg_Figure_05_04_005d_img_new.jpg	media/CNX_ElemAlg_Figure_05_04_005d_img_new.jpg	image/jpeg	37803	c659442ade592252dac6b2ee2de056cf8fdee4a4a65fd996f7774dbbbac8e0bb	1
../../media/CNX_ElemAlg_Figure_05_04_005e_img_new.jpg	media/CNX_ElemAlg_Figure_05_04_005e_img_new.jpg	image/jpeg	26284	98f1b36bb3894c391b5f51da79ca8ded549400e1f34c742eb3437aca3b545b18	1
../../media/CNX_ElemAlg_Figure_05_04_005f_img_new.jpg	media/CNX_ElemAlg_Figure_05_04_005f_img_new.jpg	image/jpeg	24870	e7215c14fd692c8f4fca81d00ae073d83141f6a3c5c3eb9f9593408ba2e2631c	1
../../media/CNX_ElemAlg_Figure_05_04_005g_img_new.jpg	media/CNX_ElemAlg_Figure_05_04_005g_img_new.jpg	image/jpeg	25173	4c54782c99e4b7c067220ba4ed2d194eb12992df648b2c2b775351546424fe4d	1
../../media/CNX_ElemAlg_Figure_05_04_005h_img_new.jpg	media/CNX_ElemAlg_Figure_05_04_005h_img_new.jpg	image/jpeg	32084	b09c89a51d4aec560f53c5a075e1ce0baa9865ec26727d59a79e524168496c0d	1
../../media/CNX_ElemAlg_Figure_05_04_005i_img_new.jpg	media/CNX_ElemAlg_Figure_05_04_005i_img_new.jpg	image/jpeg	25126	9139b5f4b60f423f48d9e8cf05acbab5d1c52ef074bfbc1ef0ecfca47142bc16	1
../../media/CNX_ElemAlg_Figure_05_04_005j_img_new.jpg	media/CNX_ElemAlg_Figure_05_04_005j_img_new.jpg	image/jpeg	24315	a38a1d1ca6e833debc71818f146cdf807ff448d303ca2a00a125aaf0d87925fb	1
../../media/CNX_ElemAlg_Figure_05_04_005k_img_new.jpg	media/CNX_ElemAlg_Figure_05_04_005k_img_new.jpg	image/jpeg	25209	74c3c768eed629ea1dc381c1f76b02e69868a3058a7895e00df88418ed6b2419	1
../../media/CNX_ElemAlg_Figure_05_04_006_img_new.jpg	media/CNX_ElemAlg_Figure_05_04_006_img_new.jpg	image/jpeg	31428	f6129774d37cee4d85f15082d208fd9509f464041a8dee380fa8d54f215217c7	1
../../media/CNX_ElemAlg_Figure_05_04_007_img_new.jpg	media/CNX_ElemAlg_Figure_05_04_007_img_new.jpg	image/jpeg	53324	6cf973e6f61ac9700c291a5ac9a62547f63a0d89bfe4c2b254d6f1ab0c664b74	1
../../media/CNX_ElemAlg_Figure_05_04_008_img_new.jpg	media/CNX_ElemAlg_Figure_05_04_008_img_new.jpg	image/jpeg	53259	d6756b055381d75ec6bc8bf249bbf10049f28ef180f32c7b0e528ca1fd5a771b	1
../../media/CNX_ElemAlg_Figure_05_04_009_img_new.jpg	media/CNX_ElemAlg_Figure_05_04_009_img_new.jpg	image/jpeg	32236	d641b840c3d818ae5321003cbb6acdd340768f53a4b5d54d2a293e05a1747226	1
../../media/CNX_ElemAlg_Figure_05_04_010a_img_new.jpg	media/CNX_ElemAlg_Figure_05_04_010a_img_new.jpg	image/jpeg	44339	f8c0d61600261aa63843cecfa34cec417b37d7dc51e263c3bac192b57363a3ce	1
../../media/CNX_ElemAlg_Figure_05_04_010b_img_new.jpg	media/CNX_ElemAlg_Figure_05_04_010b_img_new.jpg	image/jpeg	29544	0ee93ff61414400e21d21b6b71bc250003471f5a6742cd0edd26e5cda55c5181	1
../../media/CNX_ElemAlg_Figure_05_04_010c_img_new.jpg	media/CNX_ElemAlg_Figure_05_04_010c_img_new.jpg	image/jpeg	28523	c02fb3bc4649ba35545fae2cb3b283c695a7fcd4e54a7030f0c1ee45e9863621	1
../../media/CNX_ElemAlg_Figure_05_04_010d_img_new.jpg	media/CNX_ElemAlg_Figure_05_04_010d_img_new.jpg	image/jpeg	26015	a80f6cf6827f50308783da31ce7406077457d92a5cb1037006165adbc37e8849	1
../../media/CNX_ElemAlg_Figure_05_04_010e_img_new.jpg	media/CNX_ElemAlg_Figure_05_04_010e_img_new.jpg	image/jpeg	24530	1c324b09bed6b52fcfff27d9a2f4c720524cc42a4e640e0d03e99ae871adb4e4	1
../../media/CNX_ElemAlg_Figure_05_04_010f_img_new.jpg	media/CNX_ElemAlg_Figure_05_04_010f_img_new.jpg	image/jpeg	24531	b2ab8252a41a6bbdd6beb0a110ea178d80adecf2703fde3669fd82d6c1a035bb	1
../../media/CNX_ElemAlg_Figure_05_04_010g_img_new.jpg	media/CNX_ElemAlg_Figure_05_04_010g_img_new.jpg	image/jpeg	22838	a1c3f1112253f0141f04d720e8083c872eda00c0c4fe193cde5fbba5d3d5326c	1
../../media/CNX_ElemAlg_Figure_05_04_010h_img_new.jpg	media/CNX_ElemAlg_Figure_05_04_010h_img_new.jpg	image/jpeg	22060	979bbbdbaf743e041c67d1a91f37b0cd36ae37efa3d32d305be4d300c3ad7c79	1
../../media/CNX_ElemAlg_Figure_05_04_010i_img.jpg	media/CNX_ElemAlg_Figure_05_04_010i_img.jpg	image/jpeg	25102	4102e16c95f8ce3d8a5ebebc5370adb4161114719d4f7f609d83ed981a1de214	1
../../media/CNX_ElemAlg_Figure_05_04_011_img_new.jpg	media/CNX_ElemAlg_Figure_05_04_011_img_new.jpg	image/jpeg	35117	f825f5f6a7ea7acb76f60d6ac75524e3b44346dae30933278a6e18b465708fe1	1
../../media/CNX_ElemAlg_Figure_05_04_012a_img_new.jpg	media/CNX_ElemAlg_Figure_05_04_012a_img_new.jpg	image/jpeg	46478	77ad118257b83dece0fbc78ddf7e7d4ec7d51c0129e9da2ff1567e3472eb3e0f	1
../../media/CNX_ElemAlg_Figure_05_04_012b_img_new.jpg	media/CNX_ElemAlg_Figure_05_04_012b_img_new.jpg	image/jpeg	30311	38c83decd73b29ab950883f1af655173f5a96145445eba22bd7bfb86e7283608	1
../../media/CNX_ElemAlg_Figure_05_04_012c_img_new.jpg	media/CNX_ElemAlg_Figure_05_04_012c_img_new.jpg	image/jpeg	26580	97a8fdcfbf85a7d25f6a622000eb4ef2d3ce33c6d2f77385be448d3933f946b9	1
../../media/CNX_ElemAlg_Figure_05_04_012d_img_new.jpg	media/CNX_ElemAlg_Figure_05_04_012d_img_new.jpg	image/jpeg	25745	1719e6ba4c631bef4eb9fb3387bfa9578f04f3b6652136399367a38e15a66e79	1
../../media/CNX_ElemAlg_Figure_05_04_012e_img_new.jpg	media/CNX_ElemAlg_Figure_05_04_012e_img_new.jpg	image/jpeg	25837	059e8c56f27ce6da6dc55824ce31799f75fd12c2ad218e03e272f5086f43d3d3	1
../../media/CNX_ElemAlg_Figure_05_04_012f_img_new.jpg	media/CNX_ElemAlg_Figure_05_04_012f_img_new.jpg	image/jpeg	24367	7e7a4e759a89730f621c546f01c8a6682b4e0aa3faa68cd317470112d0d6043f	1
../../media/CNX_ElemAlg_Figure_05_04_012g_img_new.jpg	media/CNX_ElemAlg_Figure_05_04_012g_img_new.jpg	image/jpeg	23330	bcdc6672cdfb521fe6d323741a4cbb760b50a88979132c81810de79cbe5a038b	1
../../media/CNX_ElemAlg_Figure_05_04_012h_img_new.jpg	media/CNX_ElemAlg_Figure_05_04_012h_img_new.jpg	image/jpeg	25050	6ab98aea7c2e134c4d80687f5fc5e0e1d9de8a2472157bdbd186e582bf54170c	1
../../media/CNX_ElemAlg_Figure_05_04_013a_img_new.jpg	media/CNX_ElemAlg_Figure_05_04_013a_img_new.jpg	image/jpeg	71611	ce9690347ec207c0691588ca0386fbb68588b5a988175d73fccf5a8ac8c349a6	1
../../media/CNX_ElemAlg_Figure_05_04_013b_img_new.jpg	media/CNX_ElemAlg_Figure_05_04_013b_img_new.jpg	image/jpeg	55730	69feb8b92f97e93d1405a76dd66e7e052d568e5cbfbc0d9182acfbef8737ee47	1
../../media/CNX_ElemAlg_Figure_05_04_013c_img.jpg	media/CNX_ElemAlg_Figure_05_04_013c_img.jpg	image/jpeg	621468	22557ba7f46b74a0da4260ed800c4522c5a150c0b7f5a142953f0b363b94bf86	1
../../media/CNX_ElemAlg_Figure_05_04_013d_img_new.jpg	media/CNX_ElemAlg_Figure_05_04_013d_img_new.jpg	image/jpeg	53987	9e69eecefc233a58214a014e2627bbe4612f4cb9f75e9482769955901b5f23b8	1
../../media/CNX_ElemAlg_Figure_05_04_013e_img_new.jpg	media/CNX_ElemAlg_Figure_05_04_013e_img_new.jpg	image/jpeg	54091	131f1979888f0a59fefabdbe7418f7da7a4b5ce2f8892dae9c5856548086cad2	1
../../media/CNX_ElemAlg_Figure_05_04_013f_img_new.jpg	media/CNX_ElemAlg_Figure_05_04_013f_img_new.jpg	image/jpeg	53226	7f643b79faae7f27c2f67be526d2a9678daed6e828f44772389a559f69fe48fe	1
../../media/CNX_ElemAlg_Figure_05_04_013g_img_new.jpg	media/CNX_ElemAlg_Figure_05_04_013g_img_new.jpg	image/jpeg	52392	4569853294519480b62a29de310e783a9f5ad46815b0e66764104d251d630981	1
../../media/CNX_ElemAlg_Figure_05_04_013h_img_new.jpg	media/CNX_ElemAlg_Figure_05_04_013h_img_new.jpg	image/jpeg	53273	69db5ad290016c33f109213600088f6bb8ba5c3ebe4a0c291267d127a92bce1e	1
../../media/CNX_ElemAlg_Figure_05_04_013i_img_new.jpg	media/CNX_ElemAlg_Figure_05_04_013i_img_new.jpg	image/jpeg	53289	e004a08224935f6670900f219f3a3e1db303be10e59fbf116a8ede21f452a2b9	1
../../media/CNX_ElemAlg_Figure_05_04_013j_img_new.jpg	media/CNX_ElemAlg_Figure_05_04_013j_img_new.jpg	image/jpeg	54715	5d020dde95f36f48337c60484bc990652d9323aa3f80b6a0521f89dc4fe984a8	1
../../media/CNX_ElemAlg_Figure_05_04_201_img_new.jpg	media/CNX_ElemAlg_Figure_05_04_201_img_new.jpg	image/jpeg	66220	9b5a4b65bb2c9772e5c7e0ac8b31aa9e38315902e03e8a3b82fa4f5c95a483da	1
../../media/CNX_ElemAlg_Figure_05_05_001a_img_new.jpg	media/CNX_ElemAlg_Figure_05_05_001a_img_new.jpg	image/jpeg	47366	c5cf2a0e70e8aa5d344427cd94083ffca16959fdc7c0bbb89f770ae3c869d5cd	1
../../media/CNX_ElemAlg_Figure_05_05_001b_img_new.jpg	media/CNX_ElemAlg_Figure_05_05_001b_img_new.jpg	image/jpeg	23837	1bf144191706c419cf7adbf34296ab45166254da0c8ff24ad51ac44cd17f18d5	1
../../media/CNX_ElemAlg_Figure_05_05_001c_img_new.jpg	media/CNX_ElemAlg_Figure_05_05_001c_img_new.jpg	image/jpeg	25012	8850c2e8fcab2b4e3d9b0b3a6bd90b3250edbcd36420cd3793b935a28a22b6c6	1
../../media/CNX_ElemAlg_Figure_05_05_001d_img_new.jpg	media/CNX_ElemAlg_Figure_05_05_001d_img_new.jpg	image/jpeg	27261	554dfd1af482a0bad06f9664ac2ca18649ea4392ee22cc89e6f09a39fb373961	1
../../media/CNX_ElemAlg_Figure_05_05_001e_img_new.jpg	media/CNX_ElemAlg_Figure_05_05_001e_img_new.jpg	image/jpeg	25996	dadfacb960de110575edcc441d741925168e61aaaaaefc0ad10a9c2b8535d7ce	1
../../media/CNX_ElemAlg_Figure_05_05_001f_img_new.jpg	media/CNX_ElemAlg_Figure_05_05_001f_img_new.jpg	image/jpeg	22104	39c69a2e75997b63141e1e345fddb61e8c65d72d9b9066003fe9b51cd1f0d08b	1
../../media/CNX_ElemAlg_Figure_05_05_001g_img_new.jpg	media/CNX_ElemAlg_Figure_05_05_001g_img_new.jpg	image/jpeg	20886	05a32f1a53a03727d87364930d646a183dc7a554e725ffacde19c3e60631a021	1
../../media/CNX_ElemAlg_Figure_05_05_002a_img_new.jpg	media/CNX_ElemAlg_Figure_05_05_002a_img_new.jpg	image/jpeg	55634	0a66a61360ce8d2e426a14fe4ec8b49377ff1f6ecefeddb7964c55ba4a024cb2	1
../../media/CNX_ElemAlg_Figure_05_05_002b_img_new.jpg	media/CNX_ElemAlg_Figure_05_05_002b_img_new.jpg	image/jpeg	25132	2210517596c60ece67624bd3af10a4db1fc0579a9876edadca8d1d1a8cb5737f	1
../../media/CNX_ElemAlg_Figure_05_05_002c_img_new.jpg	media/CNX_ElemAlg_Figure_05_05_002c_img_new.jpg	image/jpeg	25002	0763c2fa54991d7660e7e3403bdd60454fc7e81c196c890bd92ddcb6cf67f638	1
../../media/CNX_ElemAlg_Figure_05_05_002d_img_new.jpg	media/CNX_ElemAlg_Figure_05_05_002d_img_new.jpg	image/jpeg	27889	688f069bc0ca75c4ed35e69cd6a1ac2a5f17da2189a7e06a5d01b86ed2279b3a	1
../../media/CNX_ElemAlg_Figure_05_05_002e_img_new.jpg	media/CNX_ElemAlg_Figure_05_05_002e_img_new.jpg	image/jpeg	25105	9e33618ce6d6234055615bcfcbb4f10a3906bdb4d30f6aa09df79f3d00541066	1
../../media/CNX_ElemAlg_Figure_05_05_002f_img_new.jpg	media/CNX_ElemAlg_Figure_05_05_002f_img_new.jpg	image/jpeg	26895	8c4e1dea524efe0916c8977431f5ddeea2ec53e704f7b3348f0e887e243c3f96	1
../../media/CNX_ElemAlg_Figure_05_05_002g_img_new.jpg	media/CNX_ElemAlg_Figure_05_05_002g_img_new.jpg	image/jpeg	25332	6f782f80a4a6323621e6a31ddb01a306a600244f16823dc56b9806b22493abcb	1
../../media/CNX_ElemAlg_Figure_05_05_002h_img_new.jpg	media/CNX_ElemAlg_Figure_05_05_002h_img_new.jpg	image/jpeg	24606	cd9dbf0ea2190307cdf54855395c0ca0d15f0c5b30f7706eead76b4fb7f42003	1
../../media/CNX_ElemAlg_Figure_05_05_002i_img_new.jpg	media/CNX_ElemAlg_Figure_05_05_002i_img_new.jpg	image/jpeg	25364	294d2aefbe4a8fd8b82c721af9ae4a58346e11f3a16e3e90377a2ac82775c712	1
../../media/CNX_ElemAlg_Figure_05_05_002j_img_new.jpg	media/CNX_ElemAlg_Figure_05_05_002j_img_new.jpg	image/jpeg	25596	71004554e35c8c95c81f3a4d2449feac794873b3f8aba5c9128eab5ffb6c8923	1
../../media/CNX_ElemAlg_Figure_05_05_002k_img_new.jpg	media/CNX_ElemAlg_Figure_05_05_002k_img_new.jpg	image/jpeg	24963	55a6b36cbbb0a670a01b3cc4fc2cc2b45c952a0fa64f714b6b79e548ef99ee73	1
../../media/CNX_ElemAlg_Figure_05_05_002l_img_new.jpg	media/CNX_ElemAlg_Figure_05_05_002l_img_new.jpg	image/jpeg	24961	1f2dbf3f96208efc23f4bf2122c020194fc87e06a22511cf4e15404f0eeca316	1
../../media/CNX_ElemAlg_Figure_05_05_002m_img_new.jpg	media/CNX_ElemAlg_Figure_05_05_002m_img_new.jpg	image/jpeg	24968	3ec0217dd1f061f4ab9ea19e58105963c5c29dc95cef2182a7a12c846b092e1e	1
../../media/CNX_ElemAlg_Figure_05_05_003a_img_new.jpg	media/CNX_ElemAlg_Figure_05_05_003a_img_new.jpg	image/jpeg	71496	d71b893ec10ed3e8f595226e30dc4e4a2ab4e0b0607d5759837248a3bfd944cc	1
../../media/CNX_ElemAlg_Figure_05_05_003b_img_new.jpg	media/CNX_ElemAlg_Figure_05_05_003b_img_new.jpg	image/jpeg	23482	471f94721a0d937257e7c6372c6b4f92c54ed61d3bbf58e24ed8c8a040484f6c	1
../../media/CNX_ElemAlg_Figure_05_05_003c_img_new.jpg	media/CNX_ElemAlg_Figure_05_05_003c_img_new.jpg	image/jpeg	24377	f233fb8791e294ed0bebe9575c34edda0ca43f6e316ebc6d6a23a13e19575aa4	1
../../media/CNX_ElemAlg_Figure_05_05_003d_img_new.jpg	media/CNX_ElemAlg_Figure_05_05_003d_img_new.jpg	image/jpeg	25587	aaa26e5f45af4f7d6c75a66a2f8c66e3efb9cc7d24168a485332b3af59530583	1
../../media/CNX_ElemAlg_Figure_05_05_003e_img_new.jpg	media/CNX_ElemAlg_Figure_05_05_003e_img_new.jpg	image/jpeg	20424	2ae2b39293e85b33b1078fda92b217eba4cb3bb29a95091352906024d8ce61e5	1
../../media/CNX_ElemAlg_Figure_05_05_003f_img_new.jpg	media/CNX_ElemAlg_Figure_05_05_003f_img_new.jpg	image/jpeg	20973	98da7d4853a81a974d91617ca11cb77135f024849ec9dd074ac61acf51505e16	1
../../media/CNX_ElemAlg_Figure_05_05_003g_img_new.jpg	media/CNX_ElemAlg_Figure_05_05_003g_img_new.jpg	image/jpeg	21034	7939602217a330c7e2b0e7f5eb3f8075ba34e0046fd8ac1b493a4dec991de00b	1
../../media/CNX_ElemAlg_Figure_05_05_004a_img_new.jpg	media/CNX_ElemAlg_Figure_05_05_004a_img_new.jpg	image/jpeg	45217	3683c6627b39400f045dde96e448cc8e76192b8994559ffea5c49bdebe461bb2	1
../../media/CNX_ElemAlg_Figure_05_05_004b_img_new.jpg	media/CNX_ElemAlg_Figure_05_05_004b_img_new.jpg	image/jpeg	67713	7e43359986dc754574a0cd659a218babce83b6de1b2bbb44c0a81628a301f976	1
../../media/CNX_ElemAlg_Figure_05_05_004c_img_new.jpg	media/CNX_ElemAlg_Figure_05_05_004c_img_new.jpg	image/jpeg	29297	b562603d85cd20cef799a46d11c3a0b966c3e5bdfc2daa23592b87380a52f23d	1
../../media/CNX_ElemAlg_Figure_05_05_004d_img_new.jpg	media/CNX_ElemAlg_Figure_05_05_004d_img_new.jpg	image/jpeg	31976	bec6415fc30c1992086899663b251e12092b9ded8fcd8e514ddcbcdfb00d65c3	1
../../media/CNX_ElemAlg_Figure_05_05_004e_img_new.jpg	media/CNX_ElemAlg_Figure_05_05_004e_img_new.jpg	image/jpeg	37420	210f6976b9be051e4db976512f45f095787f568691af82bdd548377dd9cb4778	1
../../media/CNX_ElemAlg_Figure_05_05_004f_img_new.jpg	media/CNX_ElemAlg_Figure_05_05_004f_img_new.jpg	image/jpeg	25980	ccd633535fd724c2c0d85c4ada4e2e2a687973fe8d2e05e33463900aa5d77c87	1
../../media/CNX_ElemAlg_Figure_05_05_004g_img_new.jpg	media/CNX_ElemAlg_Figure_05_05_004g_img_new.jpg	image/jpeg	27412	731d5740eaf72315f0558ded7d21c0ce8d50859602f0d0550ce728126a81b311	1
../../media/CNX_ElemAlg_Figure_05_05_004h_img_new.jpg	media/CNX_ElemAlg_Figure_05_05_004h_img_new.jpg	image/jpeg	26101	ebd4a706b85e0a4fb660ea135ffa5402ff461d3febfc7e59ff30e3d7d8cb2d30	1
../../media/CNX_ElemAlg_Figure_05_05_005a_img_new.jpg	media/CNX_ElemAlg_Figure_05_05_005a_img_new.jpg	image/jpeg	65581	8ba088b2504fb64b70968309830c2d1fdd4ed944d23efbdc3371f1e1fb224a7a	1
../../media/CNX_ElemAlg_Figure_05_05_005b_img_new.jpg	media/CNX_ElemAlg_Figure_05_05_005b_img_new.jpg	image/jpeg	28513	f1bfed94cd706bea04221e9dccf1bbe232623c8ae8e21a3aa4bf04ca4b0b149e	1
../../media/CNX_ElemAlg_Figure_05_05_005c_img_new.jpg	media/CNX_ElemAlg_Figure_05_05_005c_img_new.jpg	image/jpeg	31743	06d1c9fcb4a15415a8dc3c21090410ece4da90cba8762143bfe82dad21de9b65	1
../../media/CNX_ElemAlg_Figure_05_05_005d_img_new.jpg	media/CNX_ElemAlg_Figure_05_05_005d_img_new.jpg	image/jpeg	34968	f78f31d3db2c252ad5eab2438d03cdef95fdc884da3103351432616696019477	1
../../media/CNX_ElemAlg_Figure_05_05_005e_img_new.jpg	media/CNX_ElemAlg_Figure_05_05_005e_img_new.jpg	image/jpeg	26008	a17f50d7b027ed1b7c48310053c6199282fd7cc23b5ceb75bf74e2a2b9133c4d	1
../../media/CNX_ElemAlg_Figure_05_05_005f_img_new.jpg	media/CNX_ElemAlg_Figure_05_05_005f_img_new.jpg	image/jpeg	25555	06c07699dee6f48cec63f8117b3aed37ea333de9bcf440bbb30f48527dd9f508	1
../../media/CNX_ElemAlg_Figure_05_05_005g_img_new.jpg	media/CNX_ElemAlg_Figure_05_05_005g_img_new.jpg	image/jpeg	26782	d25e9458dfd0ba96c7a8aff947bfd906835dd73a83000980125a1ff0dd0caef6	1
../../media/CNX_ElemAlg_Figure_05_05_005h_img_new.jpg	media/CNX_ElemAlg_Figure_05_05_005h_img_new.jpg	image/jpeg	25487	4bd469e257d35ff57855b6dde08d9810f1129aff826e6cd4b46dbdbce7773cfd	1
../../media/CNX_ElemAlg_Figure_05_05_006a_img_new.jpg	media/CNX_ElemAlg_Figure_05_05_006a_img_new.jpg	image/jpeg	58897	717ac7727d8df22f7bc88d7cb40832a1268ed89c6bbed5132a8ec99b5327b16a	1
../../media/CNX_ElemAlg_Figure_05_05_006b_img_new.jpg	media/CNX_ElemAlg_Figure_05_05_006b_img_new.jpg	image/jpeg	28626	07ce6a93ccb5bfb8141b3e27bae6f5f80d2f6c6c2f9124dcaae0384d7c401f1b	1
../../media/CNX_ElemAlg_Figure_05_05_006c_img_new.jpg	media/CNX_ElemAlg_Figure_05_05_006c_img_new.jpg	image/jpeg	27474	bb64de05448227fe9dde8abf679fba150cc8742e06b3e300c71277c764dfbbcd	1
../../media/CNX_ElemAlg_Figure_05_05_006d_img_new.jpg	media/CNX_ElemAlg_Figure_05_05_006d_img_new.jpg	image/jpeg	30347	76ec63f23d7d32e238e591f7ce3c2aef48b1a6073a6ceb11666cc7961199d9ed	1
../../media/CNX_ElemAlg_Figure_05_05_006e_img_new.jpg	media/CNX_ElemAlg_Figure_05_05_006e_img_new.jpg	image/jpeg	24549	56a8812e79f607ade8dada77dab23a4a4928c88c218dba9574edd091c7e3c374	1
../../media/CNX_ElemAlg_Figure_05_05_006f_img_new.jpg	media/CNX_ElemAlg_Figure_05_05_006f_img_new.jpg	image/jpeg	24420	ef9e0737edfc83d48e2b6def2bfa7a517c176b964b9f5be526512b683e32b81e	1
../../media/CNX_ElemAlg_Figure_05_05_006g_img_new.jpg	media/CNX_ElemAlg_Figure_05_05_006g_img_new.jpg	image/jpeg	24423	cfcb231ed1247469a889c020fbcc36b1e00b67032cc39f356d80fdc8dd7776d7	1
../../media/CNX_ElemAlg_Figure_05_05_006h_img_new.jpg	media/CNX_ElemAlg_Figure_05_05_006h_img_new.jpg	image/jpeg	24245	b6d24440945312fc17612dc4bf5ed41b0b27b25a7d69c83329c108e2beedf39a	1
../../media/CNX_ElemAlg_Figure_05_05_006i_img_new.jpg	media/CNX_ElemAlg_Figure_05_05_006i_img_new.jpg	image/jpeg	23810	53371047073875e03b8cbd6e07cb852d0e0bd2cfce081c58f6651cd9d36a35e4	1
../../media/CNX_ElemAlg_Figure_05_05_006j_img.jpg	media/CNX_ElemAlg_Figure_05_05_006j_img.jpg	image/jpeg	583233	237d8f705a7c842171f2ee1612a6f5e6f869abacc0eb47ffc1e4f528f41020b3	1
../../media/CNX_ElemAlg_Figure_05_05_006k_img.jpg	media/CNX_ElemAlg_Figure_05_05_006k_img.jpg	image/jpeg	584542	f173fbe6e2b1553f479a1f9601ce0beee80700c003b495235ba28cdf379066e1	1
../../media/CNX_ElemAlg_Figure_05_05_007_img_new.jpg	media/CNX_ElemAlg_Figure_05_05_007_img_new.jpg	image/jpeg	64738	12d2fd832a943134cb1c0fbde2faac261eaabce8615ae44ffb9488b39f996446	1
../../media/CNX_ElemAlg_Figure_05_05_008_img_new.jpg	media/CNX_ElemAlg_Figure_05_05_008_img_new.jpg	image/jpeg	70408	ffec2dfde53716cc41083fca03d5dddfd9613d736d3fa514e5ab3c6b0199d0a3	1
../../media/CNX_ElemAlg_Figure_05_05_009_img_new.jpg	media/CNX_ElemAlg_Figure_05_05_009_img_new.jpg	image/jpeg	72454	1b0dafc9511f38d34d38fb79c882509119f73276452ccb995ac19f05580dca31	1
../../media/CNX_ElemAlg_Figure_05_05_010_img_new.jpg	media/CNX_ElemAlg_Figure_05_05_010_img_new.jpg	image/jpeg	72620	36499848daf20c4e7fff0ff71bc25225e7f0aa32ae20b7e2d1f5fa051797cda7	1
../../media/CNX_ElemAlg_Figure_05_05_201_img_new.jpg	media/CNX_ElemAlg_Figure_05_05_201_img_new.jpg	image/jpeg	47658	edfd1c88229dd6bdfa5fc2c8f60bc5574c3969b5af3fba8f6b5709d7c65090e3	1
../../media/CNX_ElemAlg_Figure_05_06_001_img_new.jpg	media/CNX_ElemAlg_Figure_05_06_001_img_new.jpg	image/jpeg	57081	10af45cb4afb99ace3c90907129a55757bb43e0202cc84b0b7805a29057962d7	1
../../media/CNX_ElemAlg_Figure_05_06_002_img_new.jpg	media/CNX_ElemAlg_Figure_05_06_002_img_new.jpg	image/jpeg	55680	a3864c21c2c0d5fd6b9c525910fe544ece0008f4e4d3e0ccf918d7762352dd2c	1
../../media/CNX_ElemAlg_Figure_05_06_003a_img_new.jpg	media/CNX_ElemAlg_Figure_05_06_003a_img_new.jpg	image/jpeg	115047	90a08c0a997aa42c3ee5bec09a257a7a6d881873249650e1c88b94722ec57992	1
../../media/CNX_ElemAlg_Figure_05_06_003b_img_new.jpg	media/CNX_ElemAlg_Figure_05_06_003b_img_new.jpg	image/jpeg	122724	802040b5665d021df1a5f936fc918ec70f6b4453c43621591a0197d6277d7b87	1
../../media/CNX_ElemAlg_Figure_05_06_003c_img_new.jpg	media/CNX_ElemAlg_Figure_05_06_003c_img_new.jpg	image/jpeg	44290	f142c2c60166e8723b8133d349523b545f377ad16bff4df161db49d89732ade3	1
../../media/CNX_ElemAlg_Figure_05_06_003d_img_new.jpg	media/CNX_ElemAlg_Figure_05_06_003d_img_new.jpg	image/jpeg	60608	e30df3c04d8febe1bb6327ae9a4a54d60727d48518e9b01b580330757ea502e7	1
../../media/CNX_ElemAlg_Figure_05_06_004a_img_new.jpg	media/CNX_ElemAlg_Figure_05_06_004a_img_new.jpg	image/jpeg	90042	56dd584e0c95946a9c42c41550937b93f35328a141935dcd0164b8b25e770aa9	1
../../media/CNX_ElemAlg_Figure_05_06_005a_img_new.jpg	media/CNX_ElemAlg_Figure_05_06_005a_img_new.jpg	image/jpeg	105932	08b57cac09b53663d3264478629b1e7c6abdc48a4b45613e812eb22c7b473167	1
../../media/CNX_ElemAlg_Figure_05_06_006a_img_new.jpg	media/CNX_ElemAlg_Figure_05_06_006a_img_new.jpg	image/jpeg	101278	5cf7d00871617af847b715f32428ea020e8e14a1c0954fb218753456e2d2220d	1
../../media/CNX_ElemAlg_Figure_05_06_007a_img_new.jpg	media/CNX_ElemAlg_Figure_05_06_007a_img_new.jpg	image/jpeg	107803	bc8cb2a27ef6cc61bebdb16b928c649a193bcb078cec8b40abc3f60864684b41	1
../../media/CNX_ElemAlg_Figure_05_06_008a_img_new.jpg	media/CNX_ElemAlg_Figure_05_06_008a_img_new.jpg	image/jpeg	90153	ece013ba8b5f8d7f8d066421b813fd5ed17a4dffc1cb19de52772cb8a0533b8c	1
../../media/CNX_ElemAlg_Figure_05_06_008b_img_new.jpg	media/CNX_ElemAlg_Figure_05_06_008b_img_new.jpg	image/jpeg	110048	0fb83ca26fba0fc0cde670e4abd38017f58263d6f1c11652d90f73b153e1d606	1
../../media/CNX_ElemAlg_Figure_05_06_009a_img_new.jpg	media/CNX_ElemAlg_Figure_05_06_009a_img_new.jpg	image/jpeg	110766	d2fd3805fc8e1dfce00194946bc5185444f1cae44a6a51ba22d00eac14b3d763	1
../../media/CNX_ElemAlg_Figure_05_06_009b_img_new.jpg	media/CNX_ElemAlg_Figure_05_06_009b_img_new.jpg	image/jpeg	119433	312567491bbeb639b216fab95c9b4ccf72b5cf725affd21f9960ce0587488d87	1
../../media/CNX_ElemAlg_Figure_05_06_010a_img_new.jpg	media/CNX_ElemAlg_Figure_05_06_010a_img_new.jpg	image/jpeg	81239	634bc17b1b64a15f69d6e70d939fc4de67bb3bb2490f553d82f8955d9acc1a72	1
../../media/CNX_ElemAlg_Figure_05_06_011a_img_new.jpg	media/CNX_ElemAlg_Figure_05_06_011a_img_new.jpg	image/jpeg	53289	cc5d8079a6a7ff7c5bdfb66d88292e791b98639527c0595e78c3b837517679e0	1
../../media/CNX_ElemAlg_Figure_05_06_012_img_new.jpg	media/CNX_ElemAlg_Figure_05_06_012_img_new.jpg	image/jpeg	17804	1732d822380b98563b16a202f611eeb521cf367698edbdbdc54b8602d95e4404	1
../../media/CNX_ElemAlg_Figure_05_06_013_img_new.jpg	media/CNX_ElemAlg_Figure_05_06_013_img_new.jpg	image/jpeg	74766	e7aab9059a61d8200aa06e34e0ee5443984f024d4ab29eacb9c96d204f68e775	1
../../media/CNX_ElemAlg_Figure_05_06_014_img_new.jpg	media/CNX_ElemAlg_Figure_05_06_014_img_new.jpg	image/jpeg	74994	819ed5e41fc9f8d57dee32bdebe6fefe2ed3abcfb1bd0100bd6aad13e9eff5b6	1
../../media/CNX_ElemAlg_Figure_05_06_016_img_new.jpg	media/CNX_ElemAlg_Figure_05_06_016_img_new.jpg	image/jpeg	71806	1a6f1b55bf53e4a7693f47d24f8e97b33348954129b21fd5a6642e9f2412d886	1
../../media/CNX_ElemAlg_Figure_05_06_018_img_new.jpg	media/CNX_ElemAlg_Figure_05_06_018_img_new.jpg	image/jpeg	75231	be596c34ea78853c02f180ec0262fba9f4f8a9361c9a933a84d405e9749b2434	1
../../media/CNX_ElemAlg_Figure_05_06_020_img_new.jpg	media/CNX_ElemAlg_Figure_05_06_020_img_new.jpg	image/jpeg	68261	378f67851e043e90b189531d1691dba41fd1b659b46eda7d3254d5bdd08bfc9f	1
../../media/CNX_ElemAlg_Figure_05_06_021_img_new.jpg	media/CNX_ElemAlg_Figure_05_06_021_img_new.jpg	image/jpeg	69090	048a2e3e1059eab7d6988a7a237cdf4593feccc8b80593289cc9e614914782aa	1
../../media/CNX_ElemAlg_Figure_05_06_022_img_new.jpg	media/CNX_ElemAlg_Figure_05_06_022_img_new.jpg	image/jpeg	68892	1e988796b257a33ac49bc45262895994a12d3891ad384e9a74410705a7218e1c	1
../../media/CNX_ElemAlg_Figure_05_06_023_img_new.jpg	media/CNX_ElemAlg_Figure_05_06_023_img_new.jpg	image/jpeg	73477	6a6312e495c6fe61bb1a5443677e9bee229f98e14b63d516c347961dcfc922c6	1
../../media/CNX_ElemAlg_Figure_05_06_026_img_new.jpg	media/CNX_ElemAlg_Figure_05_06_026_img_new.jpg	image/jpeg	87408	5b16d276330e519e41cd8658bca023abd5a480f8c8c3b5afcfb2045ed1ce7de3	1
../../media/CNX_ElemAlg_Figure_05_06_027_img_new.jpg	media/CNX_ElemAlg_Figure_05_06_027_img_new.jpg	image/jpeg	74570	59fd72d3905cafe05d1bdc135a8714683db8b178433761a3d6731563c9aeda86	1
../../media/CNX_ElemAlg_Figure_05_06_028_img_new.jpg	media/CNX_ElemAlg_Figure_05_06_028_img_new.jpg	image/jpeg	71153	6c448155b10a80cb5336b10c2368690a9269e3ec10d5537387838de4842ecb71	1
../../media/CNX_ElemAlg_Figure_05_06_029_img_new.jpg	media/CNX_ElemAlg_Figure_05_06_029_img_new.jpg	image/jpeg	71871	08d63d1db85fc5eae0b7494c08e28e12457e16fd91bcf9eb39da3c91727d2c36	1
../../media/CNX_ElemAlg_Figure_05_06_030_img_new.jpg	media/CNX_ElemAlg_Figure_05_06_030_img_new.jpg	image/jpeg	47414	d3f9d20ac60bf0e264f8f5695b89db059c24d47975401aafd561ce5793315783	1
../../media/CNX_ElemAlg_Figure_05_06_201_img_new.jpg	media/CNX_ElemAlg_Figure_05_06_201_img_new.jpg	image/jpeg	73599	0b300a8b496d0b1a1a3aa17155204ac0cc6fcdfc884e0c7bfcc746f151c25b36	1
../../media/CNX_ElemAlg_Figure_05_06_203_img_new.jpg	media/CNX_ElemAlg_Figure_05_06_203_img_new.jpg	image/jpeg	72322	a98ff8fd61b823cdf0d3de855eba1970f15527b7a1127c245d66812113341bb6	1
../../media/CNX_ElemAlg_Figure_05_06_205_img_new.jpg	media/CNX_ElemAlg_Figure_05_06_205_img_new.jpg	image/jpeg	73271	1a89fa184fc242a33791eb290051b4f601400d721c1421d707a70e8a204445d7	1
../../media/CNX_ElemAlg_Figure_05_06_207_img_new.jpg	media/CNX_ElemAlg_Figure_05_06_207_img_new.jpg	image/jpeg	620651	0521554d58359d2df4efc756eefeddb8589e504361ae8d9813e5aa5de86567df	1
../../media/CNX_ElemAlg_Figure_05_06_209_img_new.jpg	media/CNX_ElemAlg_Figure_05_06_209_img_new.jpg	image/jpeg	72862	924b3ebd5cc0f513c986bf4467939cd9f39b5f0ee8e6252d2430826964e3553c	1
../../media/CNX_ElemAlg_Figure_05_06_211_img_new.jpg	media/CNX_ElemAlg_Figure_05_06_211_img_new.jpg	image/jpeg	72794	09dc80155d16b85077cd67297f48b8fb53e6f947f5541a2644c8b10e33e46620	1
../../media/CNX_ElemAlg_Figure_05_06_213_img_new.jpg	media/CNX_ElemAlg_Figure_05_06_213_img_new.jpg	image/jpeg	72484	2e3d39585e1e983f821cdd8b97c438288538bdb06eb36ee8e84e2954291dbcf4	1
../../media/CNX_ElemAlg_Figure_05_06_215_img_new.jpg	media/CNX_ElemAlg_Figure_05_06_215_img_new.jpg	image/jpeg	72647	d0a006f37a9d293308121b09d64f198b76bcafeb257bb8bc7bda25c6c4609fd5	1
../../media/CNX_ElemAlg_Figure_05_06_217_img_new.jpg	media/CNX_ElemAlg_Figure_05_06_217_img_new.jpg	image/jpeg	77475	0938d0db6b99cc3735397444d5c66f5334fb38b9125509a615ca96094e46577c	1
../../media/CNX_ElemAlg_Figure_05_06_219_img_new.jpg	media/CNX_ElemAlg_Figure_05_06_219_img_new.jpg	image/jpeg	77028	fb8484ec805cc48af59c5e00e23e95c2587b3b4a84e5437c7f950517c0329e5c	1
../../media/CNX_ElemAlg_Figure_05_06_221_img_new.jpg	media/CNX_ElemAlg_Figure_05_06_221_img_new.jpg	image/jpeg	72682	5d84a4f84335c213a699becfaf872d2750fc892e6f55be6982262aea8931a067	1
../../media/CNX_ElemAlg_Figure_05_06_223_img_new.jpg	media/CNX_ElemAlg_Figure_05_06_223_img_new.jpg	image/jpeg	79273	0503397e1bfa456634caf5c99d6c66007737effe6dfb02d4349cb2f5b24e37f7	1
../../media/CNX_ElemAlg_Figure_05_06_225_img_new.jpg	media/CNX_ElemAlg_Figure_05_06_225_img_new.jpg	image/jpeg	79175	08e0f51b509ccba3df88db559a0573cf11e274ae1dd850c17eace1778541ad7e	1
../../media/CNX_ElemAlg_Figure_05_06_227_img_new.jpg	media/CNX_ElemAlg_Figure_05_06_227_img_new.jpg	image/jpeg	79737	d8a54d4f4ef15d2f4017962b015802f076a1cf6082d8f22ba9a022b26cb0465d	1
../../media/CNX_ElemAlg_Figure_05_06_229_img_new.jpg	media/CNX_ElemAlg_Figure_05_06_229_img_new.jpg	image/jpeg	81149	35e1d9b5cc49842ba0c33c3b9cef600ecf2ee26de5e55b19091148e30852881d	1
../../media/CNX_ElemAlg_Figure_05_06_231_img_new.jpg	media/CNX_ElemAlg_Figure_05_06_231_img_new.jpg	image/jpeg	81186	4a95ea2e1e42cc8872ce6e6109893f0d5f49ec89dd912ca91a99f11d37ee7492	1
../../media/CNX_ElemAlg_Figure_05_06_233_img_new.jpg	media/CNX_ElemAlg_Figure_05_06_233_img_new.jpg	image/jpeg	77380	98018044ce7fcdc74f8c99f9ed86dd1e4b45463b4dad216079996830d5507ef7	1
../../media/CNX_ElemAlg_Figure_05_06_235_img_new.jpg	media/CNX_ElemAlg_Figure_05_06_235_img_new.jpg	image/jpeg	72181	b07c7fc1f4d04b3023e15b37a35102c7c0e3b0efa8318a28d23f7a22a0299b5e	1
../../media/CNX_ElemAlg_Figure_05_06_237_img_new.jpg	media/CNX_ElemAlg_Figure_05_06_237_img_new.jpg	image/jpeg	69119	4e5c942cc96ae17813da6e9ff05eb5a613622bd9c13d7828ef59976af8795fb2	1
../../media/CNX_ElemAlg_Figure_05_06_239_img_new.jpg	media/CNX_ElemAlg_Figure_05_06_239_img_new.jpg	image/jpeg	64822	efec8705af8191d25bfb1fbfa3551021047a59e3f8f881246b7f7533be7ae724	1
../../media/CNX_ElemAlg_Figure_05_06_241_img_new.jpg	media/CNX_ElemAlg_Figure_05_06_241_img_new.jpg	image/jpeg	67818	b84d7fa6db99c98e47518c0e593f0195f0f0581abb3c09120764579a713ccc14	1
../../media/CNX_ElemAlg_Figure_05_06_243_img_new.jpg	media/CNX_ElemAlg_Figure_05_06_243_img_new.jpg	image/jpeg	65124	52c18952dea52c39c17296690c5224b52b6c7753ddf2161e7479a24f72e1b4f0	1
../../media/CNX_ElemAlg_Figure_05_06_244_img_new.jpg	media/CNX_ElemAlg_Figure_05_06_244_img_new.jpg	image/jpeg	73131	b16721efc5cf7b9a9e450d8321665cc59b6906c33631149a8b9a75da2e331395	1
../../media/CNX_ElemAlg_Figure_05_06_246_img_new.jpg	media/CNX_ElemAlg_Figure_05_06_246_img_new.jpg	image/jpeg	71145	c689d7951ba42bba3875d0bf6a5dc518e8d0b03cfb31244fddb90d566a78d18c	1
../../media/CNX_ElemAlg_Figure_05_06_248_img_new.jpg	media/CNX_ElemAlg_Figure_05_06_248_img_new.jpg	image/jpeg	68902	21fcd30e105d9b44cd5a225907ecd4d673795bd7712d5ccc948c6f600525193c	1
../../media/CNX_ElemAlg_Figure_05_06_250_img_new.jpg	media/CNX_ElemAlg_Figure_05_06_250_img_new.jpg	image/jpeg	79734	f80d51017764d8a9a7eb18a94094452f5d9931cd03ca36a7d397acdf5f229fa5	1
../../media/CNX_ElemAlg_Figure_05_06_252_img_new.jpg	media/CNX_ElemAlg_Figure_05_06_252_img_new.jpg	image/jpeg	79630	8bcf926ee7b3e940c9b461689dba379d2463b6305c16f4aff7c416eafd7663e5	1
../../media/CNX_ElemAlg_Figure_05_06_254_img_new.jpg	media/CNX_ElemAlg_Figure_05_06_254_img_new.jpg	image/jpeg	77250	b93d615a11366a050cfbd1be0114fec9f4f2f0cbfdcf5fc85db7cc8c20978614	1
../../media/CNX_ElemAlg_Figure_05_06_256_img_new.jpg	media/CNX_ElemAlg_Figure_05_06_256_img_new.jpg	image/jpeg	74107	3207547ab3120c5f75e0193a3ba4a6d3b4e41f2981b3e555bc0ef9062881aa4d	1
../../media/CNX_ElemAlg_Figure_05_06_259_img_new.jpg	media/CNX_ElemAlg_Figure_05_06_259_img_new.jpg	image/jpeg	78216	571471215cefafcb016929cc56523f0d7238e32ddf84cc71f1a80dfd2cfaba6f	1
../../media/CNX_ElemAlg_Figure_05_06_260_img_new.jpg	media/CNX_ElemAlg_Figure_05_06_260_img_new.jpg	image/jpeg	67905	204448fc0decb6cc85a752e3548a32df38de0d001e13d18e996d63ad78042183	1
../../media/CNX_ElemAlg_Figure_06_00_001_img_new.jpg	media/CNX_ElemAlg_Figure_06_00_001_img_new.jpg	image/jpeg	347914	e16b5edf390ffcefc3c057adb4c225944b5055c4d970d962341db8f9d24f3be3	1
../../media/CNX_ElemAlg_Figure_06_01_001_img.jpg	media/CNX_ElemAlg_Figure_06_01_001_img.jpg	image/jpeg	126707	d89864526879f0789ce3e836e8e5db1e7f408446a10c78c4f41caaab05ad2f44	1
../../media/CNX_ElemAlg_Figure_06_01_002a_img_new.jpg	media/CNX_ElemAlg_Figure_06_01_002a_img_new.jpg	image/jpeg	15224	bc9066126fe125d1b3264030805c62cc78150668b42ce4ba40fd9aecf383c544	1
../../media/CNX_ElemAlg_Figure_06_01_002b_img_new.jpg	media/CNX_ElemAlg_Figure_06_01_002b_img_new.jpg	image/jpeg	11768	bd6c5586f39818f18262a273d09ae5013ca7ea29b869ee68d87372199cd69e53	1
../../media/CNX_ElemAlg_Figure_06_01_002c_img_new.jpg	media/CNX_ElemAlg_Figure_06_01_002c_img_new.jpg	image/jpeg	14349	325d54115e73045b67cc68aa9b7163cee9d8c6f9199019573a30f0e7ab32b298	1
../../media/CNX_ElemAlg_Figure_06_01_002d_img_new.jpg	media/CNX_ElemAlg_Figure_06_01_002d_img_new.jpg	image/jpeg	15545	c88ceb4f0dd1df808bb18f6af6508b0326afbb8296797d5e5ab7ee194f94fcca	1
../../media/CNX_ElemAlg_Figure_06_01_002e_img_new.jpg	media/CNX_ElemAlg_Figure_06_01_002e_img_new.jpg	image/jpeg	11655	3557dea77091f976b8a053a2be996868ffc0509e0bdad7445f181551a9a5f048	1
../../media/CNX_ElemAlg_Figure_06_01_002f_img_new.jpg	media/CNX_ElemAlg_Figure_06_01_002f_img_new.jpg	image/jpeg	11212	171ded542758f538b71fc148ac68f88ffaf80cfdcc3fc9c775228db1e484daa5	1
../../media/CNX_ElemAlg_Figure_06_01_003a_img_new.jpg	media/CNX_ElemAlg_Figure_06_01_003a_img_new.jpg	image/jpeg	15681	ca5ebbf788c5144b3fe696d3e3d841a832fd303b95aae74b90f0c69d67c7b351	1
../../media/CNX_ElemAlg_Figure_06_01_003b_img_new.jpg	media/CNX_ElemAlg_Figure_06_01_003b_img_new.jpg	image/jpeg	11661	6be593fee2b5b1d69beaeeac2aaa1f63a2d3e48facdd16be8649da6dda14f75c	1
../../media/CNX_ElemAlg_Figure_06_01_003c_img_new.jpg	media/CNX_ElemAlg_Figure_06_01_003c_img_new.jpg	image/jpeg	14450	91d245a00c273b8c2b2da3b59f7d2b1ee9505ed490d4bf672e0882068e286d9c	1
../../media/CNX_ElemAlg_Figure_06_01_003d_img_new.jpg	media/CNX_ElemAlg_Figure_06_01_003d_img_new.jpg	image/jpeg	12589	0eb28c21541bc3ae6eb1928b1aa7f4776134b85d60ad54e1ee27987bdcf6e79c	1
../../media/CNX_ElemAlg_Figure_06_01_003e_img_new.jpg	media/CNX_ElemAlg_Figure_06_01_003e_img_new.jpg	image/jpeg	11239	07dd66c7d731c4c9bbf1c930aaa2540d0f7108713bbbbcbb1999378627a58443	1
../../media/CNX_ElemAlg_Figure_06_01_003f_img_new.jpg	media/CNX_ElemAlg_Figure_06_01_003f_img_new.jpg	image/jpeg	10319	f7f30aa6db063180765a83b9deac6c86d6e9d55232aae8f488c115ff9302f9b8	1
../../media/CNX_ElemAlg_Figure_06_01_004a_img_new.jpg	media/CNX_ElemAlg_Figure_06_01_004a_img_new.jpg	image/jpeg	14645	0b368be8d9afdfebb34489800d43ec02f5c632e13d713dd9043ab100a1b71ac5	1
../../media/CNX_ElemAlg_Figure_06_01_004b_img_new.jpg	media/CNX_ElemAlg_Figure_06_01_004b_img_new.jpg	image/jpeg	13701	3fce9787ef067213f94180549db989590743dc233755f6e3af37cebbce09c63e	1
../../media/CNX_ElemAlg_Figure_06_01_004c_img_new.jpg	media/CNX_ElemAlg_Figure_06_01_004c_img_new.jpg	image/jpeg	11639	0a4e15474f258c07905a2da9a75dc525ba64642a598a43e793c14cad1c4ad0c0	1
../../media/CNX_ElemAlg_Figure_06_01_005a_img_new.jpg	media/CNX_ElemAlg_Figure_06_01_005a_img_new.jpg	image/jpeg	13013	1ef870a97ec0d580c0db430c35a2926c6ce9839fb0ef7416ef5e2d98cf103552	1
../../media/CNX_ElemAlg_Figure_06_01_005b_img_new.jpg	media/CNX_ElemAlg_Figure_06_01_005b_img_new.jpg	image/jpeg	14450	4292c5a56551058cfad4fff951c1b3efe637fa2df2777fda58456cfb2f8c55da	1
../../media/CNX_ElemAlg_Figure_06_01_005c_img_new.jpg	media/CNX_ElemAlg_Figure_06_01_005c_img_new.jpg	image/jpeg	13167	c3d37026589d6ea1dd9b9f891db5fda5559ceac979ed6879d7d859cef3eb773a	1
../../media/CNX_ElemAlg_Figure_06_01_005d_img_new.jpg	media/CNX_ElemAlg_Figure_06_01_005d_img_new.jpg	image/jpeg	11846	687692c889a0763ba61920840726e974a1703b934991e1e78f9b76e3478e4d25	1
../../media/CNX_ElemAlg_Figure_06_01_006a_img_new.jpg	media/CNX_ElemAlg_Figure_06_01_006a_img_new.jpg	image/jpeg	16191	b6cbe16b40f21b405d7f5720e2cf2703eb417e16ea8c0c5be404d46890800ca3	1
../../media/CNX_ElemAlg_Figure_06_01_006b_img_new.jpg	media/CNX_ElemAlg_Figure_06_01_006b_img_new.jpg	image/jpeg	13808	cbe239cf92474390ad7c5ecf84da472d162351f7bc1ced9aadc511bd79df2e9a	1
../../media/CNX_ElemAlg_Figure_06_01_006c_img_new.jpg	media/CNX_ElemAlg_Figure_06_01_006c_img_new.jpg	image/jpeg	14971	602325d7e9cd6d523fa09110015a67b63a7d5dd0195fa95b1302055f4b2dcaeb	1
../../media/CNX_ElemAlg_Figure_06_01_006d_img_new.jpg	media/CNX_ElemAlg_Figure_06_01_006d_img_new.jpg	image/jpeg	13929	27a165802820eaaca9f5f1587f548277160df78b76d2cb21882abd9a8805606c	1
../../media/CNX_ElemAlg_Figure_06_01_006e_img_new.jpg	media/CNX_ElemAlg_Figure_06_01_006e_img_new.jpg	image/jpeg	10952	e3f3faad336b932e90c3f4226e90546e9f67d5b2823289107524adf167b16ea0	1
../../media/CNX_ElemAlg_Figure_06_01_007a_img_new.jpg	media/CNX_ElemAlg_Figure_06_01_007a_img_new.jpg	image/jpeg	14618	19d14617f3bf5e772a1a802b59e7da3b775279b57f8e72cdf7939df23965df15	1
../../media/CNX_ElemAlg_Figure_06_01_007b_img_new.jpg	media/CNX_ElemAlg_Figure_06_01_007b_img_new.jpg	image/jpeg	12304	cb869b0b9e8fec72dfc88fd4bdc9b9bfe10ac7ec7036bc922a273751ae2080ab	1
../../media/CNX_ElemAlg_Figure_06_01_007c_img_new.jpg	media/CNX_ElemAlg_Figure_06_01_007c_img_new.jpg	image/jpeg	14863	fe0e155a91e7b1874e0269d58d0f0155342d6d87612548d1ce4e7ed2cb4e68a5	1
../../media/CNX_ElemAlg_Figure_06_01_007d_img_new.jpg	media/CNX_ElemAlg_Figure_06_01_007d_img_new.jpg	image/jpeg	13090	5a908f3101b0b122b87ff8201e28270c3cb7fe2b89a144b0adf08b59a8e0f8ed	1
../../media/CNX_ElemAlg_Figure_06_01_007e_img_new.jpg	media/CNX_ElemAlg_Figure_06_01_007e_img_new.jpg	image/jpeg	11147	b1bf97554bad6e9a96e2a479839e33a4b9e3eb705e6a58f465cc6f7945131524	1
../../media/CNX_ElemAlg_Figure_06_01_007f_img_new.jpg	media/CNX_ElemAlg_Figure_06_01_007f_img_new.jpg	image/jpeg	10324	1deb16323d9ddd968c927fa33630c9c2a45c46ee3d38e1cc73bf27f1a3ec2c51	1
../../media/CNX_ElemAlg_Figure_06_01_008a_img_new.jpg	media/CNX_ElemAlg_Figure_06_01_008a_img_new.jpg	image/jpeg	11851	3a09625c0b3200b0b0ee7a943510edc16adc3ed1c8e06abe6f23a7eeb1ab043b	1
../../media/CNX_ElemAlg_Figure_06_01_008b_img_new.jpg	media/CNX_ElemAlg_Figure_06_01_008b_img_new.jpg	image/jpeg	15418	6670b7d1e646e3817901e446749ad5b67c37533ff99af267a36240579f7a80c7	1
../../media/CNX_ElemAlg_Figure_06_01_008c_img_new.jpg	media/CNX_ElemAlg_Figure_06_01_008c_img_new.jpg	image/jpeg	14993	5b87a1759bd4f9e159ba2f97fd93f9957764fa1a8692ada4e5694a7e111d7345	1
../../media/CNX_ElemAlg_Figure_06_01_008d_img_new.jpg	media/CNX_ElemAlg_Figure_06_01_008d_img_new.jpg	image/jpeg	11366	376ece8c1af32a5b0f65a1c7cb81553ebc5dfa3a93f08c4c60fea8679a7ccbc8	1
../../media/CNX_ElemAlg_Figure_06_01_008e_img_new.jpg	media/CNX_ElemAlg_Figure_06_01_008e_img_new.jpg	image/jpeg	11570	abae25bd4a65f3b23123d04baa8ae0c5075e66c2a67f99d9b19feeb06bd0f0ba	1
../../media/CNX_ElemAlg_Figure_06_01_008f_img_new.jpg	media/CNX_ElemAlg_Figure_06_01_008f_img_new.jpg	image/jpeg	15324	feb2d2db0ad02e6bad450e2af71461a679b2c8a9b60ee228714d7de982594b14	1
../../media/CNX_ElemAlg_Figure_06_01_201_img_new.jpg	media/CNX_ElemAlg_Figure_06_01_201_img_new.jpg	image/jpeg	88997	10d237cfe3064bdb8ffff5c22bc6c11d612a83cb324d75d185ac1ec4e58dfc0b	1
../../media/CNX_ElemAlg_Figure_06_02_001_img_new.jpg	media/CNX_ElemAlg_Figure_06_02_001_img_new.jpg	image/jpeg	28837	71e60b1a8fbd85f6a04858e6f7cfb68af2031dbc89947dffc8e631f1bd04f6a8	1
../../media/CNX_ElemAlg_Figure_06_02_002_img_new.jpg	media/CNX_ElemAlg_Figure_06_02_002_img_new.jpg	image/jpeg	41598	eca81119dc488752d5d9376db0a69364caf9478aadffffcf586d46cec54f0a45	1
../../media/CNX_ElemAlg_Figure_06_02_003a_img_new.jpg	media/CNX_ElemAlg_Figure_06_02_003a_img_new.jpg	image/jpeg	10323	6acdcfe2dc3c3b8723ef075e5112c97de533d66e54acf54a7ff9829272cbdb9f	1
../../media/CNX_ElemAlg_Figure_06_02_003b_img_new.jpg	media/CNX_ElemAlg_Figure_06_02_003b_img_new.jpg	image/jpeg	25592	684a443483f03614a2d6c54bcb234ab4aaa6ab2ea1e85166725eca66e03812ef	1
../../media/CNX_ElemAlg_Figure_06_02_003c_img_new.jpg	media/CNX_ElemAlg_Figure_06_02_003c_img_new.jpg	image/jpeg	8552	e7748ee980dfe3cc07c4e4a4c180aea86597171f327b54ad585e8f7f4b14db4e	1
../../media/CNX_ElemAlg_Figure_06_02_003d_img_new.jpg	media/CNX_ElemAlg_Figure_06_02_003d_img_new.jpg	image/jpeg	13414	01663eccc43beb2d043fb6b2bff5f66ac97f6236536d59e7e53e748c309b7d49	1
../../media/CNX_ElemAlg_Figure_06_02_004a_img_new.jpg	media/CNX_ElemAlg_Figure_06_02_004a_img_new.jpg	image/jpeg	15422	006ba4593cc11fc75f3b60ab53be65d1a0885e17cfab9fc31cb4242b12530cd6	1
../../media/CNX_ElemAlg_Figure_06_02_004b_img_new.jpg	media/CNX_ElemAlg_Figure_06_02_004b_img_new.jpg	image/jpeg	14400	66038e66d92d2f55d3b33efe4b08381b7fe45f6c9512acf4a4876b7029f6d968	1
../../media/CNX_ElemAlg_Figure_06_02_004c_img_new.jpg	media/CNX_ElemAlg_Figure_06_02_004c_img_new.jpg	image/jpeg	12050	db91d5346e9f9c0f11f583aa73fd8fb5c3f21bc44bfab451a2de136ea2453b1a	1
../../media/CNX_ElemAlg_Figure_06_02_005a_img_new.jpg	media/CNX_ElemAlg_Figure_06_02_005a_img_new.jpg	image/jpeg	14102	5d80aebc95920e548f39fa7d0e20b97ac08fe35a4b6b3797c0be793e60f256c9	1
../../media/CNX_ElemAlg_Figure_06_02_005b_img_new.jpg	media/CNX_ElemAlg_Figure_06_02_005b_img_new.jpg	image/jpeg	13925	01fa1e839e1b6245c5906710a51076cbb57069f21a168485184bd6417c181032	1
../../media/CNX_ElemAlg_Figure_06_02_005c_img_new.jpg	media/CNX_ElemAlg_Figure_06_02_005c_img_new.jpg	image/jpeg	12418	0b4eca55dc9731b94ec092260e01cd4c9441077d853db79dbbe754fadb549fd1	1
../../media/CNX_ElemAlg_Figure_06_02_006a_img_new.jpg	media/CNX_ElemAlg_Figure_06_02_006a_img_new.jpg	image/jpeg	15934	6e1b65d59c74a7f954515ae571020bdd1e89461b00b3ed173846ac6cee551cd0	1
../../media/CNX_ElemAlg_Figure_06_02_006b_img_new.jpg	media/CNX_ElemAlg_Figure_06_02_006b_img_new.jpg	image/jpeg	17623	4182e25cbe46594e62ce4d1509c7e67bc18fb937241024445d985ee913676cc8	1
../../media/CNX_ElemAlg_Figure_06_02_006c_img_new.jpg	media/CNX_ElemAlg_Figure_06_02_006c_img_new.jpg	image/jpeg	15058	75f362f2b8a55584329267d44da81fa422ca01624b506fde543cf7d63c97a6d2	1
../../media/CNX_ElemAlg_Figure_06_02_007a_img_new.jpg	media/CNX_ElemAlg_Figure_06_02_007a_img_new.jpg	image/jpeg	14876	3e95e83bf3e68f299e7be5c64073e7e1b84ee05cdf74d499493e555900dea30e	1
../../media/CNX_ElemAlg_Figure_06_02_007b_img_new.jpg	media/CNX_ElemAlg_Figure_06_02_007b_img_new.jpg	image/jpeg	14771	0454f7d1af790617ba16130928a5529f5c1c5b4379528a38e10e03341d6da5a2	1
../../media/CNX_ElemAlg_Figure_06_02_007c_img_new.jpg	media/CNX_ElemAlg_Figure_06_02_007c_img_new.jpg	image/jpeg	13477	a6aa074180ffcd035f3dde9fce751c840b2d174bc57d0a85aa9364267de0a2b5	1
../../media/CNX_ElemAlg_Figure_06_02_007d_img_new.jpg	media/CNX_ElemAlg_Figure_06_02_007d_img_new.jpg	image/jpeg	12345	1eacadb226c80bb8af38822790d877663a542d778f222bebf233fa68262318fb	1
../../media/CNX_ElemAlg_Figure_06_02_008a_img_new.jpg	media/CNX_ElemAlg_Figure_06_02_008a_img_new.jpg	image/jpeg	14501	03afafcdf17d4a0f4c29db079eecb03d399ef855feed430289ba5623e62830a5	1
../../media/CNX_ElemAlg_Figure_06_02_008b_img_new.jpg	media/CNX_ElemAlg_Figure_06_02_008b_img_new.jpg	image/jpeg	13413	75f22ac9f22a8ceed1d2257bd9f32b9ed57e36be8f321ca326e88016d0b989d7	1
../../media/CNX_ElemAlg_Figure_06_02_008c_img_new.jpg	media/CNX_ElemAlg_Figure_06_02_008c_img_new.jpg	image/jpeg	11879	78bb44abfe8bc527e221882333c72c4e229351118fe839b9c0eafa2ab16581a0	1
../../media/CNX_ElemAlg_Figure_06_02_009a_img_new.jpg	media/CNX_ElemAlg_Figure_06_02_009a_img_new.jpg	image/jpeg	13823	449d38d35dd0d6729ba8656ee423507a1aa2f0363bda132ec5c2022e9728b6fa	1
../../media/CNX_ElemAlg_Figure_06_02_009b_img_new.jpg	media/CNX_ElemAlg_Figure_06_02_009b_img_new.jpg	image/jpeg	12244	d14b8f6a17320f3e5e3fca4d7fc6ea6a6aa734809351b3768a860325beb28dcf	1
../../media/CNX_ElemAlg_Figure_06_02_009c_img_new.jpg	media/CNX_ElemAlg_Figure_06_02_009c_img_new.jpg	image/jpeg	10592	a6140845190ded62e9fcd8d11a75ac273714145780d9fe896bdd32eabef469b5	1
../../media/CNX_ElemAlg_Figure_06_02_010a_img_new.jpg	media/CNX_ElemAlg_Figure_06_02_010a_img_new.jpg	image/jpeg	8538	1d73ec03ebbecb8fbaa266f5a6bf39eda17cf56f2acc57750fa1743011d5bde1	1
../../media/CNX_ElemAlg_Figure_06_02_010b_img_new.jpg	media/CNX_ElemAlg_Figure_06_02_010b_img_new.jpg	image/jpeg	26695	c77dca96c4a99f1b621516be3511735bef1646ab439fc73cf90d7c3634841cb3	1
../../media/CNX_ElemAlg_Figure_06_02_010c_img_new.jpg	media/CNX_ElemAlg_Figure_06_02_010c_img_new.jpg	image/jpeg	8209	94f1d10de67f92e5f1231ec909fe5351c9d23f9315a50fc7bada991d687a5efd	1
../../media/CNX_ElemAlg_Figure_06_02_010d_img_new.jpg	media/CNX_ElemAlg_Figure_06_02_010d_img_new.jpg	image/jpeg	13065	a4cf9b30e172fad739173f12f67f8233c989866d1058e53e05b0d6cc8661779b	1
../../media/CNX_ElemAlg_Figure_06_02_011a_img_new.jpg	media/CNX_ElemAlg_Figure_06_02_011a_img_new.jpg	image/jpeg	27417	348385c244077169208e004e1585ca604dc46358a85c3143809e39b14416f172	1
../../media/CNX_ElemAlg_Figure_06_02_011b_img_new.jpg	media/CNX_ElemAlg_Figure_06_02_011b_img_new.jpg	image/jpeg	26451	90faed44326e0d585da8bf6c78bb55f0554b57836c9e060de1fb787c89ba73e2	1
../../media/CNX_ElemAlg_Figure_06_02_011c_img_new.jpg	media/CNX_ElemAlg_Figure_06_02_011c_img_new.jpg	image/jpeg	24755	d46fb8f3de9c691b242ba34d8b2a17168abfb79ae108381f6795fe7280611b4e	1
../../media/CNX_ElemAlg_Figure_06_02_012a_img_new.jpg	media/CNX_ElemAlg_Figure_06_02_012a_img_new.jpg	image/jpeg	26738	0e95eb3352421267fc2abb2e8e179420d6ac5fd982b60241ffce38760755db14	1
../../media/CNX_ElemAlg_Figure_06_02_012b_img_new.jpg	media/CNX_ElemAlg_Figure_06_02_012b_img_new.jpg	image/jpeg	25200	51d6cd7da185d206bfe77cc118fee0c83e22d64ae8c171cd2c4d2fdce09d9929	1
../../media/CNX_ElemAlg_Figure_06_02_012c_img_new.jpg	media/CNX_ElemAlg_Figure_06_02_012c_img_new.jpg	image/jpeg	24894	d6d3b68229f9cc9f88f6504c4ea7b99c92d54e7e7f250ea4e3de359a08e87c35	1
../../media/CNX_ElemAlg_Figure_06_02_013a_img_new.jpg	media/CNX_ElemAlg_Figure_06_02_013a_img_new.jpg	image/jpeg	25085	1c26e1feb8d4954c2fa88a0e054b5c5682b3b5fbf29034ca74f4d7666fb189e0	1
../../media/CNX_ElemAlg_Figure_06_02_013b_img_new.jpg	media/CNX_ElemAlg_Figure_06_02_013b_img_new.jpg	image/jpeg	26674	e61aa5aa36770898c7b88553ff7b2c6b10b20bba2e98c64c67ef44ec549e10dd	1
../../media/CNX_ElemAlg_Figure_06_02_013c_img_new.jpg	media/CNX_ElemAlg_Figure_06_02_013c_img_new.jpg	image/jpeg	23762	ebf1ac262949ab91ecd0649e1e644246a1cf5b23b40a69f342af58bcbcc7f1d2	1
../../media/CNX_ElemAlg_Figure_06_02_014a_img_new.jpg	media/CNX_ElemAlg_Figure_06_02_014a_img_new.jpg	image/jpeg	24477	43f8c6d28cd7ee71024b0898ba46deca856344bdd16c2043f70cd9d0d260863b	1
../../media/CNX_ElemAlg_Figure_06_02_014b_img_new.jpg	media/CNX_ElemAlg_Figure_06_02_014b_img_new.jpg	image/jpeg	27017	d7c17e11e659228e7f646ed247e5d201900a63bbd450e07b31ee86f149bfcc48	1
../../media/CNX_ElemAlg_Figure_06_02_014c_img_new.jpg	media/CNX_ElemAlg_Figure_06_02_014c_img_new.jpg	image/jpeg	25012	c83cca4d884aba2be87177e8127568f3a44ea220a30c588295bdbdc7b01d74dc	1
../../media/CNX_ElemAlg_Figure_06_02_015_img.jpg	media/CNX_ElemAlg_Figure_06_02_015_img.jpg	image/jpeg	613273	186c2c204a4cc2d0cb646c4f52f663d0b2cd7a5e09bdcffc5eae1bb9297d16ef	1
../../media/CNX_ElemAlg_Figure_06_02_016_img_new.jpg	media/CNX_ElemAlg_Figure_06_02_016_img_new.jpg	image/jpeg	30108	18e43f93252c62cc08016a054bc41170a0408a12322a2ead1c108ba4ae868b00	1
../../media/CNX_ElemAlg_Figure_06_02_201_img_new.jpg	media/CNX_ElemAlg_Figure_06_02_201_img_new.jpg	image/jpeg	110828	944d79acf43b2c18aff5918964aa8a683717f1bf6c3485110303ee16f2fce948	1
../../media/CNX_ElemAlg_Figure_06_03_001a_img_new.jpg	media/CNX_ElemAlg_Figure_06_03_001a_img_new.jpg	image/jpeg	24425	bd521d9b9ee37fa76ea396766a2c0672c40fc2273e416bc53d45835f3dc06512	1
../../media/CNX_ElemAlg_Figure_06_03_001b_img_new.jpg	media/CNX_ElemAlg_Figure_06_03_001b_img_new.jpg	image/jpeg	21294	5171ea61341e2f3e4189c0e1efd100d2304067c2afeafd0c89263f1e7bfb6e50	1
../../media/CNX_ElemAlg_Figure_06_03_001c_img_new.jpg	media/CNX_ElemAlg_Figure_06_03_001c_img_new.jpg	image/jpeg	20046	685e9feb4b8f3959df77ca8fabdb010f48b3f2677073a6f6d5a1867d42de18b5	1
../../media/CNX_ElemAlg_Figure_06_03_002a_img_new.jpg	media/CNX_ElemAlg_Figure_06_03_002a_img_new.jpg	image/jpeg	25061	24d16b0b4166b48ce1727aef389e04553a917f55471dd5049f51f68a05ed841d	1
../../media/CNX_ElemAlg_Figure_06_03_002b_img_new.jpg	media/CNX_ElemAlg_Figure_06_03_002b_img_new.jpg	image/jpeg	21362	11a15dc69eed99e3a49250b19e40ff978c3a1a599b203155794c5f4322f51e77	1
../../media/CNX_ElemAlg_Figure_06_03_002c_img_new.jpg	media/CNX_ElemAlg_Figure_06_03_002c_img_new.jpg	image/jpeg	21106	636f4e34eb420c7873e9157c3adbf7d123d34be9595271c1b0a323f083832eb1	1
../../media/CNX_ElemAlg_Figure_06_03_003a_img_new.jpg	media/CNX_ElemAlg_Figure_06_03_003a_img_new.jpg	image/jpeg	25466	7dfaddf554bcebd59c78220f6d0c3a5dde0ca8b56469be4b3ff6efd009a0e52d	1
../../media/CNX_ElemAlg_Figure_06_03_003b_img_new.jpg	media/CNX_ElemAlg_Figure_06_03_003b_img_new.jpg	image/jpeg	22905	3a7c94a7e97ea7c12df2175f065c9e5c18dbfe8d9f4c96ddecbdd1aab6ac8393	1
../../media/CNX_ElemAlg_Figure_06_03_003c_img_new.jpg	media/CNX_ElemAlg_Figure_06_03_003c_img_new.jpg	image/jpeg	21553	1e68a7a9c7416feecf372a870c1396cf9681c5caedb819fea2a55723c906f367	1
../../media/CNX_ElemAlg_Figure_06_03_004a_img_new.jpg	media/CNX_ElemAlg_Figure_06_03_004a_img_new.jpg	image/jpeg	27071	d2ea7782de1b2e7e1d4a1e59a6d8f9bf0afa6aa73a54a02c4b4b9232e121d5c3	1
../../media/CNX_ElemAlg_Figure_06_03_004b_img_new.jpg	media/CNX_ElemAlg_Figure_06_03_004b_img_new.jpg	image/jpeg	24077	58c9f9bce9ca920e3e54b02d34b30fe304db623692320a31a8912e668837174e	1
../../media/CNX_ElemAlg_Figure_06_03_004c_img_new.jpg	media/CNX_ElemAlg_Figure_06_03_004c_img_new.jpg	image/jpeg	22053	50faa8c614993c19adabfffc0c7f71e677752c2fb2c8ac633ff241e3bb71e2f3	1
../../media/CNX_ElemAlg_Figure_06_03_005a_img_new.jpg	media/CNX_ElemAlg_Figure_06_03_005a_img_new.jpg	image/jpeg	26871	f8883d94c1723fc0e22167d384be3681532d01149c01cfdd021544c735932c50	1
../../media/CNX_ElemAlg_Figure_06_03_005b_img_new.jpg	media/CNX_ElemAlg_Figure_06_03_005b_img_new.jpg	image/jpeg	24502	a9c03e1db0d0a384413b6f374b4e533811afb5efe8fc8c96f0dccb2ffff08f8f	1
../../media/CNX_ElemAlg_Figure_06_03_005c_img_new.jpg	media/CNX_ElemAlg_Figure_06_03_005c_img_new.jpg	image/jpeg	21647	72fa7c25f4fdca4ed071ab99b57159e3073904c9a65c356f9d2754073519e366	1
../../media/CNX_ElemAlg_Figure_06_03_006a_img_new.jpg	media/CNX_ElemAlg_Figure_06_03_006a_img_new.jpg	image/jpeg	25765	d198a596f698a12e17254119975a0bf79083bc7d4f5faf5655a54d6e07d65bc0	1
../../media/CNX_ElemAlg_Figure_06_03_006b_img_new.jpg	media/CNX_ElemAlg_Figure_06_03_006b_img_new.jpg	image/jpeg	22389	3d3dbfc285cd0ae7a328815846805a8af64330033d5232042fb39fa651245f54	1
../../media/CNX_ElemAlg_Figure_06_03_006c_img_new.jpg	media/CNX_ElemAlg_Figure_06_03_006c_img_new.jpg	image/jpeg	22262	a81f93b45bb960ffc9ad2eb1251472eafd171b8ecad8e02b679c58fa49c095e5	1
../../media/CNX_ElemAlg_Figure_06_03_007a_img_new.jpg	media/CNX_ElemAlg_Figure_06_03_007a_img_new.jpg	image/jpeg	25210	ab2c712ca78b704fada18ba287ee1c20f2c9005e1e351a6512a4f9d1172d64e1	1
../../media/CNX_ElemAlg_Figure_06_03_007b_img_new.jpg	media/CNX_ElemAlg_Figure_06_03_007b_img_new.jpg	image/jpeg	23002	46bfcf85035826b6c545ebff8e0c9736829221ce2b7c39a397cf776848c442d4	1
../../media/CNX_ElemAlg_Figure_06_03_007c_img_new.jpg	media/CNX_ElemAlg_Figure_06_03_007c_img_new.jpg	image/jpeg	29493	ef0b7356343edd9b126f010a2f6c8aa2e85302c26e16b6b5522fb7cc75ad1398	1
../../media/CNX_ElemAlg_Figure_06_03_007d_img_new.jpg	media/CNX_ElemAlg_Figure_06_03_007d_img_new.jpg	image/jpeg	33236	34274894cf886c44b42a79846f3990f108f4d912a3d33e19fbf4c8f2aa108b7c	1
../../media/CNX_ElemAlg_Figure_06_03_007e_img_new.jpg	media/CNX_ElemAlg_Figure_06_03_007e_img_new.jpg	image/jpeg	23892	e4956c4ccb403bae8003189846a8cea59b9e915a5ac57a75a5701c47a9b55af7	1
../../media/CNX_ElemAlg_Figure_06_03_007f_img_new.jpg	media/CNX_ElemAlg_Figure_06_03_007f_img_new.jpg	image/jpeg	25164	e0a0f1909dc046fd8327eed1a77f28d570b77e1a798ac3e6871fe09de207a2c0	1
../../media/CNX_ElemAlg_Figure_06_03_008a_img_new.jpg	media/CNX_ElemAlg_Figure_06_03_008a_img_new.jpg	image/jpeg	31655	0d2cdd0180e4fd8b7f350d5ca9a8d3002c6bf8301b598528dce4fb88e607f6fe	1
../../media/CNX_ElemAlg_Figure_06_03_008b_img_new.jpg	media/CNX_ElemAlg_Figure_06_03_008b_img_new.jpg	image/jpeg	29240	1ecc5b6f3e853fa2fb5921695a415f74b187ba1c3dc35714c51d154d2b4e91e5	1
../../media/CNX_ElemAlg_Figure_06_03_008c_img_new.jpg	media/CNX_ElemAlg_Figure_06_03_008c_img_new.jpg	image/jpeg	25393	c872d6ccfe54ed3c78e83db3de40e681dd15d566e51acf93332a464da2cf77b9	1
../../media/CNX_ElemAlg_Figure_06_03_008d_img_new.jpg	media/CNX_ElemAlg_Figure_06_03_008d_img_new.jpg	image/jpeg	25215	d9816ecd1d7fe402824d2e526a218cb6e4001183d8c432ad93879d557dacabf2	1
../../media/CNX_ElemAlg_Figure_06_03_009a_img_new.jpg	media/CNX_ElemAlg_Figure_06_03_009a_img_new.jpg	image/jpeg	29554	8969c1b43555786f4976e46088c7edfdd7e41486a97b0ff9c840740763c44a8a	1
../../media/CNX_ElemAlg_Figure_06_03_009b_img_new.jpg	media/CNX_ElemAlg_Figure_06_03_009b_img_new.jpg	image/jpeg	28243	ce36dfd3f9dc8214047673224b57942519c0b1ac20a0f1d5162f843da1846152	1
../../media/CNX_ElemAlg_Figure_06_03_009c_img_new.jpg	media/CNX_ElemAlg_Figure_06_03_009c_img_new.jpg	image/jpeg	25303	bcc30d5202e8fc2a023597d2629b94181e1ea06b96d1f40873dd00c3870d5b4c	1
../../media/CNX_ElemAlg_Figure_06_03_009d_img_new.jpg	media/CNX_ElemAlg_Figure_06_03_009d_img_new.jpg	image/jpeg	24624	65c50a45046e2cc251508c9f959015ed353f1806cf57aaac57b700f580872057	1
../../media/CNX_ElemAlg_Figure_06_03_010a_img_new.jpg	media/CNX_ElemAlg_Figure_06_03_010a_img_new.jpg	image/jpeg	33957	005bf36c591ab8a4b2b5833791a4521460a40456a78466460167682ac29107fe	1
../../media/CNX_ElemAlg_Figure_06_03_010b_img_new.jpg	media/CNX_ElemAlg_Figure_06_03_010b_img_new.jpg	image/jpeg	28716	9cdeb06dbccd95151abdf3c434d3e8dc26cc007ea3d69f5625479f03343a158f	1
../../media/CNX_ElemAlg_Figure_06_03_010c_img_new.jpg	media/CNX_ElemAlg_Figure_06_03_010c_img_new.jpg	image/jpeg	25904	d04b2db8ef4735e99411289496787e6550758b2f998de453fd151cb47ebf8d9a	1
../../media/CNX_ElemAlg_Figure_06_03_010d_img_new.jpg	media/CNX_ElemAlg_Figure_06_03_010d_img_new.jpg	image/jpeg	24813	9c1dc1dd485b19f36830619d63385768aba0e5916fe8b7035b726cddbb882c93	1
../../media/CNX_ElemAlg_Figure_06_03_011a_img_new.jpg	media/CNX_ElemAlg_Figure_06_03_011a_img_new.jpg	image/jpeg	29740	efa81fc6b384c72e77f0e46255dd233cd5f6477cb57fe683c8b944a763b144ad	1
../../media/CNX_ElemAlg_Figure_06_03_011b_img_new.jpg	media/CNX_ElemAlg_Figure_06_03_011b_img_new.jpg	image/jpeg	29006	f33f9687e64e608f17d7e5ab5508448c189bfeba20dde39d41eb0b4acf856d08	1
../../media/CNX_ElemAlg_Figure_06_03_011c_img_new.jpg	media/CNX_ElemAlg_Figure_06_03_011c_img_new.jpg	image/jpeg	26506	16856b030c92d63c0e357c43f36b5f8d1f00ac0d4661cb3577441e5933f32d73	1
../../media/CNX_ElemAlg_Figure_06_03_012_img_new.jpg	media/CNX_ElemAlg_Figure_06_03_012_img_new.jpg	image/jpeg	67781	656b934ee9898d18b43a1cec6ed0fafe6f4ed05a0cf9849d1ab9124ccb03fee7	1
../../media/CNX_ElemAlg_Figure_06_03_013a_img_new.jpg	media/CNX_ElemAlg_Figure_06_03_013a_img_new.jpg	image/jpeg	32994	fb4c14e1465493e05194cdd971a08513d258404c7c38fb149cd6fb7a04f7bfca	1
../../media/CNX_ElemAlg_Figure_06_03_013b_img_new.jpg	media/CNX_ElemAlg_Figure_06_03_013b_img_new.jpg	image/jpeg	28899	b84369c0ccccfbbb6750838e7368be5c79fcf71c32de3e3c33883face45dccae	1
../../media/CNX_ElemAlg_Figure_06_03_013c_img_new.jpg	media/CNX_ElemAlg_Figure_06_03_013c_img_new.jpg	image/jpeg	28028	5016b17c619bf88a4064b98be6a5bd0aa080010cb7c02046a8dbefda3eba58de	1
../../media/CNX_ElemAlg_Figure_06_03_013d_img_new.jpg	media/CNX_ElemAlg_Figure_06_03_013d_img_new.jpg	image/jpeg	27716	1c68e0cddbad380636a4ce47b673b9bf6e0c1f0d945df32ea900889351dc75af	1
../../media/CNX_ElemAlg_Figure_06_03_013e_img_new.jpg	media/CNX_ElemAlg_Figure_06_03_013e_img_new.jpg	image/jpeg	24296	d65891a0725856d065995574af93fbb28013123d326e19b130fe71cc628aa64c	1
../../media/CNX_ElemAlg_Figure_06_03_016_img_new.jpg	media/CNX_ElemAlg_Figure_06_03_016_img_new.jpg	image/jpeg	79047	bde4eeeb6cbfd0ae3e5e73b49ae31a2f805cff737e0beda3e0015177f84a3f0f	1
../../media/CNX_ElemAlg_Figure_06_03_017_img_new.jpg	media/CNX_ElemAlg_Figure_06_03_017_img_new.jpg	image/jpeg	81857	c550495c0b7fe4d6957dbde0877c824b61a1b5de567cae6485e2e08eeab2c851	1
../../media/CNX_ElemAlg_Figure_06_03_018a_img_new.jpg	media/CNX_ElemAlg_Figure_06_03_018a_img_new.jpg	image/jpeg	28419	4958feb380325342fe9448815e78e7174be794aa330fd696006884045931d8b1	1
../../media/CNX_ElemAlg_Figure_06_03_018b_img_new.jpg	media/CNX_ElemAlg_Figure_06_03_018b_img_new.jpg	image/jpeg	39557	084205d08a1bc4655db709a3fb81c40f92322b5ee0653dca1a16b0150c003760	1
../../media/CNX_ElemAlg_Figure_06_03_018c_img_new.jpg	media/CNX_ElemAlg_Figure_06_03_018c_img_new.jpg	image/jpeg	30850	df539ecd2c329375749aab20df65e44a3361c828cbf33c490218fb98034870e2	1
../../media/CNX_ElemAlg_Figure_06_03_018d_img_new.jpg	media/CNX_ElemAlg_Figure_06_03_018d_img_new.jpg	image/jpeg	31983	045eb6999da81fae4e172a38862a2b4a62b09c8590c6a59f15bf1008d3d4b937	1
../../media/CNX_ElemAlg_Figure_06_03_018e_img_new.jpg	media/CNX_ElemAlg_Figure_06_03_018e_img_new.jpg	image/jpeg	33810	b2004777bd2d844b8d82fe25b9d3b306944b59919643966413d478fbf14de55d	1
../../media/CNX_ElemAlg_Figure_06_03_018f_img_new.jpg	media/CNX_ElemAlg_Figure_06_03_018f_img_new.jpg	image/jpeg	34019	d6ee5c7d3c12ac719cd4590761e9a48f596f545241ccf8ba9ca9f1730f82ecd5	1
../../media/CNX_ElemAlg_Figure_06_03_018g_img_new.jpg	media/CNX_ElemAlg_Figure_06_03_018g_img_new.jpg	image/jpeg	31278	f797e9e60836e7393b5548285890ba5f000c853c38447a9216a58fe37f21d56d	1
../../media/CNX_ElemAlg_Figure_06_03_019a_img_new.jpg	media/CNX_ElemAlg_Figure_06_03_019a_img_new.jpg	image/jpeg	28731	b3188f728edf723076102f780a206ca710684e587b411736359bae610baa8b6d	1
../../media/CNX_ElemAlg_Figure_06_03_019b_img_new.jpg	media/CNX_ElemAlg_Figure_06_03_019b_img_new.jpg	image/jpeg	41869	be427ba00ed6fb84673ed118a64f0bd430a9604a9da52733d2a3eb586f33656a	1
../../media/CNX_ElemAlg_Figure_06_03_019c_img_new.jpg	media/CNX_ElemAlg_Figure_06_03_019c_img_new.jpg	image/jpeg	31186	6abb97c7903f90b9a5bc3cb215db290b0a27310e77d881807a601051666165c8	1
../../media/CNX_ElemAlg_Figure_06_03_019d_img_new.jpg	media/CNX_ElemAlg_Figure_06_03_019d_img_new.jpg	image/jpeg	32414	95355f5b214c96819c9d1b5a01a80cdcffd4d2c713473f5b867e090e8eef5b34	1
../../media/CNX_ElemAlg_Figure_06_03_019e_img_new.jpg	media/CNX_ElemAlg_Figure_06_03_019e_img_new.jpg	image/jpeg	33365	cdb86cd1de6b5263fc71f58443cf9b312369b435edd70a65252f441ce6c1f49c	1
../../media/CNX_ElemAlg_Figure_06_03_019f_img_new.jpg	media/CNX_ElemAlg_Figure_06_03_019f_img_new.jpg	image/jpeg	33431	08cdef1ce2fc89d1a972d73e011269ca922b97056170b5fb933c3bc82953a245	1
../../media/CNX_ElemAlg_Figure_06_03_019g_img_new.jpg	media/CNX_ElemAlg_Figure_06_03_019g_img_new.jpg	image/jpeg	30304	5c276175c48abbe505fdd89b3fdcd250a421141844eef6b3c8e33f0b7462091b	1
../../media/CNX_ElemAlg_Figure_06_03_020a_img_new.jpg	media/CNX_ElemAlg_Figure_06_03_020a_img_new.jpg	image/jpeg	29476	98c1bb9d3dbfb2780fc242c98b070d1f5e51d37a16b9187d15834d4f4a49a47b	1
../../media/CNX_ElemAlg_Figure_06_03_020b_img_new.jpg	media/CNX_ElemAlg_Figure_06_03_020b_img_new.jpg	image/jpeg	38684	33970e405f6f5edc811a5345b9bb99ed440fbf1f7fa52f01ce97dd623ae8c205	1
../../media/CNX_ElemAlg_Figure_06_03_020c_img_new.jpg	media/CNX_ElemAlg_Figure_06_03_020c_img_new.jpg	image/jpeg	32106	2c54815c451b01b1b5954fb0f65dcaa781c56b7d74ff62510eb65d80323b63be	1
../../media/CNX_ElemAlg_Figure_06_03_020d_img_new.jpg	media/CNX_ElemAlg_Figure_06_03_020d_img_new.jpg	image/jpeg	34035	fed24ffffbf098956598349f8e10fc011a75c1e21acdc62721b6f31e6105a8d0	1
../../media/CNX_ElemAlg_Figure_06_03_020e_img_new.jpg	media/CNX_ElemAlg_Figure_06_03_020e_img_new.jpg	image/jpeg	35238	6198a97f9cab0f4c5d31b70e420c50b1b93b51dac1122c27383b25edf69698c5	1
../../media/CNX_ElemAlg_Figure_06_03_020f_img_new.jpg	media/CNX_ElemAlg_Figure_06_03_020f_img_new.jpg	image/jpeg	35793	5d00ea55cee473b221d6b9ced4e02fd7f6fef52acd873569dd629f15167189ac	1
../../media/CNX_ElemAlg_Figure_06_03_020g_img_new.jpg	media/CNX_ElemAlg_Figure_06_03_020g_img_new.jpg	image/jpeg	31691	5c659cf0e8f050bd16aa8e9ae87e0346ee57d2234099f975571c280407635275	1
../../media/CNX_ElemAlg_Figure_06_03_021_img_new.jpg	media/CNX_ElemAlg_Figure_06_03_021_img_new.jpg	image/jpeg	47002	ca21cb8fd1775bc654449a32e405055d871772f8b6ad3fe1f8660c55fcaaf86c	1
../../media/CNX_ElemAlg_Figure_06_03_022a_img_new.jpg	media/CNX_ElemAlg_Figure_06_03_022a_img_new.jpg	image/jpeg	28441	c4751a5f5d05c833817ece1de83d12a882011608f7ad4f1ebef005663f636d97	1
../../media/CNX_ElemAlg_Figure_06_03_022b_img_new.jpg	media/CNX_ElemAlg_Figure_06_03_022b_img_new.jpg	image/jpeg	30407	efe2680224d98c1fbb94d4c6e4c451aec8c25e927516bfd829ac3406760fd358	1
../../media/CNX_ElemAlg_Figure_06_03_022c_img_new.jpg	media/CNX_ElemAlg_Figure_06_03_022c_img_new.jpg	image/jpeg	32076	9ba38a6cda5a4108d806a1b3f7b692bb98b0a38c592c4147604cacb64d7b76e5	1
../../media/CNX_ElemAlg_Figure_06_03_022d_img_new.jpg	media/CNX_ElemAlg_Figure_06_03_022d_img_new.jpg	image/jpeg	29319	6a3201374597282e8fbea390ae0b35ca91296b1c789fe3135f271652326829b5	1
../../media/CNX_ElemAlg_Figure_06_03_022e_img_new.jpg	media/CNX_ElemAlg_Figure_06_03_022e_img_new.jpg	image/jpeg	38680	6294f9158ca52bea0676b10bd921dc66d781b387bef6949a34804b0b8bcc2ec0	1
../../media/CNX_ElemAlg_Figure_06_03_022f_img_new.jpg	media/CNX_ElemAlg_Figure_06_03_022f_img_new.jpg	image/jpeg	34382	f928c8130c8a81af47e1615461fa807e6d037ec950b81ab7a1e8121bfcb68cb1	1
../../media/CNX_ElemAlg_Figure_06_03_022g_img_new.jpg	media/CNX_ElemAlg_Figure_06_03_022g_img_new.jpg	image/jpeg	31417	d13859982d5a6a289ce80aed815d75711320fa4de53ef920fdbb0e268300b395	1
../../media/CNX_ElemAlg_Figure_06_03_023_img_new.jpg	media/CNX_ElemAlg_Figure_06_03_023_img_new.jpg	image/jpeg	46801	1b397e8b6b2a1339fe4eb4a24f360a040e2cd9dfe833fc87cd413ce1162de19a	1
../../media/CNX_ElemAlg_Figure_06_03_024a_img_new.jpg	media/CNX_ElemAlg_Figure_06_03_024a_img_new.jpg	image/jpeg	32491	6c829c1fe4b7fc8e9cd4dc6d9282396ef441ab1eb2a899cc55cae303a618b644	1
../../media/CNX_ElemAlg_Figure_06_03_024b_img_new.jpg	media/CNX_ElemAlg_Figure_06_03_024b_img_new.jpg	image/jpeg	42136	83bd36b1fa6eccce93e29f72c0832cceafe62a89982c2e42e57ab491601641e0	1
../../media/CNX_ElemAlg_Figure_06_03_024c_img_new.jpg	media/CNX_ElemAlg_Figure_06_03_024c_img_new.jpg	image/jpeg	25412	36582fe258ac0b7636f5068c87abb9ac20028e7e30ab72ea2bd707fbcae9f732	1
../../media/CNX_ElemAlg_Figure_06_03_024d_img_new.jpg	media/CNX_ElemAlg_Figure_06_03_024d_img_new.jpg	image/jpeg	23735	99b886b78055bf80bad2234913dfe9d341784902d5bd1a8568810fde2ae42032	1
../../media/CNX_ElemAlg_Figure_06_03_025a_img_new.jpg	media/CNX_ElemAlg_Figure_06_03_025a_img_new.jpg	image/jpeg	37542	09a794723fb50d2a26f2b15748039133a808b9863d7ca9859b12540c053b2ca3	1
../../media/CNX_ElemAlg_Figure_06_03_025b_img_new.jpg	media/CNX_ElemAlg_Figure_06_03_025b_img_new.jpg	image/jpeg	31601	894bfbff44265115f0b3ab48d97a00c917d6e71ca6b9381f8599bb2f8e396ffd	1
../../media/CNX_ElemAlg_Figure_06_03_025c_img_new.jpg	media/CNX_ElemAlg_Figure_06_03_025c_img_new.jpg	image/jpeg	31258	0860db8920791e7046f05a59c01270e3af285b0cbf89f1735a0f9ea120b0089c	1
../../media/CNX_ElemAlg_Figure_06_03_026_img_new.jpg	media/CNX_ElemAlg_Figure_06_03_026_img_new.jpg	image/jpeg	46936	1ec260a8c1627a120ec69c9741502fa0f12fc1a3afe2011a31b0748081dc5c4d	1
../../media/CNX_ElemAlg_Figure_06_03_201_img_new.jpg	media/CNX_ElemAlg_Figure_06_03_201_img_new.jpg	image/jpeg	64854	34851dd6fd2649fb44c4a32cb5e74961603a614a8caa11bb8c53d118b4a0e5ba	1
../../media/CNX_ElemAlg_Figure_06_04_001_img_new.jpg	media/CNX_ElemAlg_Figure_06_04_001_img_new.jpg	image/jpeg	38581	7f2f23604e02af41d4517ac03c233ec839e8cc310c3d7dc3096c3c6be9686450	1
../../media/CNX_ElemAlg_Figure_06_04_003a_img_new.jpg	media/CNX_ElemAlg_Figure_06_04_003a_img_new.jpg	image/jpeg	20086	80f75818ffd75fe49ca0e4caf4fabc216af87aeb07e720b5bb5475cec855a066	1
../../media/CNX_ElemAlg_Figure_06_04_003b_img_new.jpg	media/CNX_ElemAlg_Figure_06_04_003b_img_new.jpg	image/jpeg	23561	1ead1530a342b7a3b53823d381859dfe55408420792243354ff47e0176fa0de6	1
../../media/CNX_ElemAlg_Figure_06_04_003c_img_new.jpg	media/CNX_ElemAlg_Figure_06_04_003c_img_new.jpg	image/jpeg	23874	6da64bb89aae89b69f82e3dd26d6dd5bdd64e6f1daaaa1b6ed21a652a35e7b5d	1
../../media/CNX_ElemAlg_Figure_06_04_003d_img_new.jpg	media/CNX_ElemAlg_Figure_06_04_003d_img_new.jpg	image/jpeg	27609	7f62e1acdfc90eb0cbc25fbf5faee162341d6d45e84683c4e0f718749798119e	1
../../media/CNX_ElemAlg_Figure_06_04_003e_img_new.jpg	media/CNX_ElemAlg_Figure_06_04_003e_img_new.jpg	image/jpeg	19978	7f32aeaf6fdf8d51b2b9c38d509d1bdf22ef7507c82a84583f011f638d066b07	1
../../media/CNX_ElemAlg_Figure_06_04_004a_img_new.jpg	media/CNX_ElemAlg_Figure_06_04_004a_img_new.jpg	image/jpeg	19944	dfccb3b42e7839d6dbcdebf8db29cc9b8f649a60321a010cc1b78e6e614fa022	1
../../media/CNX_ElemAlg_Figure_06_04_004b_img_new.jpg	media/CNX_ElemAlg_Figure_06_04_004b_img_new.jpg	image/jpeg	23206	94a4a8f6f1c7b609c6c153bea6a9abfb89d0349a19a56eb812adbbe0fa7962f3	1
../../media/CNX_ElemAlg_Figure_06_04_004c_img_new.jpg	media/CNX_ElemAlg_Figure_06_04_004c_img_new.jpg	image/jpeg	23678	84d002e79ff1f3563b6b0a1915ae77ecd0413ffa26cbe229351d77e0a7319d84	1
../../media/CNX_ElemAlg_Figure_06_04_004d_img_new.jpg	media/CNX_ElemAlg_Figure_06_04_004d_img_new.jpg	image/jpeg	26534	4a6bcb2218787347780349409350ee7b5326586d5b5774e744e41fca82a5b154	1
../../media/CNX_ElemAlg_Figure_06_04_004e_img_new.jpg	media/CNX_ElemAlg_Figure_06_04_004e_img_new.jpg	image/jpeg	19560	1e27e642c42435aa03300179b20e411c5399e6486d2cc01a5b0a153f1cac6f18	1
../../media/CNX_ElemAlg_Figure_06_04_005a_img_new.jpg	media/CNX_ElemAlg_Figure_06_04_005a_img_new.jpg	image/jpeg	20791	3db931774440fb379d86ecc3acd31aaad25bf5fe7ba87f5b39e4c3a1705a0bc6	1
../../media/CNX_ElemAlg_Figure_06_04_005b_img_new.jpg	media/CNX_ElemAlg_Figure_06_04_005b_img_new.jpg	image/jpeg	27557	a6d9f678e10a20475a167dba788bccf10da6a035bf394690a034d0ee69b01fc7	1
../../media/CNX_ElemAlg_Figure_06_04_005c_img_new.jpg	media/CNX_ElemAlg_Figure_06_04_005c_img_new.jpg	image/jpeg	20572	1752269f587d950870b0f22b9ea3fd76b708205efbd31763bde9f3e184d74b1b	1
../../media/CNX_ElemAlg_Figure_06_04_006a_img_new.jpg	media/CNX_ElemAlg_Figure_06_04_006a_img_new.jpg	image/jpeg	20933	7163d97db70570dd2f6a31858dda1c3930e71a1689257e7f25d29476e59a1d2c	1
../../media/CNX_ElemAlg_Figure_06_04_006b_img_new.jpg	media/CNX_ElemAlg_Figure_06_04_006b_img_new.jpg	image/jpeg	27967	8912b8502c589d2feb64fd618010047f0da96900a6fb19546b8eb0a345f464a8	1
../../media/CNX_ElemAlg_Figure_06_04_006c_img_new.jpg	media/CNX_ElemAlg_Figure_06_04_006c_img_new.jpg	image/jpeg	19996	de13f7f47065794bd1da98f9b52cc76c4576228c77b66f29e1744dd3cd4d548a	1
../../media/CNX_ElemAlg_Figure_06_04_007a_img_new.jpg	media/CNX_ElemAlg_Figure_06_04_007a_img_new.jpg	image/jpeg	22368	02f7ad56df487a5216337c3ff16d9158d7868c810fdb85cb3b98590c174ad333	1
../../media/CNX_ElemAlg_Figure_06_04_007b_img_new.jpg	media/CNX_ElemAlg_Figure_06_04_007b_img_new.jpg	image/jpeg	29341	eb089550db71042e1632045b86713b50b85d8dd39d07d5810c7b8c7e390d2da0	1
../../media/CNX_ElemAlg_Figure_06_04_007c_img_new.jpg	media/CNX_ElemAlg_Figure_06_04_007c_img_new.jpg	image/jpeg	19357	26829724a74c1a6d5830605e2006fa31ea87bc4c09d6fbf2b0bb1b462d7fffe4	1
../../media/CNX_ElemAlg_Figure_06_04_008_img_new.jpg	media/CNX_ElemAlg_Figure_06_04_008_img_new.jpg	image/jpeg	17025	b9f3148f28e0b30356f98ed511d23f5590ab962c24395976ebe938e9aaa0d624	1
../../media/CNX_ElemAlg_Figure_06_04_009_img_new.jpg	media/CNX_ElemAlg_Figure_06_04_009_img_new.jpg	image/jpeg	14249	7c7b454f85e0bae97fe61b43db136bf2038ed360871098fa4b57c6b266062a65	1
../../media/CNX_ElemAlg_Figure_06_04_010_img_new.jpg	media/CNX_ElemAlg_Figure_06_04_010_img_new.jpg	image/jpeg	25929	139375d413ede73857f2dc330492d0e40e43e599f6c7a0dfb69a5ac08036eb5f	1
../../media/CNX_ElemAlg_Figure_06_04_011_img_new.jpg	media/CNX_ElemAlg_Figure_06_04_011_img_new.jpg	image/jpeg	29863	7350b7472e4e3efececca38d049408c2f1f558a6812f42731a5ac36f7b159877	1
../../media/CNX_ElemAlg_Figure_06_04_012_img_new.jpg	media/CNX_ElemAlg_Figure_06_04_012_img_new.jpg	image/jpeg	40781	ecb5de21740341253ae2cd12deede2878e927041faddfe90550bd8777bbb8b6c	1
../../media/CNX_ElemAlg_Figure_06_04_013_img_new.jpg	media/CNX_ElemAlg_Figure_06_04_013_img_new.jpg	image/jpeg	41573	736294b64108d1ee839ac45b6c31272d4dc4eb3d60f670109d858eb169cbd5ec	1
../../media/CNX_ElemAlg_Figure_06_04_013a_img_new.jpg	media/CNX_ElemAlg_Figure_06_04_013a_img_new.jpg	image/jpeg	28880	5347ed73dd26cf1b3c0a2c41482c1466621da07db5ab2fe40419a5f1f4beef04	1
../../media/CNX_ElemAlg_Figure_06_04_013b_img_new.jpg	media/CNX_ElemAlg_Figure_06_04_013b_img_new.jpg	image/jpeg	22180	ce94e004b82e27eb37477ba4774190146a08b72a0aaee22990f6640991d15f96	1
../../media/CNX_ElemAlg_Figure_06_04_013c_img_new.jpg	media/CNX_ElemAlg_Figure_06_04_013c_img_new.jpg	image/jpeg	23203	457fe64142c189c29b48af86495086f0621b8d36a07abc4dc3b161991ba082ca	1
../../media/CNX_ElemAlg_Figure_06_04_013d_img_new.jpg	media/CNX_ElemAlg_Figure_06_04_013d_img_new.jpg	image/jpeg	23622	f4e8cd9fc17767fb5941fd35962dde88b84bfdb0602320e7b9aa1bd38e9e78ae	1
../../media/CNX_ElemAlg_Figure_06_04_014a_img_new.jpg	media/CNX_ElemAlg_Figure_06_04_014a_img_new.jpg	image/jpeg	29077	9c92d26b2cacd656e34e5f55aea1f5a4d403eea8bdf143833225e3a84cc74a75	1
../../media/CNX_ElemAlg_Figure_06_04_014b_img_new.jpg	media/CNX_ElemAlg_Figure_06_04_014b_img_new.jpg	image/jpeg	24203	af7a478146fdb781739280c3e124bbc2e980c381704887efa69b6d45a8dc6bd4	1
../../media/CNX_ElemAlg_Figure_06_04_014c_img_new.jpg	media/CNX_ElemAlg_Figure_06_04_014c_img_new.jpg	image/jpeg	24828	dcd5b08663a2fe55048ef2feff4cbbb1ed6a791aac4f29a2735e748638a9b5a4	1
../../media/CNX_ElemAlg_Figure_06_04_014d_img_new.jpg	media/CNX_ElemAlg_Figure_06_04_014d_img_new.jpg	image/jpeg	24669	17b0fe42cc34c82411cac8f1a0046ecce42ae6cbe7d13c9fdbbfc4e6632882ff	1
../../media/CNX_ElemAlg_Figure_06_04_015a_img_new.jpg	media/CNX_ElemAlg_Figure_06_04_015a_img_new.jpg	image/jpeg	29765	562eef16ac9082d8847a18179d5c3d304504f0652fd9ae183218a6cf731086fd	1
../../media/CNX_ElemAlg_Figure_06_04_015b_img_new.jpg	media/CNX_ElemAlg_Figure_06_04_015b_img_new.jpg	image/jpeg	24877	a8c1da63816a0e1db70b0d56cdaf1fc350e9b7ac0faece518886447ad2078125	1
../../media/CNX_ElemAlg_Figure_06_04_015c_img_new.jpg	media/CNX_ElemAlg_Figure_06_04_015c_img_new.jpg	image/jpeg	22143	d703f62f80d51767e1fb18c9749f28b39afb304773b5452f7272685bd2442caa	1
../../media/CNX_ElemAlg_Figure_06_04_016a_img_new.jpg	media/CNX_ElemAlg_Figure_06_04_016a_img_new.jpg	image/jpeg	30454	5241854d64f265d72b3c2b4ad726033f352a2d4014f45e9f4adaf1155d3c1fbb	1
../../media/CNX_ElemAlg_Figure_06_04_016b_img_new.jpg	media/CNX_ElemAlg_Figure_06_04_016b_img_new.jpg	image/jpeg	25974	9a867c2d9a0e53ba6a3194e695ff60bb96a91644f63804e64761101b3fccc042	1
../../media/CNX_ElemAlg_Figure_06_04_016c_img_new.jpg	media/CNX_ElemAlg_Figure_06_04_016c_img_new.jpg	image/jpeg	23635	a203be181905af024eb8bc1a257fdad6339710a15e49410f37b8d8ca71c8d24e	1
../../media/CNX_ElemAlg_Figure_06_04_017a_img_new.jpg	media/CNX_ElemAlg_Figure_06_04_017a_img_new.jpg	image/jpeg	32394	e0dd2847fb710e506532f7c0998929315de05247e57cf14e849d32ad359dc509	1
../../media/CNX_ElemAlg_Figure_06_04_017b_img_new.jpg	media/CNX_ElemAlg_Figure_06_04_017b_img_new.jpg	image/jpeg	27848	9f135567a58d2d78452388110a7d2027a33d21785aee0a8b44c07a012e20c9ff	1
../../media/CNX_ElemAlg_Figure_06_04_017c_img_new.jpg	media/CNX_ElemAlg_Figure_06_04_017c_img_new.jpg	image/jpeg	23810	8fe945d92bc99ae14e468111790337222b62ff164702d8789b8277f6c3e208db	1
../../media/CNX_ElemAlg_Figure_06_04_018a_img_new.jpg	media/CNX_ElemAlg_Figure_06_04_018a_img_new.jpg	image/jpeg	31827	6fbc6b91ac165ebe6dc249e099f321f01f2b5094221d4aa8aea346ca47c10a91	1
../../media/CNX_ElemAlg_Figure_06_04_018b_img_new.jpg	media/CNX_ElemAlg_Figure_06_04_018b_img_new.jpg	image/jpeg	27465	281f0f835c27940289abd811392b253af57514c701c49e91234f455a1a23e367	1
../../media/CNX_ElemAlg_Figure_06_04_018c_img_new.jpg	media/CNX_ElemAlg_Figure_06_04_018c_img_new.jpg	image/jpeg	24715	10308e1bb5f7d9bab9f48e4a375db19f79a5d3777cbd8772bb2b811f8944c0db	1
../../media/CNX_ElemAlg_Figure_06_04_019a_img_new.jpg	media/CNX_ElemAlg_Figure_06_04_019a_img_new.jpg	image/jpeg	33044	a410f595e40d21b853877c1cd071cb6169cbd9587835cd4f702f80e22b06de0e	1
../../media/CNX_ElemAlg_Figure_06_04_019b_img_new.jpg	media/CNX_ElemAlg_Figure_06_04_019b_img_new.jpg	image/jpeg	27756	f4fb5cb3ccbc43f9c3fd6c2de5d78900ad0abb13c0ccf81ad3052088c4d8e305	1
../../media/CNX_ElemAlg_Figure_06_04_019c_img_new.jpg	media/CNX_ElemAlg_Figure_06_04_019c_img_new.jpg	image/jpeg	23909	db88ec80d5a575082c23acba321cdcb6ef6ef5462651956705d4166295468b1d	1
../../media/CNX_ElemAlg_Figure_06_04_020_img_new.jpg	media/CNX_ElemAlg_Figure_06_04_020_img_new.jpg	image/jpeg	27946	2052db3e213c58f28528ec1d089f5e7fee22309a5ecf4251899b61747bc82230	1
../../media/CNX_ElemAlg_Figure_06_04_021a_img_new.jpg	media/CNX_ElemAlg_Figure_06_04_021a_img_new.jpg	image/jpeg	22880	3e7e239c5efe148cca0b05e85ab80209dbc81377f250b64ab997668f9dd34403	1
../../media/CNX_ElemAlg_Figure_06_04_021b_img_new.jpg	media/CNX_ElemAlg_Figure_06_04_021b_img_new.jpg	image/jpeg	28028	075750ce9f1aa5914bb8b0a954c6f87a6d7350cce2adcb340728c1248455f425	1
../../media/CNX_ElemAlg_Figure_06_04_021c_img_new.jpg	media/CNX_ElemAlg_Figure_06_04_021c_img_new.jpg	image/jpeg	22380	1d3a70c86efc08576828e4942f033a11dfe7382ac0f3f7ca371496548cf1971b	1
../../media/CNX_ElemAlg_Figure_06_04_022a_img_new.jpg	media/CNX_ElemAlg_Figure_06_04_022a_img_new.jpg	image/jpeg	23027	d02d075bf4c06cc53c7c0940214349e4e6d70d5c32f49fabee29c9a77b4a908e	1
../../media/CNX_ElemAlg_Figure_06_04_022b_img_new.jpg	media/CNX_ElemAlg_Figure_06_04_022b_img_new.jpg	image/jpeg	29105	48866bc9d91d9d57f1db5ff7a97b726b647a4eb659fdc8fde9c74a1bab16096b	1
../../media/CNX_ElemAlg_Figure_06_04_022c_img_new.jpg	media/CNX_ElemAlg_Figure_06_04_022c_img_new.jpg	image/jpeg	22409	01dff07ef2cc95dae0f74cf322f5b51a2fbb7886c1a8ffa13c27afb628162c6d	1
../../media/CNX_ElemAlg_Figure_06_04_023_img_new.jpg	media/CNX_ElemAlg_Figure_06_04_023_img_new.jpg	image/jpeg	31806	c2c589b2766e42a9ec5208203b813d8527c75ee50d89f796244a244aa394bc1a	1
../../media/CNX_ElemAlg_Figure_06_04_201_img_new.jpg	media/CNX_ElemAlg_Figure_06_04_201_img_new.jpg	image/jpeg	77126	17f29ad70f242c21167f1b169ee6101577f06f6e7666a1ca1088e7a071821c33	1
../../media/CNX_ElemAlg_Figure_06_05_001a_img_new.jpg	media/CNX_ElemAlg_Figure_06_05_001a_img_new.jpg	image/jpeg	26873	95acf250ce0b70718568fc997bd5ef7472d94bb377e539016ecece01771c4444	1
../../media/CNX_ElemAlg_Figure_06_05_001b_img_new.jpg	media/CNX_ElemAlg_Figure_06_05_001b_img_new.jpg	image/jpeg	29256	c9642738573ff4b044c7c8cdae04f5acac0912788ad5d15a890a32641f9f104e	1
../../media/CNX_ElemAlg_Figure_06_05_001c_img_new.jpg	media/CNX_ElemAlg_Figure_06_05_001c_img_new.jpg	image/jpeg	27002	a77af7c7ed7822d212e704bd4f63722d15ab2a30426ccf8f8c4508d1e1bf422e	1
../../media/CNX_ElemAlg_Figure_06_05_002a_img_new.jpg	media/CNX_ElemAlg_Figure_06_05_002a_img_new.jpg	image/jpeg	15965	afc6a8b75eac8c237c180497ec59919d1f7113cfa68c04f1f664bfd9857f3359	1
../../media/CNX_ElemAlg_Figure_06_05_002b_img_new.jpg	media/CNX_ElemAlg_Figure_06_05_002b_img_new.jpg	image/jpeg	17209	9933c3797d5cc1106a9f39080dd157dd466f1c422cb1d206e87200090529779c	1
../../media/CNX_ElemAlg_Figure_06_05_002c_img_new.jpg	media/CNX_ElemAlg_Figure_06_05_002c_img_new.jpg	image/jpeg	14401	f1f0560af3b0a9c2626cbaa21960b4de19075d5c8228453dafb9580f9e92c4bf	1
../../media/CNX_ElemAlg_Figure_06_05_003a_img_new.jpg	media/CNX_ElemAlg_Figure_06_05_003a_img_new.jpg	image/jpeg	17926	0d0389299c8033bb3f4e8093f4fa5151b4bbccb0f6671047636937a70d495bbe	1
../../media/CNX_ElemAlg_Figure_06_05_003b_img_new.jpg	media/CNX_ElemAlg_Figure_06_05_003b_img_new.jpg	image/jpeg	20147	5660a21d4916416fe481f0b2e6c5aaee688a09102fae76d4a4f07fa69b948579	1
../../media/CNX_ElemAlg_Figure_06_05_003c_img_new.jpg	media/CNX_ElemAlg_Figure_06_05_003c_img_new.jpg	image/jpeg	15362	5f7f5fd62097ca5a2a81afc6fd61e97323321b4ab27ac9aa8b76f47c0779ac66	1
../../media/CNX_ElemAlg_Figure_06_05_004a_img_new.jpg	media/CNX_ElemAlg_Figure_06_05_004a_img_new.jpg	image/jpeg	14744	0546fec587896615c495bff0f4b0036491bf52ee770ced69da90298ed3cab1db	1
../../media/CNX_ElemAlg_Figure_06_05_004b_img_new.jpg	media/CNX_ElemAlg_Figure_06_05_004b_img_new.jpg	image/jpeg	17061	e2fae963f6680b59e217e7a51b0ce830760246884477024933bf3f816386a238	1
../../media/CNX_ElemAlg_Figure_06_05_004c_img_new.jpg	media/CNX_ElemAlg_Figure_06_05_004c_img_new.jpg	image/jpeg	14767	adf6a0c101701cdaf6bd29a97e051a6fce0fa85a78e9c578a3470c8470153792	1
../../media/CNX_ElemAlg_Figure_06_05_004d_img_new.jpg	media/CNX_ElemAlg_Figure_06_05_004d_img_new.jpg	image/jpeg	16977	0641f7f117ae2a40781fffd5af2cc9066b10a716a9a1393da1b99fab0dd89e69	1
../../media/CNX_ElemAlg_Figure_06_05_005_img_new.jpg	media/CNX_ElemAlg_Figure_06_05_005_img_new.jpg	image/jpeg	45518	cbc8a592d97cb4d579684398de9b43ebff70254babe2e03fd3dc74ead75e4c5f	1
../../media/CNX_ElemAlg_Figure_06_05_006a_img_new.jpg	media/CNX_ElemAlg_Figure_06_05_006a_img_new.jpg	image/jpeg	19915	5970f9875d63c222482ef5597541ee333dc984d3ac40efca2bd5f8b24f6eaf59	1
../../media/CNX_ElemAlg_Figure_06_05_006b_img_new.jpg	media/CNX_ElemAlg_Figure_06_05_006b_img_new.jpg	image/jpeg	15898	51449f4c8fa2c6862742eb6bd12df4fe1e916fb33c764566fd3fd6b0aeac510d	1
../../media/CNX_ElemAlg_Figure_06_05_006c_img_new.jpg	media/CNX_ElemAlg_Figure_06_05_006c_img_new.jpg	image/jpeg	18254	61106bc2fb32f8ae2bb104bb3c5563477eb1dab980ddc4143c4bdb067e3da2de	1
../../media/CNX_ElemAlg_Figure_06_05_007a_img_new.jpg	media/CNX_ElemAlg_Figure_06_05_007a_img_new.jpg	image/jpeg	19652	620ce7e84d64688ec16f880b913b1f751933b3f8c6bc83f70b642ef63379d2c1	1
../../media/CNX_ElemAlg_Figure_06_05_007b_img_new.jpg	media/CNX_ElemAlg_Figure_06_05_007b_img_new.jpg	image/jpeg	16339	6308af49317ada7fdac7e8d863215792b3a82b0baba86b4f3a31cfca6fb6f4d4	1
../../media/CNX_ElemAlg_Figure_06_05_007c_img_new.jpg	media/CNX_ElemAlg_Figure_06_05_007c_img_new.jpg	image/jpeg	17124	d2b622592cef8347f7f3da3a82928e4e32a7de78bded0d25e8412b2721d29f3a	1
../../media/CNX_ElemAlg_Figure_06_05_008a_img_new.jpg	media/CNX_ElemAlg_Figure_06_05_008a_img_new.jpg	image/jpeg	19412	0767bd6e96b6114d36409406cc9d6e7051598ef7e6a414cc35ed9d124189943f	1
../../media/CNX_ElemAlg_Figure_06_05_008b_img_new.jpg	media/CNX_ElemAlg_Figure_06_05_008b_img_new.jpg	image/jpeg	16601	551d550e4e78051f12892781c4dd14e1ca6f2527e6a1bf8da1217a0a089ca340	1
../../media/CNX_ElemAlg_Figure_06_05_009a_img_new.jpg	media/CNX_ElemAlg_Figure_06_05_009a_img_new.jpg	image/jpeg	15825	e2f6e96e57f3fc83ffc2b0ee508f366aa6e027b96dc3551ad6533dfd15e3abdf	1
../../media/CNX_ElemAlg_Figure_06_05_009b_img_new.jpg	media/CNX_ElemAlg_Figure_06_05_009b_img_new.jpg	image/jpeg	18255	1fbd160d5bd37da1ac1500c1dbe0b3f0879a3598334c976ef5c5b149be071b82	1
../../media/CNX_ElemAlg_Figure_06_05_009c_img_new.jpg	media/CNX_ElemAlg_Figure_06_05_009c_img_new.jpg	image/jpeg	15019	9ca1a81eae7d9f4066ede8e77f00f4b66f7a56be94f460f53723b3610db26f36	1
../../media/CNX_ElemAlg_Figure_06_05_010a_img_new.jpg	media/CNX_ElemAlg_Figure_06_05_010a_img_new.jpg	image/jpeg	15469	7276e4f6a889cc0d4454946794350c0b1bbe488572f3d8066f3d46cb6ace249f	1
../../media/CNX_ElemAlg_Figure_06_05_010b_img_new.jpg	media/CNX_ElemAlg_Figure_06_05_010b_img_new.jpg	image/jpeg	16316	040a44656720fef097960975da58d0d187d5548e70c39c6b344dd3fef66e2f60	1
../../media/CNX_ElemAlg_Figure_06_05_010c_img_new.jpg	media/CNX_ElemAlg_Figure_06_05_010c_img_new.jpg	image/jpeg	14159	44b5238a7da5d7baa1190a8ab5e4bfd3941c34be1697da2f5bdc94b577a29a9b	1
../../media/CNX_ElemAlg_Figure_06_05_201_img_new.jpg	media/CNX_ElemAlg_Figure_06_05_201_img_new.jpg	image/jpeg	96634	f7c8d696ea5262da76a0cf924c6a582b1e8fdf6a69d706803f3254fce19873b2	1
../../media/CNX_ElemAlg_Figure_06_06_001a_img_new.jpg	media/CNX_ElemAlg_Figure_06_06_001a_img_new.jpg	image/jpeg	17291	5d60862fed39e15bf27d29d93ca51441e5bc9ae26a6a4b5739ec8a04647d5e51	1
../../media/CNX_ElemAlg_Figure_06_06_001b_img_new.jpg	media/CNX_ElemAlg_Figure_06_06_001b_img_new.jpg	image/jpeg	12961	07609ba1109ddd2cd137c0064979a03f71d8f5d67e37ead0430246d83678e0c1	1
../../media/CNX_ElemAlg_Figure_06_06_001c_img_new.jpg	media/CNX_ElemAlg_Figure_06_06_001c_img_new.jpg	image/jpeg	13176	bc285536f4f3f1a0097da435414eecf84af3e79be0c047b7d0f2b43bec979ace	1
../../media/CNX_ElemAlg_Figure_06_06_001d_img_new.jpg	media/CNX_ElemAlg_Figure_06_06_001d_img_new.jpg	image/jpeg	14574	286c5d20044b2fda286cc82319ffc50c820aa6f94e5b944af0f23c0094231bc6	1
../../media/CNX_ElemAlg_Figure_06_06_001e_img_new.jpg	media/CNX_ElemAlg_Figure_06_06_001e_img_new.jpg	image/jpeg	17866	ed2d109f9233789ee91ad71985fea07f1ce5eb84dbd27f458bfd4179c34d65a2	1
../../media/CNX_ElemAlg_Figure_06_06_001f_img_new.jpg	media/CNX_ElemAlg_Figure_06_06_001f_img_new.jpg	image/jpeg	20505	9f74b9cfc9f52545a79a38c7d40d3fda167c6be16bba00d29d0da58aa419a852	1
../../media/CNX_ElemAlg_Figure_06_06_001g_img_new.jpg	media/CNX_ElemAlg_Figure_06_06_001g_img_new.jpg	image/jpeg	21294	c46c8a4f791dd2dd27389a86b108c06021bfa12075c885b46b8e59def5e7d771	1
../../media/CNX_ElemAlg_Figure_06_06_001h_img_new.jpg	media/CNX_ElemAlg_Figure_06_06_001h_img_new.jpg	image/jpeg	22883	980aa3f08e0bf29ebacbf1a59c7bd76c9973cce72b390c37d1c8d734aa3ec617	1
../../media/CNX_ElemAlg_Figure_06_06_001i_img_new.jpg	media/CNX_ElemAlg_Figure_06_06_001i_img_new.jpg	image/jpeg	23499	5d606237d4343ef8e68fa2e4a4a180c1178829240e500a77c348707e6ce304ce	1
../../media/CNX_ElemAlg_Figure_06_06_002a_img_new.jpg	media/CNX_ElemAlg_Figure_06_06_002a_img_new.jpg	image/jpeg	13711	92e34d9a8d9f9cb49cccc23139e1036a06ed4d052d13f0352d715bde4400c542	1
../../media/CNX_ElemAlg_Figure_06_06_002b_img_new.jpg	media/CNX_ElemAlg_Figure_06_06_002b_img_new.jpg	image/jpeg	14186	bad3067d13056570b26bd25ec1fd29d2e671f4be17c07dd2984cecaa21b3ae5c	1
../../media/CNX_ElemAlg_Figure_06_06_002c_img_new.jpg	media/CNX_ElemAlg_Figure_06_06_002c_img_new.jpg	image/jpeg	16602	b25acab8afa702b815eeee1f89e3fd024dbae2e9a510911e3a839b2d426b03b2	1
../../media/CNX_ElemAlg_Figure_06_06_002d_img_new.jpg	media/CNX_ElemAlg_Figure_06_06_002d_img_new.jpg	image/jpeg	20397	304194b9e1ace46800805bc3061cab24514fb055eb4327ba1492270e282f092c	1
../../media/CNX_ElemAlg_Figure_06_06_002e_img_new.jpg	media/CNX_ElemAlg_Figure_06_06_002e_img_new.jpg	image/jpeg	21695	ce249142cd9a93d33b70feb67afcb1b45fc55e0617cfd654af394f77ddb67ffc	1
../../media/CNX_ElemAlg_Figure_06_06_002f_img_new.jpg	media/CNX_ElemAlg_Figure_06_06_002f_img_new.jpg	image/jpeg	22706	f36ce3e8022fb4b592156178d7f12cd1c0e0a71628408b92d6e8b6e8423a5955	1
../../media/CNX_ElemAlg_Figure_06_06_002g_img_new.jpg	media/CNX_ElemAlg_Figure_06_06_002g_img_new.jpg	image/jpeg	24195	f98415eda13873d5478891e0eacaa178768f1f8e689c9619bdb2e241012d89c4	1
../../media/CNX_ElemAlg_Figure_06_06_002h_img_new.jpg	media/CNX_ElemAlg_Figure_06_06_002h_img_new.jpg	image/jpeg	24719	f7746c1c0b1855c2098f5ed522bdbe08629f7d950c135bf45e0a0235eac4fa82	1
../../media/CNX_ElemAlg_Figure_06_06_003a_img_new.jpg	media/CNX_ElemAlg_Figure_06_06_003a_img_new.jpg	image/jpeg	16321	6be90b41682cb926ea773a01dd6ea190f3d2cb31988e3e3a1bbdddfdc5cd3e74	1
../../media/CNX_ElemAlg_Figure_06_06_003b_img_new.jpg	media/CNX_ElemAlg_Figure_06_06_003b_img_new.jpg	image/jpeg	17480	87d961c055c82989720ef47b3c9345ca71931a52f3550e4cf8280a3c77d90fa0	1
../../media/CNX_ElemAlg_Figure_06_06_003c_img_new.jpg	media/CNX_ElemAlg_Figure_06_06_003c_img_new.jpg	image/jpeg	20625	4bc7915b841769c8c8ea7625196a81d8a419450da324ca708ba503cf6de7029c	1
../../media/CNX_ElemAlg_Figure_06_06_003d_img_new.jpg	media/CNX_ElemAlg_Figure_06_06_003d_img_new.jpg	image/jpeg	21337	f54b9057dcd4807c8452f36325865d85402729b72ceba939982747df9e08103d	1
../../media/CNX_ElemAlg_Figure_06_06_003e_img_new.jpg	media/CNX_ElemAlg_Figure_06_06_003e_img_new.jpg	image/jpeg	22717	08024a27d7f5381f35ca85ffd490e99fd25868fb584c0ca81e1729212a6f0782	1
../../media/CNX_ElemAlg_Figure_06_06_003f_img_new.jpg	media/CNX_ElemAlg_Figure_06_06_003f_img_new.jpg	image/jpeg	23119	6c17bb7e0f45b720d23aa82ada103034ce46a21daf113be3f6947193283d4e15	1
../../media/CNX_ElemAlg_Figure_06_06_004a_img_new.jpg	media/CNX_ElemAlg_Figure_06_06_004a_img_new.jpg	image/jpeg	11971	2c0acddcac079faad38931025366491d8edcb8465a1027cdf1e054288c3fe79d	1
../../media/CNX_ElemAlg_Figure_06_06_004b_img_new.jpg	media/CNX_ElemAlg_Figure_06_06_004b_img_new.jpg	image/jpeg	11744	68e025f3a4fbd81cbef64cfcefb47ee82290d5fcfec9d5cdd3bc5b3bde71d2f9	1
../../media/CNX_ElemAlg_Figure_06_06_004c_img_new.jpg	media/CNX_ElemAlg_Figure_06_06_004c_img_new.jpg	image/jpeg	15628	99eefda08f3729616816f1f1c12ff9bba2a3c560d8e6e1234a4f9bbb8495ecb8	1
../../media/CNX_ElemAlg_Figure_06_06_004d_img_new.jpg	media/CNX_ElemAlg_Figure_06_06_004d_img_new.jpg	image/jpeg	18868	6653d861a5881184b9ef4ed89feb5285b9fd20f8883c1526fa26049a38114c5c	1
../../media/CNX_ElemAlg_Figure_06_06_004e_img_new.jpg	media/CNX_ElemAlg_Figure_06_06_004e_img_new.jpg	image/jpeg	22577	a4919a8be0e6eba02d469928e14e5fa9cfdf04fdcc58063e7b28e86b61997b19	1
../../media/CNX_ElemAlg_Figure_06_06_004f_img_new.jpg	media/CNX_ElemAlg_Figure_06_06_004f_img_new.jpg	image/jpeg	23757	ff3a0f5dbe54ff73615a0007cf978cb9c14ec105abf07409b64f620a4e7898f6	1
../../media/CNX_ElemAlg_Figure_06_06_004g_img_new.jpg	media/CNX_ElemAlg_Figure_06_06_004g_img_new.jpg	image/jpeg	26873	6cccf648a447f36b41ead4db1c2642d2d1ccb9be32cb0768dd87220891d284a2	1
../../media/CNX_ElemAlg_Figure_06_06_004h_img_new.jpg	media/CNX_ElemAlg_Figure_06_06_004h_img_new.jpg	image/jpeg	30571	89dcdf67657ff2facf2ee6f838c5bf72a7321955662fe1bb8db0695d738336ca	1
../../media/CNX_ElemAlg_Figure_06_06_005a_img_new.jpg	media/CNX_ElemAlg_Figure_06_06_005a_img_new.jpg	image/jpeg	11562	b19bed299ab410f645723136277163f68af0f9afadb0a821be5e8708e0763ceb	1
../../media/CNX_ElemAlg_Figure_06_06_005b_img_new.jpg	media/CNX_ElemAlg_Figure_06_06_005b_img_new.jpg	image/jpeg	16105	955846a8f8816827f78968776f51edf625c0d77d44ccd783a8033abe893064aa	1
../../media/CNX_ElemAlg_Figure_06_06_005c_img_new.jpg	media/CNX_ElemAlg_Figure_06_06_005c_img_new.jpg	image/jpeg	34798	cdf9399c57a6c4f1397cab1accd4d1164fd14ad2fdb23ea920943d9c7c8bd7cb	1
../../media/CNX_ElemAlg_Figure_06_06_005d_img_new.jpg	media/CNX_ElemAlg_Figure_06_06_005d_img_new.jpg	image/jpeg	40154	f28a263e8cc743dd10ddcf5173f9c9313fd34ac4806aba25f2655aa1bb17e8ab	1
../../media/CNX_ElemAlg_Figure_06_06_005e_img_new.jpg	media/CNX_ElemAlg_Figure_06_06_005e_img_new.jpg	image/jpeg	43592	5b6b3f40a6acf5917bb0633dad409636a1844b19c6e9f967d44496147d1238e6	1
../../media/CNX_ElemAlg_Figure_06_06_005f_img_new.jpg	media/CNX_ElemAlg_Figure_06_06_005f_img_new.jpg	image/jpeg	45259	96f9fbfe5750da84889b7f81a9f3456c9b107f3afbba1b64296f15b8ec19c004	1
../../media/CNX_ElemAlg_Figure_06_06_006_img_new.jpg	media/CNX_ElemAlg_Figure_06_06_006_img_new.jpg	image/jpeg	42613	69af56aed72d85d5ced07354d166464c4bca16092a80617014ce6f407eb36b99	1
../../media/CNX_ElemAlg_Figure_06_06_201_img_new.jpg	media/CNX_ElemAlg_Figure_06_06_201_img_new.jpg	image/jpeg	54815	1603508097cc00308b4e262ab83442f25fa50476fa6ab03b4e5681ca1bc285f2	1
../../media/CNX_ElemAlg_Figure_06_07_001_img_new.jpg	media/CNX_ElemAlg_Figure_06_07_001_img_new.jpg	image/jpeg	38390	a61f3ddffe1295ee9c9ad2c2a0e2bcbe679ffb52c9de4a3a5906bf60a9633a06	1
../../media/CNX_ElemAlg_Figure_06_07_002_img_new.jpg	media/CNX_ElemAlg_Figure_06_07_002_img_new.jpg	image/jpeg	40027	c91023f2a2b365f8509240c32ddb1dae2f291fe7cf8c2dee2dc4a0a9e9242ad2	1
../../media/CNX_ElemAlg_Figure_06_07_003a_img_new.jpg	media/CNX_ElemAlg_Figure_06_07_003a_img_new.jpg	image/jpeg	42649	61b53e6cf33e7081c056a241edd2461eb3e078800209cef4d505fad4bc8c5c0e	1
../../media/CNX_ElemAlg_Figure_06_07_003b_img_new.jpg	media/CNX_ElemAlg_Figure_06_07_003b_img_new.jpg	image/jpeg	34110	a4a34438ebe06ce036c7612335047feba7ac30650549e333c9fd6841461b037f	1
../../media/CNX_ElemAlg_Figure_06_07_003c_img_new.jpg	media/CNX_ElemAlg_Figure_06_07_003c_img_new.jpg	image/jpeg	48364	0150a9a1808a85d6925a843caed6a68987cc6dd4baa2ae12b87b8762dc6f6066	1
../../media/CNX_ElemAlg_Figure_06_07_003d_img_new.jpg	media/CNX_ElemAlg_Figure_06_07_003d_img_new.jpg	image/jpeg	34008	64cda2037680a13c64c831fef853b3390d17ccc9e5fc93b694ea37441859b58d	1
../../media/CNX_ElemAlg_Figure_06_07_004a_img_new.jpg	media/CNX_ElemAlg_Figure_06_07_004a_img_new.jpg	image/jpeg	12088	3ad1cee9654c6aef2b19d1725d054a3e9a3d538cb15c25e748f8650651337d92	1
../../media/CNX_ElemAlg_Figure_06_07_004b_img_new.jpg	media/CNX_ElemAlg_Figure_06_07_004b_img_new.jpg	image/jpeg	14095	c27f4a5400772534639bbcbb4bcb6c1f438c36f393cd51ae75c6e78fc8730caf	1
../../media/CNX_ElemAlg_Figure_06_07_004c_img_new.jpg	media/CNX_ElemAlg_Figure_06_07_004c_img_new.jpg	image/jpeg	13202	e642818d89562d374d8f5b6d7e94424f994e59c73cac3aa2cbbec5c7d11063af	1
../../media/CNX_ElemAlg_Figure_06_07_004d_img_new.jpg	media/CNX_ElemAlg_Figure_06_07_004d_img_new.jpg	image/jpeg	13421	7cd2015a5da32f0754bacb79630be21407efb50fb72e40f0137b303b9f79f7ee	1
../../media/CNX_ElemAlg_Figure_06_07_004e_img_new.jpg	media/CNX_ElemAlg_Figure_06_07_004e_img_new.jpg	image/jpeg	16273	821310d7d4c6f6816b75cd2f5e98015550b94aef2e87d0d57b6bd32c2c1f248b	1
../../media/CNX_ElemAlg_Figure_06_07_006a_img_new.jpg	media/CNX_ElemAlg_Figure_06_07_006a_img_new.jpg	image/jpeg	28283	29c948da36986306d3402ef7bb36c15a9db4e995737e99f4ec14fb263a5740d3	1
../../media/CNX_ElemAlg_Figure_06_07_006b_img_new.jpg	media/CNX_ElemAlg_Figure_06_07_006b_img_new.jpg	image/jpeg	60045	29e94ff14bc48f1d9e4d2ed4e273630c8614ad1fd0bc397fcd53b7e76ebafd0c	1
../../media/CNX_ElemAlg_Figure_06_07_006c_img_new.jpg	media/CNX_ElemAlg_Figure_06_07_006c_img_new.jpg	image/jpeg	34917	14b4e917c8f376a485c5ba22cc521b55e3f619f25556601dbaabed84b65d310c	1
../../media/CNX_ElemAlg_Figure_06_07_007a_img_new.jpg	media/CNX_ElemAlg_Figure_06_07_007a_img_new.jpg	image/jpeg	11664	5f2d841c58c36a2245179ab54774af6d2c4f61d31f06a1133bc4d9f45de88208	1
../../media/CNX_ElemAlg_Figure_06_07_007b_img_new.jpg	media/CNX_ElemAlg_Figure_06_07_007b_img_new.jpg	image/jpeg	14286	b0957f9c9d4cbb5f137aef542c9f3f061edfa4105aa1f2366856cefcc3325ca1	1
../../media/CNX_ElemAlg_Figure_06_07_007c_img_new.jpg	media/CNX_ElemAlg_Figure_06_07_007c_img_new.jpg	image/jpeg	12719	b527e72809a1c4657224625097e676ccc5ee77b34aa64d518167881eca893edd	1
../../media/CNX_ElemAlg_Figure_06_07_007e_img_new.jpg	media/CNX_ElemAlg_Figure_06_07_007e_img_new.jpg	image/jpeg	16177	88b1bbe59f0a224afcef0c020edab190a8e5dacc016c26d95ca019a33be8a77d	1
../../media/CNX_ElemAlg_Figure_06_07_201_img_new.jpg	media/CNX_ElemAlg_Figure_06_07_201_img_new.jpg	image/jpeg	94100	d6ab98eb8a8cfe53192f7f3c29c2852d96faec4c57d3e7ef5110a1f4d1d74d15	1
../../media/CNX_ElemAlg_Figure_07_03_018_img_new.jpg	media/CNX_ElemAlg_Figure_07_03_018_img_new.jpg	image/jpeg	58971	3f454095cb16c8444908edfc6e33799084a553174a04e1c41dce78da4dbacfad	1
../../media/CNX_ElemAlg_Figure_07_03_019_img_new.jpg	media/CNX_ElemAlg_Figure_07_03_019_img_new.jpg	image/jpeg	59658	c037087e8fd50168378035429fe61ae54d0fc055b0443f2cdea17ed5822f2862	1
../../media/CNX_ElemAlg_Figure_07_06_011a_img_new.jpg	media/CNX_ElemAlg_Figure_07_06_011a_img_new.jpg	image/jpeg	34643	e34f1854413c15d56f2db97d0162c79fad0af401849f9fa2480e476123c90ab1	1
../../media/CNX_ElemAlg_Figure_07_06_011b_img_new.jpg	media/CNX_ElemAlg_Figure_07_06_011b_img_new.jpg	image/jpeg	19696	6f61caedb5fddc02ae2305f78db738570b3d6fb51149dfa58089ba21b0b43663	1
../../media/CNX_ElemAlg_Figure_07_06_011c_img_new.jpg	media/CNX_ElemAlg_Figure_07_06_011c_img_new.jpg	image/jpeg	19325	d35533262e3e32cd21b3188b2758ad799e18650fe112aaf8a57e0357ce8b0b67	1
../../media/CNX_ElemAlg_Figure_07_06_011d_img_new.jpg	media/CNX_ElemAlg_Figure_07_06_011d_img_new.jpg	image/jpeg	20117	2502c59c5b7391c3d1373130a3e92c52e251b257d6af965f5ca99d3c893e1665	1
../../media/CNX_ElemAlg_Figure_07_06_012_img-01.jpg	media/CNX_ElemAlg_Figure_07_06_012_img-01.jpg	image/jpeg	42301	dceb2395c0d409fa4015d9d37fdc74eff5112792f9cbf82c8ac553d0c955ba47	1
../../media/CNX_ElemAlg_Figure_07_06_012_img-02.jpg	media/CNX_ElemAlg_Figure_07_06_012_img-02.jpg	image/jpeg	42435	d4d81b959374f60061dd933b38e5c8f0dc547eaa4cbff1e5dd5f03756abd4cc4	1
../../media/CNX_ElemAlg_Figure_07_06_012_img-03.jpg	media/CNX_ElemAlg_Figure_07_06_012_img-03.jpg	image/jpeg	42942	59b80bfc7290fa5d42eceba783bc3dd2a6eba7fc7839229557812f83c1f45506	1
../../media/CNX_ElemAlg_Figure_07_06_013_img-01.jpg	media/CNX_ElemAlg_Figure_07_06_013_img-01.jpg	image/jpeg	46722	aafac0084fa0e38a0346c5d20bef07d492162ad80ef54940d1098a87d1677b45	1
../../media/CNX_ElemAlg_Figure_07_06_013_img-02.jpg	media/CNX_ElemAlg_Figure_07_06_013_img-02.jpg	image/jpeg	46922	9ab0e727ebde0202db4ac339a819392d48448ab665da0b43e3507690e0e2d1b5	1
../../media/CNX_ElemAlg_Figure_07_06_013_img-03.jpg	media/CNX_ElemAlg_Figure_07_06_013_img-03.jpg	image/jpeg	47333	166fddb7f88036d9f678513b9fd7ed12b3eafce8066c95be3a0aa9e69a07eb45	1
../../media/CNX_ElemAlg_Figure_07_06_013_img-04.jpg	media/CNX_ElemAlg_Figure_07_06_013_img-04.jpg	image/jpeg	47294	07c01c2807f502eb4220ccc4b7d32085f647155d9ffce98411f22bb940b6ee26	1
../../media/CNX_ElemAlg_Figure_07_06_013_img-05.jpg	media/CNX_ElemAlg_Figure_07_06_013_img-05.jpg	image/jpeg	47417	78f68e18cdd8743ee701ea7130060b2ca944985ccde166abb798963d0d303572	1
../../media/CNX_ElemAlg_Figure_07_06_013_img-06.jpg	media/CNX_ElemAlg_Figure_07_06_013_img-06.jpg	image/jpeg	47328	e386ab78f9aa9948c707d4da9a8c2adb1110edc43bcec6ae8262da8f85916264	1
../../media/CNX_ElemAlg_Figure_07_06_201_img_new.jpg	media/CNX_ElemAlg_Figure_07_06_201_img_new.jpg	image/jpeg	64219	1b3c58a200b02777caa273c4ab4fc99aec101047006f711e515f8fe4526f817b	1
../../media/CNX_ElemAlg_Figure_08_00_001_img_new.jpg	media/CNX_ElemAlg_Figure_08_00_001_img_new.jpg	image/jpeg	596316	24035326d7fd59a9c8df26427d0f72eff511791d06caca7a3e11285e78ee7938	1
../../media/CNX_ElemAlg_Figure_08_01_004a_img_new.jpg	media/CNX_ElemAlg_Figure_08_01_004a_img_new.jpg	image/jpeg	36163	20f3530139ae84823ecacfc76f340405e0ea3b653eed27e4c1762c6cf9ca32ad	1
../../media/CNX_ElemAlg_Figure_08_01_004b_img_new.jpg	media/CNX_ElemAlg_Figure_08_01_004b_img_new.jpg	image/jpeg	39090	d5624aae5346ef397fb23071150a07fbd3e5a7ed4beed4245be472463c848899	1
../../media/CNX_ElemAlg_Figure_08_01_004c_img_new.jpg	media/CNX_ElemAlg_Figure_08_01_004c_img_new.jpg	image/jpeg	44038	db4abc4984fad6c1dbac7c297d6a7bd90c385467fba611b6dbf7fd3e6e40cdb7	1
../../media/CNX_ElemAlg_Figure_08_01_004d_img_new.jpg	media/CNX_ElemAlg_Figure_08_01_004d_img_new.jpg	image/jpeg	33476	cc90f59686aeb33e7673d1eae0a7601ebebce691da305752d61dd0b5240c0b04	1
../../media/CNX_ElemAlg_Figure_08_01_005a_img_new.jpg	media/CNX_ElemAlg_Figure_08_01_005a_img_new.jpg	image/jpeg	36836	d8f2047850c4952e3d06a0d020e8776485afbe5ee7baec9d559a2147517e7cdf	1
../../media/CNX_ElemAlg_Figure_08_01_005b_img_new.jpg	media/CNX_ElemAlg_Figure_08_01_005b_img_new.jpg	image/jpeg	40224	154e3ec1ad23681a892acd49450c19baa0c0ac376321805f62a4f4028f054174	1
../../media/CNX_ElemAlg_Figure_08_01_005c_img_new.jpg	media/CNX_ElemAlg_Figure_08_01_005c_img_new.jpg	image/jpeg	45418	d19ce8e7ca023ed958bb86cbea1ddf2d7d51d1737b303a84fe2673ff4a7ebb1e	1
../../media/CNX_ElemAlg_Figure_08_01_005d_img_new.jpg	media/CNX_ElemAlg_Figure_08_01_005d_img_new.jpg	image/jpeg	38025	4d5c3b1b71b5ec51066a5ae5ef1c5113438401b1c6f20daa4d013ecbef46e855	1
../../media/CNX_ElemAlg_Figure_08_01_005e_img_new.jpg	media/CNX_ElemAlg_Figure_08_01_005e_img_new.jpg	image/jpeg	33165	f21d609aeef4170e3f8f9ddfda9ec7cdf3d8cd319f33796b6992b93a0b9274e6	1
../../media/CNX_ElemAlg_Figure_08_01_005f_img_new.jpg	media/CNX_ElemAlg_Figure_08_01_005f_img_new.jpg	image/jpeg	31586	11defdb506934a4626f9e8fc9d5c65b3aa3cdacc8e7bf5adb8752ce82f9bc94b	1
../../media/CNX_ElemAlg_Figure_08_01_006a_img_new.jpg	media/CNX_ElemAlg_Figure_08_01_006a_img_new.jpg	image/jpeg	36889	728573428b09efc066e84779a8c44ac43ea8937f80c0434bb7eda692a28d13c9	1
../../media/CNX_ElemAlg_Figure_08_01_006b_img_new.jpg	media/CNX_ElemAlg_Figure_08_01_006b_img_new.jpg	image/jpeg	38182	a6d039acbefea68efec2852688dc04e69c5856915f0234d824b38c22983e466f	1
../../media/CNX_ElemAlg_Figure_08_01_006c_img_new.jpg	media/CNX_ElemAlg_Figure_08_01_006c_img_new.jpg	image/jpeg	43132	101a85fd2ef0c1bde525611d224d2aff0efe24df0a9b39d5745b88f27ba6e720	1
../../media/CNX_ElemAlg_Figure_08_01_006d_img_new.jpg	media/CNX_ElemAlg_Figure_08_01_006d_img_new.jpg	image/jpeg	36928	c6bbeba4f178adb351137b0fd533da6952c795e84c2f3f2ee6124db4f8fcf382	1
../../media/CNX_ElemAlg_Figure_08_01_006e_img_new.jpg	media/CNX_ElemAlg_Figure_08_01_006e_img_new.jpg	image/jpeg	34475	1b3287b93ee7398a3ce7444f76878bb19c6c07b7862d5cd67c9956ea060cce81	1
../../media/CNX_ElemAlg_Figure_08_01_006f_img_new.jpg	media/CNX_ElemAlg_Figure_08_01_006f_img_new.jpg	image/jpeg	33793	5601f5c06fb1b76da27e39539b18c7d25a79fb2bb96982370a9f99f78ff71658	1
../../media/CNX_ElemAlg_Figure_08_01_007a_img_new.jpg	media/CNX_ElemAlg_Figure_08_01_007a_img_new.jpg	image/jpeg	37708	a94af56f1af1073a6d790c35ecb9b5d04a6f580b8d053371eb1644d9c326896a	1
../../media/CNX_ElemAlg_Figure_08_01_007b_img_new.jpg	media/CNX_ElemAlg_Figure_08_01_007b_img_new.jpg	image/jpeg	38013	bb1ed6f086aa3d7d2854d9c4c4b7f44bea2fd0bd24b7dc00d2ec1288e953d377	2
../../media/CNX_ElemAlg_Figure_08_01_007c_img_new.jpg	media/CNX_ElemAlg_Figure_08_01_007c_img_new.jpg	image/jpeg	41969	84a77af99f3e977f00372ea96434cb180539b77128786b9c8786010cd5a42e09	1
../../media/CNX_ElemAlg_Figure_08_01_007d_img_new.jpg	media/CNX_ElemAlg_Figure_08_01_007d_img_new.jpg	image/jpeg	33236	9de17246121536b3f47e6bfe467eeb5e7310b61d269302c22c25a3579bc52f77	1
../../media/CNX_ElemAlg_Figure_08_01_007e_img_new.jpg	media/CNX_ElemAlg_Figure_08_01_007e_img_new.jpg	image/jpeg	37616	1df32205326c3a29d5380b303e8fb3f991b8b26459f50954c236bc621106edde	1
../../media/CNX_ElemAlg_Figure_08_01_008a_img_new.jpg	media/CNX_ElemAlg_Figure_08_01_008a_img_new.jpg	image/jpeg	37891	79debd605a99401d11f456c53c405bd919a5449affe546b7cab3a0c34e3a68ac	1
../../media/CNX_ElemAlg_Figure_08_01_008c_img_new.jpg	media/CNX_ElemAlg_Figure_08_01_008c_img_new.jpg	image/jpeg	42403	eba9674d623b2c23169b42933d6b9ddb67463fd26b1116443a6aa438a57961ac	1
../../media/CNX_ElemAlg_Figure_08_01_008d_img_new.jpg	media/CNX_ElemAlg_Figure_08_01_008d_img_new.jpg	image/jpeg	36925	b5fe28ea963baf8f888fdcaeed99b0f40778b676bcc8ced432527e4f35db0fa7	1
../../media/CNX_ElemAlg_Figure_08_01_008e_img_new.jpg	media/CNX_ElemAlg_Figure_08_01_008e_img_new.jpg	image/jpeg	33862	70adedf9223a65864e6ca1177481ad08ad6d0307e0513b6385d54140e8c4dfc5	1
../../media/CNX_ElemAlg_Figure_08_01_009a_img_new.jpg	media/CNX_ElemAlg_Figure_08_01_009a_img_new.jpg	image/jpeg	38537	a9f5a3497d2407108be4d3e9648c6ac2e4a093a5a2583aca5636edc249dd8ca9	1
../../media/CNX_ElemAlg_Figure_08_01_009b_img_new.jpg	media/CNX_ElemAlg_Figure_08_01_009b_img_new.jpg	image/jpeg	38497	197ccdf15f3126ca4f8f4a9ee4422f0bde5a75f98fe6c8ea27db8cafe5059262	1
../../media/CNX_ElemAlg_Figure_08_01_009c_img_new.jpg	media/CNX_ElemAlg_Figure_08_01_009c_img_new.jpg	image/jpeg	41673	b02b2b07c8875a21f5e7d3e17813b9b2efef768435735465789f7e9fcf5bd989	1
../../media/CNX_ElemAlg_Figure_08_01_009d_img_new.jpg	media/CNX_ElemAlg_Figure_08_01_009d_img_new.jpg	image/jpeg	36415	f2517c61e200f64a2e40c5db3dfa8e772390c5b0fe04fcbe671b795bf8f8f08b	1
../../media/CNX_ElemAlg_Figure_08_01_009e_img_new.jpg	media/CNX_ElemAlg_Figure_08_01_009e_img_new.jpg	image/jpeg	35407	c7fb018edb55aca85e661e4280638875e6fce502250e6e26d0d04e1275ddf036	1
../../media/CNX_ElemAlg_Figure_08_01_009f_img_new.jpg	media/CNX_ElemAlg_Figure_08_01_009f_img_new.jpg	image/jpeg	34132	d6d4b171dfeb317bee50ed385e5fec52d82e5fa3109c55bb2f9fd48d07756f0f	1
../../media/CNX_ElemAlg_Figure_08_01_009g_img_new.jpg	media/CNX_ElemAlg_Figure_08_01_009g_img_new.jpg	image/jpeg	32734	17b6c2a69f68247283ce90ac7d3b55c3e20fdc38be981d4d5c77775d27dd1e84	1
../../media/CNX_ElemAlg_Figure_08_01_010a_img_new.jpg	media/CNX_ElemAlg_Figure_08_01_010a_img_new.jpg	image/jpeg	38052	2b6d9458b18fdc968d792fc8d668c2e96e437f309f29290ccbf05b36e198e338	1
../../media/CNX_ElemAlg_Figure_08_01_010b_img_new.jpg	media/CNX_ElemAlg_Figure_08_01_010b_img_new.jpg	image/jpeg	43061	1cbb5a58534d10699e67e37e18f42dca98410a393bf658d92e74a4d019e4cbeb	1
../../media/CNX_ElemAlg_Figure_08_01_010c_img_new.jpg	media/CNX_ElemAlg_Figure_08_01_010c_img_new.jpg	image/jpeg	42258	85a43fa017073d012dfb57917323c5857d3522d251b0d728cb0cfb62045dae39	1
../../media/CNX_ElemAlg_Figure_08_01_010d_img_new.jpg	media/CNX_ElemAlg_Figure_08_01_010d_img_new.jpg	image/jpeg	40066	fb757f287ef059629144efa8a801447af658bdb816eafff2a4edd34e248cce84	1
../../media/CNX_ElemAlg_Figure_08_01_010e_img_new.jpg	media/CNX_ElemAlg_Figure_08_01_010e_img_new.jpg	image/jpeg	37702	7e2b712a927a50c13d70d754c66ab978444e2c96de1e583fd7c77a15850e0817	1
../../media/CNX_ElemAlg_Figure_08_01_011a_img_new.jpg	media/CNX_ElemAlg_Figure_08_01_011a_img_new.jpg	image/jpeg	39386	e51dd641c4a1ad5735cfaa6aa7819495de0de2c22b76415c0176908497adbcb9	1
../../media/CNX_ElemAlg_Figure_08_01_011b_img_new.jpg	media/CNX_ElemAlg_Figure_08_01_011b_img_new.jpg	image/jpeg	44614	92e8cdc54f6dda715e266c2b8d8bb007c0bacb4f60753507f0acb6fec61a61a2	1
../../media/CNX_ElemAlg_Figure_08_01_011c_img_new.jpg	media/CNX_ElemAlg_Figure_08_01_011c_img_new.jpg	image/jpeg	41758	97e44e606c3e9c9494b252941ce36a09d568d282c8c2586ebd44022974ff0515	1
../../media/CNX_ElemAlg_Figure_08_01_011d_img_new.jpg	media/CNX_ElemAlg_Figure_08_01_011d_img_new.jpg	image/jpeg	41046	0b375cf80682ceaa9a0d2a4c89e0fb6d52f1066625af25a27fbb002734b0c61f	1
../../media/CNX_ElemAlg_Figure_08_01_011e_img_new.jpg	media/CNX_ElemAlg_Figure_08_01_011e_img_new.jpg	image/jpeg	40481	a6a18bfb43a8d05639459d3b49da1f264c66be41cd32e0ed0a557078602a9346	1
../../media/CNX_ElemAlg_Figure_08_01_012a_img_new.jpg	media/CNX_ElemAlg_Figure_08_01_012a_img_new.jpg	image/jpeg	41640	98f11027ca4d2f2498ef3750a60acc9fd450b7139ca920e89ccb494ff297b010	1
../../media/CNX_ElemAlg_Figure_08_01_012b_img_new.jpg	media/CNX_ElemAlg_Figure_08_01_012b_img_new.jpg	image/jpeg	51068	5e91735225a2fb9414971e19d61e0e71027dc36d04d8290381c29659cca38da2	1
../../media/CNX_ElemAlg_Figure_08_01_012c_img_new.jpg	media/CNX_ElemAlg_Figure_08_01_012c_img_new.jpg	image/jpeg	43403	3a4fda5dec28926dc8987bfe56db8c57397340d63b60bd45a6e9c2bf3a000d2d	1
../../media/CNX_ElemAlg_Figure_08_01_012d_img_new.jpg	media/CNX_ElemAlg_Figure_08_01_012d_img_new.jpg	image/jpeg	39354	b5c6913ae6261cac420386df18876e6e817d646a1206551ee58eb12907f177f5	1
../../media/CNX_ElemAlg_Figure_08_01_014a_img_new.jpg	media/CNX_ElemAlg_Figure_08_01_014a_img_new.jpg	image/jpeg	45827	f963e67ce3a948aee640d287b6bc0ad5a4a41ff22397bf1d1ec19cf0c411cf28	1
../../media/CNX_ElemAlg_Figure_08_01_014b_img_new.jpg	media/CNX_ElemAlg_Figure_08_01_014b_img_new.jpg	image/jpeg	46932	169b2a5b30c0ba974edecad9624eaf82f6d0e028dc3c3cf12cb643b4ab166933	1
../../media/CNX_ElemAlg_Figure_08_01_014c_img_new.jpg	media/CNX_ElemAlg_Figure_08_01_014c_img_new.jpg	image/jpeg	39506	b342ceb860afea71de0c2723414ed245fc98c30f28524d1e04571cb633fd9a27	1
../../media/CNX_ElemAlg_Figure_08_01_015a_img_new.jpg	media/CNX_ElemAlg_Figure_08_01_015a_img_new.jpg	image/jpeg	51511	f8cb67157b68806335adc135e4b41fd7b3300f9a2a48bcbdce547985da5f6454	1
../../media/CNX_ElemAlg_Figure_08_01_015b_img_new.jpg	media/CNX_ElemAlg_Figure_08_01_015b_img_new.jpg	image/jpeg	50850	e6f9f195073fa8986903c6d42a9a768568a49777d5f66435403c1efdec1d5236	1
../../media/CNX_ElemAlg_Figure_08_01_015c_img_new.jpg	media/CNX_ElemAlg_Figure_08_01_015c_img_new.jpg	image/jpeg	45145	3537756b34ab8b2bef51ef6bf1b41fbb9e9de7f7be618edb98b8505a836e71df	1
../../media/CNX_ElemAlg_Figure_08_01_017_img_new.jpg	media/CNX_ElemAlg_Figure_08_01_017_img_new.jpg	image/jpeg	88148	07c93794919474867213c2720495a025ca8f2d5bb5689a87a8e793a18e6a07f6	1
../../media/CNX_ElemAlg_Figure_08_01_018a_img_new.jpg	media/CNX_ElemAlg_Figure_08_01_018a_img_new.jpg	image/jpeg	79671	8990de8bd1cd89e3ac236133b7c72527cc2b23a768b0cda363e7ddeac7979041	1
../../media/CNX_ElemAlg_Figure_08_01_018b_img_new.jpg	media/CNX_ElemAlg_Figure_08_01_018b_img_new.jpg	image/jpeg	80831	835e5b5c3d62e638f29254e46562cb87144f90a68f88e9204c070a1523e87c5b	1
../../media/CNX_ElemAlg_Figure_08_01_020a_img_new.jpg	media/CNX_ElemAlg_Figure_08_01_020a_img_new.jpg	image/jpeg	37639	71404714ba4303e8c8f3384b5f0a9a285a76c054731aab956a0dd25c94818c0e	1
../../media/CNX_ElemAlg_Figure_08_01_020b_img_new.jpg	media/CNX_ElemAlg_Figure_08_01_020b_img_new.jpg	image/jpeg	44553	873c884526ab70b4104d7a35a7928a0c5decc66163a4cc6f31409b351ce4192c	1
../../media/CNX_ElemAlg_Figure_08_01_020c_img_new.jpg	media/CNX_ElemAlg_Figure_08_01_020c_img_new.jpg	image/jpeg	43355	fb753756e7bd3c4a309e32923cb9e5fca14a982f0d3e107d6e446540145ed615	1
../../media/CNX_ElemAlg_Figure_08_01_020d_img_new.jpg	media/CNX_ElemAlg_Figure_08_01_020d_img_new.jpg	image/jpeg	40817	36f74d08f175247bf5dba93e284fc91a62e5a9a64ff4ba8ff71c48bfb9aef0b7	1
../../media/CNX_ElemAlg_Figure_08_01_021a_img_new.jpg	media/CNX_ElemAlg_Figure_08_01_021a_img_new.jpg	image/jpeg	42482	1c3a2d6fe40f7475e541eeb1c766fce547ce9fe4eadd084150e8ff79c820ee6c	1
../../media/CNX_ElemAlg_Figure_08_01_021b_img_new.jpg	media/CNX_ElemAlg_Figure_08_01_021b_img_new.jpg	image/jpeg	46505	1e1f9bd22d41d0aea1e4b2072952c9aec5e170c9223618f4aa81f7411d636816	1
../../media/CNX_ElemAlg_Figure_08_01_021c_img_new.jpg	media/CNX_ElemAlg_Figure_08_01_021c_img_new.jpg	image/jpeg	46426	c196ab283e85e9c3f7802d93fb1872fac0df07ca48558bbafb45db2346f786c9	1
../../media/CNX_ElemAlg_Figure_08_01_021d_img_new.jpg	media/CNX_ElemAlg_Figure_08_01_021d_img_new.jpg	image/jpeg	44159	a6b6b0f66af619c13e90b2e0609b97b7a038c9699cda575911277965e1cba6d6	1
../../media/CNX_ElemAlg_Figure_08_01_201_img_new.jpg	media/CNX_ElemAlg_Figure_08_01_201_img_new.jpg	image/jpeg	69153	fbe0eafc3df81f04187480b40943479b4d774a12ec81bee53e7438e96900673a	1
../../media/CNX_ElemAlg_Figure_08_02_001a_img_new.jpg	media/CNX_ElemAlg_Figure_08_02_001a_img_new.jpg	image/jpeg	45238	6eebaa48cc829de2c6377e6a9db7947c80491d3fc2d6d0ee7a06ac79d7dae37d	1
../../media/CNX_ElemAlg_Figure_08_02_001b_img_new.jpg	media/CNX_ElemAlg_Figure_08_02_001b_img_new.jpg	image/jpeg	43583	df3980766e0a7d70832d3fb518b7eec6d088a9ef8afa52e81440eca3ccfd8552	1
../../media/CNX_ElemAlg_Figure_08_02_001c_img_new.jpg	media/CNX_ElemAlg_Figure_08_02_001c_img_new.jpg	image/jpeg	47861	6124663be3f5d2c449eb9350bf53eab606f3a56d7cba6b1f18a33c2bc594657b	1
../../media/CNX_ElemAlg_Figure_08_02_001d_img_new.jpg	media/CNX_ElemAlg_Figure_08_02_001d_img_new.jpg	image/jpeg	39835	a6d3ce7b96580af3ca2a4ffa8ad9de9bbab4ae67d5d6d0d085f107e60d52bb93	1
../../media/CNX_ElemAlg_Figure_08_02_002a_img_new.jpg	media/CNX_ElemAlg_Figure_08_02_002a_img_new.jpg	image/jpeg	47257	a802dd04daf21c8c5c1773a5396408914d54338cfb7f89e41c11cfb4bd0f5863	1
../../media/CNX_ElemAlg_Figure_08_02_002b_img_new.jpg	media/CNX_ElemAlg_Figure_08_02_002b_img_new.jpg	image/jpeg	47331	63370cd27d1f6d1afab223c2b93b5a9c54eea139d0fbe3ca084efdac1d350f17	1
../../media/CNX_ElemAlg_Figure_08_02_002c_img_new.jpg	media/CNX_ElemAlg_Figure_08_02_002c_img_new.jpg	image/jpeg	51523	1a692b1846da6d9abac80be9017dcf4b79b934a2e2ef95778ea2f7fbdc1db259	1
../../media/CNX_ElemAlg_Figure_08_02_002d_img_new.jpg	media/CNX_ElemAlg_Figure_08_02_002d_img_new.jpg	image/jpeg	40437	ae70c0fbadb75437b2902a0113dc004652689a887b0d3b6841b83384f2a22921	1
../../media/CNX_ElemAlg_Figure_08_02_003a_img_new.jpg	media/CNX_ElemAlg_Figure_08_02_003a_img_new.jpg	image/jpeg	594229	16d9959a858a00fbda9d75a34a91f207959ffc49b8f0711a31b697e9129f0ee4	1
../../media/CNX_ElemAlg_Figure_08_02_003b_img_new.jpg	media/CNX_ElemAlg_Figure_08_02_003b_img_new.jpg	image/jpeg	592552	3d277baeede2f09362c4414e3ca31af4d9e29ea78fe8c864bf2309e4b049c7c1	1
../../media/CNX_ElemAlg_Figure_08_02_003c_img_new.jpg	media/CNX_ElemAlg_Figure_08_02_003c_img_new.jpg	image/jpeg	591726	8486c185d845712c7afc331dfdd5bf31715ba820abe078ce9621c6661a00bdd5	1
../../media/CNX_ElemAlg_Figure_08_02_004a_img_new.jpg	media/CNX_ElemAlg_Figure_08_02_004a_img_new.jpg	image/jpeg	43501	be63cb36115a21b1976038b16ffd29a1332814a47bb24058d3306b2b3862f8be	1
../../media/CNX_ElemAlg_Figure_08_02_004b_img_new.jpg	media/CNX_ElemAlg_Figure_08_02_004b_img_new.jpg	image/jpeg	43854	d163f008d31c1c351b83befbdfbcb840329b894a9561d4bbc6d67febea3be84f	1
../../media/CNX_ElemAlg_Figure_08_02_004c_img_new.jpg	media/CNX_ElemAlg_Figure_08_02_004c_img_new.jpg	image/jpeg	45448	d460e518237fa6baa6eb6b404ccfbb30495cf41fbc6625cbce738761a98935b8	1
../../media/CNX_ElemAlg_Figure_08_02_004d_img_new.jpg	media/CNX_ElemAlg_Figure_08_02_004d_img_new.jpg	image/jpeg	47003	9ee49fcdbb859780f5d360d05baaf117d7168b5e282c5c8abedf0c3888a3068a	1
../../media/CNX_ElemAlg_Figure_08_02_004e_img_new.jpg	media/CNX_ElemAlg_Figure_08_02_004e_img_new.jpg	image/jpeg	37285	09e1c92fb35045d31bbd156a09c7b26a2e7e7b1ce1ceb2de2bc100e6e621f7f3	1
../../media/CNX_ElemAlg_Figure_08_02_005a_img_new.jpg	media/CNX_ElemAlg_Figure_08_02_005a_img_new.jpg	image/jpeg	94103	b40a7245ffe4cc5fad302ab74e6a8679eecd055ca1c2d1ea848159d3e593c9c8	1
../../media/CNX_ElemAlg_Figure_08_02_005b_img_new.jpg	media/CNX_ElemAlg_Figure_08_02_005b_img_new.jpg	image/jpeg	77523	0d8601bff630814e36cd9fc840bf59e446a6aa98ad842c5817088b9037149cc8	1
../../media/CNX_ElemAlg_Figure_08_02_005c_img_new.jpg	media/CNX_ElemAlg_Figure_08_02_005c_img_new.jpg	image/jpeg	74865	b161ffec5e7b8366eae7d92f3da2707ee56a35622a94821870e920616bcce20c	1
../../media/CNX_ElemAlg_Figure_08_02_005d_img_new.jpg	media/CNX_ElemAlg_Figure_08_02_005d_img_new.jpg	image/jpeg	87784	034309a3f3a54584800e3298900b93db2b0eff2d95ca4ea4bce469c5f97f92e3	1
../../media/CNX_ElemAlg_Figure_08_02_006a_img_new.jpg	media/CNX_ElemAlg_Figure_08_02_006a_img_new.jpg	image/jpeg	43252	5ef06385fc05b691a5ad89dcc8675d1f3b2936d0266d8cc3342d1193109e8ba4	1
../../media/CNX_ElemAlg_Figure_08_02_006b_img_new.jpg	media/CNX_ElemAlg_Figure_08_02_006b_img_new.jpg	image/jpeg	43229	2a6416056e2bd225ffb0a76b0cc00ca3bbae1750c4c118c2d94e974b8af21891	1
../../media/CNX_ElemAlg_Figure_08_02_006c_img_new.jpg	media/CNX_ElemAlg_Figure_08_02_006c_img_new.jpg	image/jpeg	44987	30c1ef34d262bee8212d3c5e8ca55a339cbd0ecbdb79755104920cc6ce0f9722	1
../../media/CNX_ElemAlg_Figure_08_02_006d_img_new.jpg	media/CNX_ElemAlg_Figure_08_02_006d_img_new.jpg	image/jpeg	50321	a127f31769f24906832513fbef244c2555dcc7eb8d0a7abd00d347c3470e24d3	1
../../media/CNX_ElemAlg_Figure_08_02_006e_img_new.jpg	media/CNX_ElemAlg_Figure_08_02_006e_img_new.jpg	image/jpeg	37844	aca86886e750e6c23bed6b0689ca77851a8d9adfefef7b3232dbec954ae7b32a	1
../../media/CNX_ElemAlg_Figure_08_02_007a_img_new.jpg	media/CNX_ElemAlg_Figure_08_02_007a_img_new.jpg	image/jpeg	45033	000160fe36bd727ef490a48d41873803b35784cc671c6373ff1726c4e93d19ad	1
../../media/CNX_ElemAlg_Figure_08_02_007b_img_new.jpg	media/CNX_ElemAlg_Figure_08_02_007b_img_new.jpg	image/jpeg	48368	e5cb2ced3aaa08263020d29bfe44771454939e3288ac4ed8f49d8a10c8bbd2fe	1
../../media/CNX_ElemAlg_Figure_08_02_007c_img_new.jpg	media/CNX_ElemAlg_Figure_08_02_007c_img_new.jpg	image/jpeg	47829	bd85f377aabaa979bb84458adc95d878c9b929c8fdd6ee467c44912770c76fcb	1
../../media/CNX_ElemAlg_Figure_08_02_007d_img_new.jpg	media/CNX_ElemAlg_Figure_08_02_007d_img_new.jpg	image/jpeg	48622	909d725cbdf0929f26bc4f62e335d479dc8308737db19f0226e50191aef28457	1
../../media/CNX_ElemAlg_Figure_08_02_007e_img_new.jpg	media/CNX_ElemAlg_Figure_08_02_007e_img_new.jpg	image/jpeg	48623	95993e1674c3c1905dbb76aed96ec46cc5f12340664caa9f421e4e0fab83fcd8	1
../../media/CNX_ElemAlg_Figure_08_02_201_img_new.jpg	media/CNX_ElemAlg_Figure_08_02_201_img_new.jpg	image/jpeg	46156	3f1552a7112aa2ea4bee3986754a4a6975a392280f441a6a711be525c0e52fb1	1
../../media/CNX_ElemAlg_Figure_08_03_002a_img_new.jpg	media/CNX_ElemAlg_Figure_08_03_002a_img_new.jpg	image/jpeg	37394	78f5bf85c5e2bc60b81444c6438e909deb6cefe3e47ba106d853ea6de353914d	1
../../media/CNX_ElemAlg_Figure_08_03_002b_img_new.jpg	media/CNX_ElemAlg_Figure_08_03_002b_img_new.jpg	image/jpeg	41965	e5e2152e5347175d173a6d780ed4a6804c2571e7fab53967300f972ee2ce412d	1
../../media/CNX_ElemAlg_Figure_08_03_002c_img_new.jpg	media/CNX_ElemAlg_Figure_08_03_002c_img_new.jpg	image/jpeg	37580	b59899549b599cf7b317cca335360e6561eafb310f233432857ea14e9a925886	1
../../media/CNX_ElemAlg_Figure_08_03_002d_img_new.jpg	media/CNX_ElemAlg_Figure_08_03_002d_img_new.jpg	image/jpeg	35218	37648cb79942b9386dd69ad287d2489edd731a60cbb918e7fa1419933d488bca	1
../../media/CNX_ElemAlg_Figure_08_03_003a_img_new.jpg	media/CNX_ElemAlg_Figure_08_03_003a_img_new.jpg	image/jpeg	43067	e792158e5810f6c4d22df6496d3e2db3242606f36d4345540a8b5e2e7e5027a2	1
../../media/CNX_ElemAlg_Figure_08_03_003b_img_new.jpg	media/CNX_ElemAlg_Figure_08_03_003b_img_new.jpg	image/jpeg	46186	ec6a0dc8fd84bc349527fc8783f64532f2537bffc0bc6b99eb245b746aa4f4cd	1
../../media/CNX_ElemAlg_Figure_08_03_003c_img_new.jpg	media/CNX_ElemAlg_Figure_08_03_003c_img_new.jpg	image/jpeg	43173	7d872562cfe778ec244e0693f5613ebe1337f29beb2321d5e83e0c9a337edc6c	1
../../media/CNX_ElemAlg_Figure_08_03_003d_img_new.jpg	media/CNX_ElemAlg_Figure_08_03_003d_img_new.jpg	image/jpeg	43860	6d33c942e61abfe9ba834791415e0675e140926e6e5c14d9bce12e7d22274a36	1
../../media/CNX_ElemAlg_Figure_08_03_003e_img_new.jpg	media/CNX_ElemAlg_Figure_08_03_003e_img_new.jpg	image/jpeg	47146	c6bfbf6948f457c5e5b2f66a455e465f1392ac34bbffe6e2b9bdc938ed3562a4	1
../../media/CNX_ElemAlg_Figure_08_03_003f_img_new.jpg	media/CNX_ElemAlg_Figure_08_03_003f_img_new.jpg	image/jpeg	38851	e5f935123b51d2270eb2c3317a8ca9812acf48ecb44a04282faa6fe07851b583	1
../../media/CNX_ElemAlg_Figure_08_03_004a_img_new.jpg	media/CNX_ElemAlg_Figure_08_03_004a_img_new.jpg	image/jpeg	39929	bb265763ace978fbbea15703fc1a403d88198a075d2cb9098e827cf2863716da	1
../../media/CNX_ElemAlg_Figure_08_03_004b_img_new.jpg	media/CNX_ElemAlg_Figure_08_03_004b_img_new.jpg	image/jpeg	42700	64642b7f1c43390fcf649ee1728b9fce17f763ac0b89621a07e9db6ee9e2282d	1
../../media/CNX_ElemAlg_Figure_08_03_004c_img_new.jpg	media/CNX_ElemAlg_Figure_08_03_004c_img_new.jpg	image/jpeg	41566	89674a5297eeb706d65b886941dae281662287b4fed67142d5e6e41fed1fdcaf	1
../../media/CNX_ElemAlg_Figure_08_03_004d_img_new.jpg	media/CNX_ElemAlg_Figure_08_03_004d_img_new.jpg	image/jpeg	42466	0c1d6d18e4bf3945910df23c0557aa788e1fdaa4f32baf2ee43652f30df4b668	1
../../media/CNX_ElemAlg_Figure_08_03_004e_img_new.jpg	media/CNX_ElemAlg_Figure_08_03_004e_img_new.jpg	image/jpeg	41635	cee4cc1b184aa910816c694b1a823b7f6a684f5c704805e2c084381473cae146	1
../../media/CNX_ElemAlg_Figure_08_03_004f_img_new.jpg	media/CNX_ElemAlg_Figure_08_03_004f_img_new.jpg	image/jpeg	46546	aabc5a2a8adbe98997a2a7d03c22661f36735c817b3e9be7ebc8473e7d47297b	1
../../media/CNX_ElemAlg_Figure_08_03_004g_img_new.jpg	media/CNX_ElemAlg_Figure_08_03_004g_img_new.jpg	image/jpeg	47204	596b27dbf36f5ea23307b9021b70e622b7175187305d26836220564f87d3a5cf	1
../../media/CNX_ElemAlg_Figure_08_03_004h_img_new.jpg	media/CNX_ElemAlg_Figure_08_03_004h_img_new.jpg	image/jpeg	41810	3c37023fc1639c0ec53200bf38e275183ad53e1a94473181f04c557817db8df8	1
../../media/CNX_ElemAlg_Figure_08_03_201_img_new.jpg	media/CNX_ElemAlg_Figure_08_03_201_img_new.jpg	image/jpeg	69380	63da1b8507608492551939aa4ab72a7e7c90e736de82b37dc2a52f16cd18dafe	1
../../media/CNX_ElemAlg_Figure_08_04_002_img_new.jpg	media/CNX_ElemAlg_Figure_08_04_002_img_new.jpg	image/jpeg	52378	df8b9f1996ae9ab9af7327eeba0b83af1d8b6a171ea02ad1b2bc8ab557b5fd6e	1
../../media/CNX_ElemAlg_Figure_08_04_003a_img_new.jpg	media/CNX_ElemAlg_Figure_08_04_003a_img_new.jpg	image/jpeg	54064	2ba000cf61b333dca00665422fec620837a7ce4f5d5275b0687870ad75cd3f69	1
../../media/CNX_ElemAlg_Figure_08_04_003b_img_new.jpg	media/CNX_ElemAlg_Figure_08_04_003b_img_new.jpg	image/jpeg	42843	d8235f34f605deb8dd1ec822ef9cb7e4dfd60598500236ae98e4fd42f8b79707	1
../../media/CNX_ElemAlg_Figure_08_04_003c_img_new.jpg	media/CNX_ElemAlg_Figure_08_04_003c_img_new.jpg	image/jpeg	44120	f57bca9ea268aa984b40f05f741c79550bf114011f987e3b7c24783c50698da1	1
../../media/CNX_ElemAlg_Figure_08_04_003d_img_new.jpg	media/CNX_ElemAlg_Figure_08_04_003d_img_new.jpg	image/jpeg	50152	b5888aff64322d0028f7c0705701dc72c2babc06f8d097a4ac588f77cbc36fac	1
../../media/CNX_ElemAlg_Figure_08_04_003e_img_new.jpg	media/CNX_ElemAlg_Figure_08_04_003e_img_new.jpg	image/jpeg	45066	179390713521af2fb20d1f0770c94d7a85d9b044720d56cf8c9ce83f76fc2224	1
../../media/CNX_ElemAlg_Figure_08_04_004a_img_new.jpg	media/CNX_ElemAlg_Figure_08_04_004a_img_new.jpg	image/jpeg	52714	543bb9cca6d1bf91bc1ace4e576b367d366d3644df821de02e47e347d0298a39	1
../../media/CNX_ElemAlg_Figure_08_04_004b_img_new.jpg	media/CNX_ElemAlg_Figure_08_04_004b_img_new.jpg	image/jpeg	44664	8ba960e70af022c844a65d19e4a682d8a12aedb0624b3b3dd0b70570df4ed7a7	1
../../media/CNX_ElemAlg_Figure_08_04_004c_img_new.jpg	media/CNX_ElemAlg_Figure_08_04_004c_img_new.jpg	image/jpeg	47245	08f919ca61a34e4011e3292e138d4110cfc9396c1188152483135a407117e760	1
../../media/CNX_ElemAlg_Figure_08_04_004d_img_new.jpg	media/CNX_ElemAlg_Figure_08_04_004d_img_new.jpg	image/jpeg	47121	d4c955ab6e0da3170ed5477e068bf9ecd466a5fd05c075410d8240d46ef08c69	1
../../media/CNX_ElemAlg_Figure_08_04_004e_img_new.jpg	media/CNX_ElemAlg_Figure_08_04_004e_img_new.jpg	image/jpeg	45436	a7b6447bfa38f6d7d5fe1c9aa8a7a40f5dd2aa7f66b516e078d78942a2d9e9c6	1
../../media/CNX_ElemAlg_Figure_08_04_005a_img_new.jpg	media/CNX_ElemAlg_Figure_08_04_005a_img_new.jpg	image/jpeg	53475	fb8f04866955920fb09a5b289b43e52d5d8ef2e417e585f2cb8cf5ba7d239978	1
../../media/CNX_ElemAlg_Figure_08_04_005b_img_new.jpg	media/CNX_ElemAlg_Figure_08_04_005b_img_new.jpg	image/jpeg	44695	aa85b88cf841c9b04ea9828b8f1b5d295f135780c8b6e171255a78107a8ecfcc	1
../../media/CNX_ElemAlg_Figure_08_04_005c_img_new.jpg	media/CNX_ElemAlg_Figure_08_04_005c_img_new.jpg	image/jpeg	44715	f4d05f1760864497d3a7bf595d4bcbf27714ed3010efa57c0bf21af6f53ea63f	1
../../media/CNX_ElemAlg_Figure_08_04_005d_img_new.jpg	media/CNX_ElemAlg_Figure_08_04_005d_img_new.jpg	image/jpeg	48444	6b41e6103c29f1ec29608407538239919587d743f573d9fa47f732b07e873bc2	1
../../media/CNX_ElemAlg_Figure_08_04_005e_img_new.jpg	media/CNX_ElemAlg_Figure_08_04_005e_img_new.jpg	image/jpeg	47582	7eaac66a0df056bd493d58b6250bc8018b21153e370cef74edceb22a035f7dbe	1
../../media/CNX_ElemAlg_Figure_08_04_005f_img_new.jpg	media/CNX_ElemAlg_Figure_08_04_005f_img_new.jpg	image/jpeg	49327	0369773e71d355ae2b40f883c8035d84d2d98e973930b34035065f602abd4620	1
../../media/CNX_ElemAlg_Figure_08_04_006a_img_new.jpg	media/CNX_ElemAlg_Figure_08_04_006a_img_new.jpg	image/jpeg	67574	615e43b320351c8b9152f1e0c31467d06f62d21373cbd124294ee0789f99249e	1
../../media/CNX_ElemAlg_Figure_08_04_006b_img_new.jpg	media/CNX_ElemAlg_Figure_08_04_006b_img_new.jpg	image/jpeg	23484	f203edae7d08b092f8319be57f8b5fdbfd64e417d7c5862085c279c46d1b2310	1
../../media/CNX_ElemAlg_Figure_08_04_006c_img_new.jpg	media/CNX_ElemAlg_Figure_08_04_006c_img_new.jpg	image/jpeg	81928	ec7b0424e043641d67d6585f9b32e37bfad0f1163ddbc63e2d0edca1dc473923	1
../../media/CNX_ElemAlg_Figure_08_04_007a_img_new.jpg	media/CNX_ElemAlg_Figure_08_04_007a_img_new.jpg	image/jpeg	52408	4e18092c34cc0d2bddd2c1fdb9aa4873f21f237cd5d62543f07375bfe10daf80	1
../../media/CNX_ElemAlg_Figure_08_04_007b_img_new.jpg	media/CNX_ElemAlg_Figure_08_04_007b_img_new.jpg	image/jpeg	45137	6207bb9ca6b6cd3e290053a88df6e065232d648462c9759e7ab772e01858b3f1	1
../../media/CNX_ElemAlg_Figure_08_04_007c_img_new.jpg	media/CNX_ElemAlg_Figure_08_04_007c_img_new.jpg	image/jpeg	50211	d03f5a4cf0c36c40369e968846c84551d54ef0018ee63e42ed75fe7ff4d1ffcd	1
../../media/CNX_ElemAlg_Figure_08_04_007d_img_new.jpg	media/CNX_ElemAlg_Figure_08_04_007d_img_new.jpg	image/jpeg	46626	1505019db4146daeb585ca66873951842ce21cc4f030bae5cf1142dc71f6151d	1
../../media/CNX_ElemAlg_Figure_08_04_007e_img_new.jpg	media/CNX_ElemAlg_Figure_08_04_007e_img_new.jpg	image/jpeg	49246	af1557be600a1b12709f60e6620f36ce5cb293970a71e4841e968cf8b30c69ad	1
../../media/CNX_ElemAlg_Figure_08_04_007f_img_new.jpg	media/CNX_ElemAlg_Figure_08_04_007f_img_new.jpg	image/jpeg	47129	a75e3fbe10729d43c1594a6ae8afdd3464fb5861b6886cc46f1956efc28434ad	1
../../media/CNX_ElemAlg_Figure_08_04_007g_img_new.jpg	media/CNX_ElemAlg_Figure_08_04_007g_img_new.jpg	image/jpeg	47084	fbfea1ee57f78d2eb5df8e548300ef9a0b7bce9ad5854eac190322893712a246	1
../../media/CNX_ElemAlg_Figure_08_04_008a_img_new.jpg	media/CNX_ElemAlg_Figure_08_04_008a_img_new.jpg	image/jpeg	52373	3017ffb5db67ae7ca2d5e53bb03d3321f96831d17bbe099d17d026b04137c0d0	1
../../media/CNX_ElemAlg_Figure_08_04_008b_img_new.jpg	media/CNX_ElemAlg_Figure_08_04_008b_img_new.jpg	image/jpeg	45472	409cb2c9649cb5d0acf4b2bfe431506846bb9a97ae486d7adcc0dd3d094ca8fe	1
../../media/CNX_ElemAlg_Figure_08_04_008c_img_new.jpg	media/CNX_ElemAlg_Figure_08_04_008c_img_new.jpg	image/jpeg	51512	5749be39995253f5ff4f3c83d7f45dfe91ce13b64939436eb9a94e60a3f06103	1
../../media/CNX_ElemAlg_Figure_08_04_008d_img_new.jpg	media/CNX_ElemAlg_Figure_08_04_008d_img_new.jpg	image/jpeg	46915	ccc5c7a324aeea1c1dd81f0d0cbb329c7e478eb90288ed61de185c1e088b2193	1
../../media/CNX_ElemAlg_Figure_08_04_008f_img_new.jpg	media/CNX_ElemAlg_Figure_08_04_008f_img_new.jpg	image/jpeg	19306	136c92406f04411eb7fa92ef7d14124b77c678ed40a32f8b9dd732f28c2ba3fd	2
../../media/CNX_ElemAlg_Figure_08_04_009a_img_new.jpg	media/CNX_ElemAlg_Figure_08_04_009a_img_new.jpg	image/jpeg	61789	566a52fbf760f92db4dccb66a2abde51454bbb2f30c5777ec508616acd9a9ba0	1
../../media/CNX_ElemAlg_Figure_08_04_009b_img_new.jpg	media/CNX_ElemAlg_Figure_08_04_009b_img_new.jpg	image/jpeg	30154	30e66aa730f9c5948a41a26f53bbfd5fd5285b73b38864d4e10ca3c2bd112ed1	1
../../media/CNX_ElemAlg_Figure_08_04_009c_img_new.jpg	media/CNX_ElemAlg_Figure_08_04_009c_img_new.jpg	image/jpeg	86067	55fc362fada6154ca606a0b84c0b36a3f0b9c0edada2047c4714ab48e9823613	1
../../media/CNX_ElemAlg_Figure_08_04_010a_img_new.jpg	media/CNX_ElemAlg_Figure_08_04_010a_img_new.jpg	image/jpeg	52119	61003828224015b49fe2ced7072b1ace244a4a0a179c958a98dc0b01453561c0	1
../../media/CNX_ElemAlg_Figure_08_04_010b_img_new.jpg	media/CNX_ElemAlg_Figure_08_04_010b_img_new.jpg	image/jpeg	46096	0edd4a53ff106e25b8e3ff9e483f6ccfaab547dea82899e5096782571028499f	1
../../media/CNX_ElemAlg_Figure_08_04_010c_img_new.jpg	media/CNX_ElemAlg_Figure_08_04_010c_img_new.jpg	image/jpeg	49859	9a21f48216378ea8ee2d17be769d4e4c5efb95735a8b1042d61a5fa1d5344ce9	1
../../media/CNX_ElemAlg_Figure_08_04_010d_img_new.jpg	media/CNX_ElemAlg_Figure_08_04_010d_img_new.jpg	image/jpeg	46666	2f57e3634551a6ac2e2f264a8029228ef6fc2730c0ba447e98a6bbbb630ebaed	1
../../media/CNX_ElemAlg_Figure_08_04_010e_img_new.jpg	media/CNX_ElemAlg_Figure_08_04_010e_img_new.jpg	image/jpeg	50365	518477d5a6b062037de946f8ade140acecb4b2633da7186ed7e89e71cf4b3484	1
../../media/CNX_ElemAlg_Figure_08_04_010f_img_new.jpg	media/CNX_ElemAlg_Figure_08_04_010f_img_new.jpg	image/jpeg	48794	2359922b5e5c799bd1e3d62332bab57e92e0f34a446f95e56f898798c1ebaa0b	1
../../media/CNX_ElemAlg_Figure_08_04_010g_img_new.jpg	media/CNX_ElemAlg_Figure_08_04_010g_img_new.jpg	image/jpeg	48913	c8d452d76e8311f88c97d6979f3f38a1b5f6e9a5d0f8802eec66638daf6e9d9f	1
../../media/CNX_ElemAlg_Figure_08_04_010h_img_new.jpg	media/CNX_ElemAlg_Figure_08_04_010h_img_new.jpg	image/jpeg	51520	52bb4b6a2e984b93e5ee8af78738992eeef7e286a67e3bfffc84207bae360989	1
../../media/CNX_ElemAlg_Figure_08_04_010i_img_new.jpg	media/CNX_ElemAlg_Figure_08_04_010i_img_new.jpg	image/jpeg	48516	b41f3e02fb5e8ada45043b6c6eb6e41b2231b78b388e47531be0f7c5cbaa5cfb	1
../../media/CNX_ElemAlg_Figure_08_04_011a_img_new.jpg	media/CNX_ElemAlg_Figure_08_04_011a_img_new.jpg	image/jpeg	49575	e73826aef890dd12ec1e51bc084b61be74a9c25ae3634e874e0abf21afff6a7e	1
../../media/CNX_ElemAlg_Figure_08_04_011b_img_new.jpg	media/CNX_ElemAlg_Figure_08_04_011b_img_new.jpg	image/jpeg	43478	be8900c96f88f8bbbb60fb313c247832e2a28cdde0776a41043880b6b8fd5b67	1
../../media/CNX_ElemAlg_Figure_08_04_011c_img_new.jpg	media/CNX_ElemAlg_Figure_08_04_011c_img_new.jpg	image/jpeg	44698	0f8dac0360f67f13cc7cc2054e4eccd0c87a96b4bfe6fbfcdf2d7fa585f43f7a	1
../../media/CNX_ElemAlg_Figure_08_04_011d_img_new.jpg	media/CNX_ElemAlg_Figure_08_04_011d_img_new.jpg	image/jpeg	47470	bb51d6a04f26a1b85a2513689918bfac334c11b96ebc4fcd4c3a8541332c5f80	1
../../media/CNX_ElemAlg_Figure_08_04_011e_img_new.jpg	media/CNX_ElemAlg_Figure_08_04_011e_img_new.jpg	image/jpeg	45557	324bae7ccd85e6df5560ef619f4451c464d8c5fed16b20d7a174b3a209a1adc6	1
../../media/CNX_ElemAlg_Figure_08_04_011f_img_new.jpg	media/CNX_ElemAlg_Figure_08_04_011f_img_new.jpg	image/jpeg	48616	81055bcfefa66aaf7450ffdc20e330c5d8e5688e2c3ebee38dd6c461d9745cd1	1
../../media/CNX_ElemAlg_Figure_08_04_011g_img_new.jpg	media/CNX_ElemAlg_Figure_08_04_011g_img_new.jpg	image/jpeg	45575	2448703af878db57dd5a51703bc08864fb1901dce78d3bcc2df386e4717a63b7	1
../../media/CNX_ElemAlg_Figure_08_04_011h_img_new.jpg	media/CNX_ElemAlg_Figure_08_04_011h_img_new.jpg	image/jpeg	45212	522a0d7204c64d143fa971114c037d9b70203be55e0902e2c7bcb6dd4d2159c2	1
../../media/CNX_ElemAlg_Figure_08_04_011i_img_new.jpg	media/CNX_ElemAlg_Figure_08_04_011i_img_new.jpg	image/jpeg	45909	81319e4098b2b2482e10f0b92be013a4e4e33930a169a41cc07296ec15f0d363	1
../../media/CNX_ElemAlg_Figure_08_04_011j_img_new.jpg	media/CNX_ElemAlg_Figure_08_04_011j_img_new.jpg	image/jpeg	46996	26a14636d35fd3ec2711d8b5e07f410759ed60072284f3dcf076f220e6aac423	1
../../media/CNX_ElemAlg_Figure_08_04_011k_img_new.jpg	media/CNX_ElemAlg_Figure_08_04_011k_img_new.jpg	image/jpeg	45701	1408908ba1e212a75eb05de4aa2cbd65d5953f8400337eeb44bc34632f7117d3	1
../../media/CNX_ElemAlg_Figure_08_04_012a_img_new.jpg	media/CNX_ElemAlg_Figure_08_04_012a_img_new.jpg	image/jpeg	43193	67156568454a7663212c880eff85f415ea5d1eb833d9240482df1d5c84977d67	1
../../media/CNX_ElemAlg_Figure_08_04_012b_img_new.jpg	media/CNX_ElemAlg_Figure_08_04_012b_img_new.jpg	image/jpeg	44082	71a9db982ab5be3e810bde28d703457814bcc11030b5c136974fd1b66ee4a2c8	1
../../media/CNX_ElemAlg_Figure_08_04_012c_img_new.jpg	media/CNX_ElemAlg_Figure_08_04_012c_img_new.jpg	image/jpeg	47884	c7a25435c12b697bda5561892e103e03c6bd552160b7d2ce23db43c17b8457cc	1
../../media/CNX_ElemAlg_Figure_08_04_012d_img_new.jpg	media/CNX_ElemAlg_Figure_08_04_012d_img_new.jpg	image/jpeg	44248	16063a0183b2e4d164e39bdeafd9b48d4e2912fc26ed6c40f9f0130004490fec	1
../../media/CNX_ElemAlg_Figure_08_04_012e_img_new.jpg	media/CNX_ElemAlg_Figure_08_04_012e_img_new.jpg	image/jpeg	42704	c02cc2d62005e4a5e9f686a1596ce0d07e455588a8ffcc1c873c7d9eb93ed42b	1
../../media/CNX_ElemAlg_Figure_08_04_012f_img_new.jpg	media/CNX_ElemAlg_Figure_08_04_012f_img_new.jpg	image/jpeg	45784	aa8a7db757aca9990653581f10b8e05f50572670745bfb9e070c3261cbd610d7	1
../../media/CNX_ElemAlg_Figure_08_04_012g_img_new.jpg	media/CNX_ElemAlg_Figure_08_04_012g_img_new.jpg	image/jpeg	46693	0e6a72b8fe1f55ebae4966d045b41a929357e2c63f8b1ee011c6ee4de10a10b3	1
../../media/CNX_ElemAlg_Figure_08_04_013a_img_new.jpg	media/CNX_ElemAlg_Figure_08_04_013a_img_new.jpg	image/jpeg	50671	b5f13f3092e68f56874fb70a0242732e7bef3d2fd28cca6cb7ff5778c7856244	1
../../media/CNX_ElemAlg_Figure_08_04_013b_img_new.jpg	media/CNX_ElemAlg_Figure_08_04_013b_img_new.jpg	image/jpeg	43403	a66d30fb2528578742e0e00877c26ab5c89645fbb01fc06d50e1b8b04a35687b	1
../../media/CNX_ElemAlg_Figure_08_04_013c_img_new.jpg	media/CNX_ElemAlg_Figure_08_04_013c_img_new.jpg	image/jpeg	48481	e269495736a5ff8ef1fe93199be1894a7dd1047efc4624c891351302b7e8af0b	1
../../media/CNX_ElemAlg_Figure_08_04_013d_img_new.jpg	media/CNX_ElemAlg_Figure_08_04_013d_img_new.jpg	image/jpeg	44509	16ebba1e54cee7a3b8fd614202de6632426e885a7b70de1bedf9def6b7a56097	1
../../media/CNX_ElemAlg_Figure_08_04_013e_img_new.jpg	media/CNX_ElemAlg_Figure_08_04_013e_img_new.jpg	image/jpeg	44301	4c16e6ceab9ae96c05cf5ff08cbeecb6a9dda5c285c81046aa5c21ecdf8697f0	1
../../media/CNX_ElemAlg_Figure_08_04_013f_img_new.jpg	media/CNX_ElemAlg_Figure_08_04_013f_img_new.jpg	image/jpeg	48415	167653ef19597ed5c46d6a4dd60326fc3579b6061ac22152d10bc462ef764fdb	1
../../media/CNX_ElemAlg_Figure_08_04_013g_img_new.jpg	media/CNX_ElemAlg_Figure_08_04_013g_img_new.jpg	image/jpeg	47778	18b5f1752830c617216c2e51e4cbc2411c11d04bf3c5e233c8966dfa92d5fcc2	1
../../media/CNX_ElemAlg_Figure_08_04_013h_img_new.jpg	media/CNX_ElemAlg_Figure_08_04_013h_img_new.jpg	image/jpeg	44618	63b50fd1091a9495cd5c3e3ad27865ccd3baf608285fbccf9a9326fccf38ee7d	1
../../media/CNX_ElemAlg_Figure_08_04_201_img_new.jpg	media/CNX_ElemAlg_Figure_08_04_201_img_new.jpg	image/jpeg	72344	31ebb218a899ba1d17d7ce9c9d06823596808c16a03b64006961811cfa8916de	1
../../media/CNX_ElemAlg_Figure_08_05_001a_img_new.jpg	media/CNX_ElemAlg_Figure_08_05_001a_img_new.jpg	image/jpeg	3116	448c7d5a753b43f9d1e300c34b32510eea7c753b5d1b11b05423bfb8827a5c03	1
../../media/CNX_ElemAlg_Figure_08_05_001b_img_new.jpg	media/CNX_ElemAlg_Figure_08_05_001b_img_new.jpg	image/jpeg	6015	465a3cef4636782dc4471843ac779dd56286c8fb4172ead8712c0a0218496811	1
../../media/CNX_ElemAlg_Figure_08_05_001c_img_new.jpg	media/CNX_ElemAlg_Figure_08_05_001c_img_new.jpg	image/jpeg	3125	756d6e236f8147af72dc18f0b69d7cbf9d3c7baf936c52cc17b4a92f2c25b277	1
../../media/CNX_ElemAlg_Figure_08_05_001d_img_new.jpg	media/CNX_ElemAlg_Figure_08_05_001d_img_new.jpg	image/jpeg	66533	033f89fd9dd6978d4ad80cee4b53f9ad5313b2d394aa50b20ba49ef2850e32fc	1
../../media/CNX_ElemAlg_Figure_08_05_001e_img_new.jpg	media/CNX_ElemAlg_Figure_08_05_001e_img_new.jpg	image/jpeg	1597	ae30380d3aed81bac201b9ab042773e44b946423107097703f0672937769f917	1
../../media/CNX_ElemAlg_Figure_08_05_001f_img_new.jpg	media/CNX_ElemAlg_Figure_08_05_001f_img_new.jpg	image/jpeg	1500	d64dadb4243e94fdba1e980d75242feec9bad2c3e03ca2381e40fa2d72472120	1
../../media/CNX_ElemAlg_Figure_08_05_001g_img_new.jpg	media/CNX_ElemAlg_Figure_08_05_001g_img_new.jpg	image/jpeg	436	cc2c2bd1e555e61927ab637f8649b1f672e23397367f06279de730d45b7e66f2	1
../../media/CNX_ElemAlg_Figure_08_05_002a_img_new.jpg	media/CNX_ElemAlg_Figure_08_05_002a_img_new.jpg	image/jpeg	58477	1e1f72494da1dc30bdb8bfadf538c46583e89cbf264e139618aa34ab2ca3bfa1	1
../../media/CNX_ElemAlg_Figure_08_05_002b_img_new.jpg	media/CNX_ElemAlg_Figure_08_05_002b_img_new.jpg	image/jpeg	84100	412542d7300f7992ae5e3caa02bb2e7c466e5e7e5b01ce32cb4a459c5b75e485	1
../../media/CNX_ElemAlg_Figure_08_05_002c_img_new.jpg	media/CNX_ElemAlg_Figure_08_05_002c_img_new.jpg	image/jpeg	30821	e1f83962225e813c65ccefd00ca812a61dca4463d3c8095c3fdc37c852cd8d77	1
../../media/CNX_ElemAlg_Figure_08_05_003a_img_new.jpg	media/CNX_ElemAlg_Figure_08_05_003a_img_new.jpg	image/jpeg	4839	f29a422299f0e9dfb918b550dbf479178e5a4c54c13faf734097efb403b4d5e8	1
../../media/CNX_ElemAlg_Figure_08_05_003b_img_new.jpg	media/CNX_ElemAlg_Figure_08_05_003b_img_new.jpg	image/jpeg	13898	4ce43947eae0a6325560a01a1f94b98a4223f75749474685a41c232d7df715e9	1
../../media/CNX_ElemAlg_Figure_08_05_003c_img_new.jpg	media/CNX_ElemAlg_Figure_08_05_003c_img_new.jpg	image/jpeg	8267	ed18be090d600ac29ecb96a2eee5c9bcce96c587fbb59929efaf3a5a073b3dab	1
../../media/CNX_ElemAlg_Figure_08_05_003d_img_new.jpg	media/CNX_ElemAlg_Figure_08_05_003d_img_new.jpg	image/jpeg	4640	4932e1f21aa0ea83e7ef979c3ea96f43417d8a1ab390b5d5c411522afb0f85a8	1
../../media/CNX_ElemAlg_Figure_08_05_003e_img_new.jpg	media/CNX_ElemAlg_Figure_08_05_003e_img_new.jpg	image/jpeg	3761	4cd13f3fb49a32d3d91a2391ba0d03c6cc96d5e4e883f5890bfb8f8f94697e5d	1
../../media/CNX_ElemAlg_Figure_08_05_003f_img_new.jpg	media/CNX_ElemAlg_Figure_08_05_003f_img_new.jpg	image/jpeg	3778	92373e88896d8933f31e9f21308f3c77be3b95539114913d8becdf1cad50db64	1
../../media/CNX_ElemAlg_Figure_08_05_003g_img_new.jpg	media/CNX_ElemAlg_Figure_08_05_003g_img_new.jpg	image/jpeg	3591	fa1acb86187243e3747faf6a1b5e9bb1735252e1957967c76d29a18513a60711	1
../../media/CNX_ElemAlg_Figure_08_05_003h_img_new.jpg	media/CNX_ElemAlg_Figure_08_05_003h_img_new.jpg	image/jpeg	5815	d3bde4e2bcab00e8b91a1729cf01a02b3e4c7c0878880dff0615e2eaed131fab	1
../../media/CNX_ElemAlg_Figure_08_05_003i_img_new.jpg	media/CNX_ElemAlg_Figure_08_05_003i_img_new.jpg	image/jpeg	2231	190d9e4e3ba0e308f57ea545d72fe1249cb3affcf8149e12f61b00bbb1302020	1
../../media/CNX_ElemAlg_Figure_08_05_004a_img_new.jpg	media/CNX_ElemAlg_Figure_08_05_004a_img_new.jpg	image/jpeg	3260	f4ac7723714c7c10b189eb332627f12bd67df6043aadd56e41e4acfaa642142a	1
../../media/CNX_ElemAlg_Figure_08_05_004b_img_new.jpg	media/CNX_ElemAlg_Figure_08_05_004b_img_new.jpg	image/jpeg	4455	76a97826147fbb9f4f6465f05b64df6fba44fbe2daf4fe7a71fc99745533e773	1
../../media/CNX_ElemAlg_Figure_08_05_004c_img_new.jpg	media/CNX_ElemAlg_Figure_08_05_004c_img_new.jpg	image/jpeg	5011	ea1f5023977dc0494484e091d768c0804d82e75ccbcb3054197bcf3dc59f9a83	1
../../media/CNX_ElemAlg_Figure_08_05_004d_img_new.jpg	media/CNX_ElemAlg_Figure_08_05_004d_img_new.jpg	image/jpeg	1537	a53a33b045bbe661ef27151a4db203dd0c6a653dd0d4d7b71a7fd96de28e0583	1
../../media/CNX_ElemAlg_Figure_08_05_004e_img_new.jpg	media/CNX_ElemAlg_Figure_08_05_004e_img_new.jpg	image/jpeg	819	016046393dfb2f090b635ceb4591013d0e3152d7f193232f2e6fe30fddc1227e	1
../../media/CNX_ElemAlg_Figure_08_05_004f_img_new.jpg	media/CNX_ElemAlg_Figure_08_05_004f_img_new.jpg	image/jpeg	438	875aef93bb6e827a7efe85e7532995cf25f1bbfc63f179a36833b9940d5106fa	1
../../media/CNX_ElemAlg_Figure_08_05_005a_img_new.jpg	media/CNX_ElemAlg_Figure_08_05_005a_img_new.jpg	image/jpeg	85082	7eafa28b2ca742508ac074a43268a43de9fe3b88dce7689561b8398a72ac8416	1
../../media/CNX_ElemAlg_Figure_08_05_005b_img_new.jpg	media/CNX_ElemAlg_Figure_08_05_005b_img_new.jpg	image/jpeg	21463	f31bec242e4529b8d1232e080b0d530815dbf396c568f2bdf20d0c5c90f1aa75	1
../../media/CNX_ElemAlg_Figure_08_05_005c_img_new.jpg	media/CNX_ElemAlg_Figure_08_05_005c_img_new.jpg	image/jpeg	29618	d2ba4975251eada50a4a03dd4a91d52035362d1ca47fee89f287cef6c80cedfb	1
../../media/CNX_ElemAlg_Figure_08_05_006a_img_new.jpg	media/CNX_ElemAlg_Figure_08_05_006a_img_new.jpg	image/jpeg	9624	cfe09575dbfb0df997b32a30dc072bebb3f9cf9bdba5e564dd7724df004c969e	1
../../media/CNX_ElemAlg_Figure_08_05_006b_img_new.jpg	media/CNX_ElemAlg_Figure_08_05_006b_img_new.jpg	image/jpeg	3277	0e1e534e6fbc6ce62e3a5c773251991d4bb75faa05a17b6255efaa59daabf3e1	1
../../media/CNX_ElemAlg_Figure_08_05_006c_img_new.jpg	media/CNX_ElemAlg_Figure_08_05_006c_img_new.jpg	image/jpeg	11611	16eceeb9ec423ddfa86e2b23ff1363129963bb6cacd292455c910d9fce117f46	1
../../media/CNX_ElemAlg_Figure_08_05_006d_img_new.jpg	media/CNX_ElemAlg_Figure_08_05_006d_img_new.jpg	image/jpeg	11650	7ee78a4d91ce6c1173b1c0c9aeeb31946bdf1dbe9945194dbb3d646a767d57fd	1
../../media/CNX_ElemAlg_Figure_08_05_006e_img_new.jpg	media/CNX_ElemAlg_Figure_08_05_006e_img_new.jpg	image/jpeg	2355	07aa618afe137ce84e1c99e9353ef7cb45c3bc3a7f3f82f937014e5655076737	1
../../media/CNX_ElemAlg_Figure_08_05_006f_img_new.jpg	media/CNX_ElemAlg_Figure_08_05_006f_img_new.jpg	image/jpeg	2008	a715f080776b3143951fb2c2503fbcdda8c81febc44ac2939d2c83d7829091d2	1
../../media/CNX_ElemAlg_Figure_08_05_006g_img_new.jpg	media/CNX_ElemAlg_Figure_08_05_006g_img_new.jpg	image/jpeg	2336	8ebc3d339fc53504750d9af8b9889c9ef5505607d450315d346911e2032880e4	1
../../media/CNX_ElemAlg_Figure_08_05_006h_img_new.jpg	media/CNX_ElemAlg_Figure_08_05_006h_img_new.jpg	image/jpeg	1731	53d2306c89c54bf9dc3069322d6cc63dfe0b5439a42be751e254825411cb5fda	1
../../media/CNX_ElemAlg_Figure_08_05_007a_img_new.jpg	media/CNX_ElemAlg_Figure_08_05_007a_img_new.jpg	image/jpeg	52360	8e7a4d03b51b07eaecd145806ad51a5a2dfdfe17139e613d70733be0ed0a1416	1
../../media/CNX_ElemAlg_Figure_08_05_007b_img_new.jpg	media/CNX_ElemAlg_Figure_08_05_007b_img_new.jpg	image/jpeg	56717	7be2298c2e69c7b463f265708214d2fd0f070301477e6fc42ff78103421495c5	1
../../media/CNX_ElemAlg_Figure_08_05_007c_img_new.jpg	media/CNX_ElemAlg_Figure_08_05_007c_img_new.jpg	image/jpeg	57875	25c134b4f82551e0e0202aebd2b765543940f0046ece6b0027fd8f07b1feb418	1
../../media/CNX_ElemAlg_Figure_08_05_007d_img_new.jpg	media/CNX_ElemAlg_Figure_08_05_007d_img_new.jpg	image/jpeg	43250	4ca5a67bf0db6e963e5d0fa0b70326b335f8602c997dc67eb8c80050130ccb4d	1
../../media/CNX_ElemAlg_Figure_08_05_007e_img_new.jpg	media/CNX_ElemAlg_Figure_08_05_007e_img_new.jpg	image/jpeg	43712	4951770144de59b86bc091515b7b7fa88263b0d5cb8658d2fe368b844225fab8	1
../../media/CNX_ElemAlg_Figure_08_05_007f_img_new.jpg	media/CNX_ElemAlg_Figure_08_05_007f_img_new.jpg	image/jpeg	45182	f30e3ac0f4bfb2f4b0787cf3dcf8de61b2392652f6f5e87dfdf89f9692fd503b	1
../../media/CNX_ElemAlg_Figure_08_05_008a_img_new.jpg	media/CNX_ElemAlg_Figure_08_05_008a_img_new.jpg	image/jpeg	48354	8732096718de44a68481e9e44d98e1b46aeca3da0a51efd1ca5ab3d4003b2f5b	1
../../media/CNX_ElemAlg_Figure_08_05_008b_img_new.jpg	media/CNX_ElemAlg_Figure_08_05_008b_img_new.jpg	image/jpeg	54459	2e7b83c396cc58aae9192123981539efb11e876e20f55abe9776068f207a9c38	1
../../media/CNX_ElemAlg_Figure_08_05_008c_img_new.jpg	media/CNX_ElemAlg_Figure_08_05_008c_img_new.jpg	image/jpeg	57208	d18927912969f32e96fc5099337c793dd3c4c4f787834508e7aa3d22cf2e7904	1
../../media/CNX_ElemAlg_Figure_08_05_008d_img_new.jpg	media/CNX_ElemAlg_Figure_08_05_008d_img_new.jpg	image/jpeg	45902	43be962f5d19a5ff8f0494d30bdd156e1cc64401855c6a5b0f6ec5c95748e540	1
../../media/CNX_ElemAlg_Figure_08_05_008e_img_new.jpg	media/CNX_ElemAlg_Figure_08_05_008e_img_new.jpg	image/jpeg	45908	f88de01cce9df94b3eac3d97282c7510d2f28dd70b631bee1218887807b7804d	1
../../media/CNX_ElemAlg_Figure_08_05_008f_img_new.jpg	media/CNX_ElemAlg_Figure_08_05_008f_img_new.jpg	image/jpeg	47414	7fa85702d94260983fa70a8156eda32a65dd7fcf244c3f4658acd6881a8aef54	1
../../media/CNX_ElemAlg_Figure_08_05_008g_img_new.jpg	media/CNX_ElemAlg_Figure_08_05_008g_img_new.jpg	image/jpeg	50071	eaa14f45fdb7680fc92ef04ccdaeb55c0bfa47370c39a082dab38b6d2d1e6f14	1
../../media/CNX_ElemAlg_Figure_08_05_008h_img.jpg	media/CNX_ElemAlg_Figure_08_05_008h_img.jpg	image/jpeg	609492	02fd3df4f9dbf530fe5a81231801919775acc3efff7e7e646f6dbabb694980f0	1
../../media/CNX_ElemAlg_Figure_08_05_201_img_new.jpg	media/CNX_ElemAlg_Figure_08_05_201_img_new.jpg	image/jpeg	53836	97057afb1e097aa2a49a952596ebb42cb3d4b5b5a706fe9a5a684f171b253683	1
../../media/CNX_ElemAlg_Figure_08_06_001a_img_new.jpg	media/CNX_ElemAlg_Figure_08_06_001a_img_new.jpg	image/jpeg	35521	4fa75edfe896a4cf5c255c08f33905e68314a190dba3bf8342cf0d8108f9b7ba	1
../../media/CNX_ElemAlg_Figure_08_06_001b_img_new.jpg	media/CNX_ElemAlg_Figure_08_06_001b_img_new.jpg	image/jpeg	41661	445c02581db15d6c246b7656518bbe0a9b4c93e58cc91ec94d64911636255794	1
../../media/CNX_ElemAlg_Figure_08_06_001c_img_new.jpg	media/CNX_ElemAlg_Figure_08_06_001c_img_new.jpg	image/jpeg	35791	55dbace9ec4aa4daf257dfc4cab753a8f557fc59201b061e691320cbfe1182ee	1
../../media/CNX_ElemAlg_Figure_08_06_001d_img_new.jpg	media/CNX_ElemAlg_Figure_08_06_001d_img_new.jpg	image/jpeg	34704	ec109538f2e89ca7d124bdae721489e29b3ec7c6a0126329602d17db5272c186	1
../../media/CNX_ElemAlg_Figure_08_06_001e_img_new.jpg	media/CNX_ElemAlg_Figure_08_06_001e_img_new.jpg	image/jpeg	35519	9968e5d7f852e005c0e0f2d96037a1a281bed381c9ad6f871e4fc97817fcb807	1
../../media/CNX_ElemAlg_Figure_08_06_001f_img_new.jpg	media/CNX_ElemAlg_Figure_08_06_001f_img_new.jpg	image/jpeg	35231	daa52b709bd4aa592dd5570a1817a2dac44818994cb9fba03f3468e5d75a2a4f	1
../../media/CNX_ElemAlg_Figure_08_06_001g_img_new.jpg	media/CNX_ElemAlg_Figure_08_06_001g_img_new.jpg	image/jpeg	35806	c936513532d0907881348a4f39d64550dc5489a23e6e4bfe72bd78e9f5daeed5	1
../../media/CNX_ElemAlg_Figure_08_06_002a_img_new.jpg	media/CNX_ElemAlg_Figure_08_06_002a_img_new.jpg	image/jpeg	24970	09edb12fe3bbaca45886f8fa35a20eab81b91a1f9d6e550d107381a2a9e7d5e5	1
../../media/CNX_ElemAlg_Figure_08_06_002b_img_new.jpg	media/CNX_ElemAlg_Figure_08_06_002b_img_new.jpg	image/jpeg	82348	a26fe449c78e2d40a31cd8e9b77671365cbf56d4a699e53508ea7149bee38a11	1
../../media/CNX_ElemAlg_Figure_08_06_002c_img_new.jpg	media/CNX_ElemAlg_Figure_08_06_002c_img_new.jpg	image/jpeg	34934	342bcc560840ce44f147569512cfe58bfc0323bf8ecf712ffaebd9b191f0ffa9	1
../../media/CNX_ElemAlg_Figure_08_06_002d_img_new.jpg	media/CNX_ElemAlg_Figure_08_06_002d_img_new.jpg	image/jpeg	75890	4a75810cf15641fb4757e0d977383d62dce3bf451d00bd9bc9c9aeff33ad475c	1
../../media/CNX_ElemAlg_Figure_08_06_002e_img_new.jpg	media/CNX_ElemAlg_Figure_08_06_002e_img_new.jpg	image/jpeg	37431	7cb1dd0505621c8ddbec7847d0c6910713c1288fafa61ddbb76a3f5b58ce2ddc	1
../../media/CNX_ElemAlg_Figure_08_06_003a_img_new.jpg	media/CNX_ElemAlg_Figure_08_06_003a_img_new.jpg	image/jpeg	26279	ef78e3b7b26adccf086f8a4f12f15862aaa095a819e1160e92d228220308f446	1
../../media/CNX_ElemAlg_Figure_08_06_003b_img_new.jpg	media/CNX_ElemAlg_Figure_08_06_003b_img_new.jpg	image/jpeg	1818	e2e9066f0e7a16ff1adcb96a36acaaa010e05d62f19b92b475756aa70a4d7e73	1
../../media/CNX_ElemAlg_Figure_08_06_003c_img_new.jpg	media/CNX_ElemAlg_Figure_08_06_003c_img_new.jpg	image/jpeg	2259	5f255fbae366c236148cae4fed195a9f402615bcd6d71b8f97e0d9c2ef152d54	1
../../media/CNX_ElemAlg_Figure_08_06_003d_img_new.jpg	media/CNX_ElemAlg_Figure_08_06_003d_img_new.jpg	image/jpeg	3522	1de7bf1f251b9637a889aead1a99ea5f12c28811ab764321f6511e013b3383ac	1
../../media/CNX_ElemAlg_Figure_08_06_003e_img_new.jpg	media/CNX_ElemAlg_Figure_08_06_003e_img_new.jpg	image/jpeg	4079	6c10f7a3d72d461248c32b07dd3020799c7c919cf70ae5345667967c6df553a3	1
../../media/CNX_ElemAlg_Figure_08_06_003f_img_new.jpg	media/CNX_ElemAlg_Figure_08_06_003f_img_new.jpg	image/jpeg	1106	798aa2f5345be5cc6feab438830797b51ce0781ad49782457bbdbe6f3fbdf28f	1
../../media/CNX_ElemAlg_Figure_08_06_003g_img_new.jpg	media/CNX_ElemAlg_Figure_08_06_003g_img_new.jpg	image/jpeg	1373	971b2653dd94e3cac23b97fc38c29ca827ace307be54cb9942ecba97ce7daa6c	1
../../media/CNX_ElemAlg_Figure_08_06_003h_img_new.jpg	media/CNX_ElemAlg_Figure_08_06_003h_img_new.jpg	image/jpeg	1465	5936f9a8fdef70571ce78238290aa5b4f6759daf8d0d1a3de20b32425d643d0f	1
../../media/CNX_ElemAlg_Figure_08_06_003i_img_new.jpg	media/CNX_ElemAlg_Figure_08_06_003i_img_new.jpg	image/jpeg	1730	27117eb037aa58d10a23d4ab3f7e156ff89fed28ba5bab2f55e7de877ee1a5af	1
../../media/CNX_ElemAlg_Figure_08_06_003j_img_new.jpg	media/CNX_ElemAlg_Figure_08_06_003j_img_new.jpg	image/jpeg	1324	3f35388cd22bd29af7a3357e7c24d5a00f40e94c26bc81db0884220a5a8188a5	1
../../media/CNX_ElemAlg_Figure_08_06_004a_img_new.jpg	media/CNX_ElemAlg_Figure_08_06_004a_img_new.jpg	image/jpeg	58436	8efdb3903433189ddd74c2295f8a81fbd02e380c41bb3989aeeaad9f09bd436a	1
../../media/CNX_ElemAlg_Figure_08_06_004b_img_new.jpg	media/CNX_ElemAlg_Figure_08_06_004b_img_new.jpg	image/jpeg	45160	116c0129c26dc076e797c35161a41a8414b16e9c8f84c6895c1528bf0f5a4831	1
../../media/CNX_ElemAlg_Figure_08_06_004c_img_new.jpg	media/CNX_ElemAlg_Figure_08_06_004c_img_new.jpg	image/jpeg	44347	80842594aee44cf80e4cfa2a0d60ddcf40c67a4f93509f862644328db8783d8d	1
../../media/CNX_ElemAlg_Figure_08_06_004d_img_new.jpg	media/CNX_ElemAlg_Figure_08_06_004d_img_new.jpg	image/jpeg	49146	518789984914e9d06245c85d39fb98692d96459fb82356c656d987405d2d4dff	1
../../media/CNX_ElemAlg_Figure_08_06_004e_img_new.jpg	media/CNX_ElemAlg_Figure_08_06_004e_img_new.jpg	image/jpeg	45886	76c1c2bbe7b5974b72a365aed8e40b775f879e392e7412240c67a496af6d2ee6	1
../../media/CNX_ElemAlg_Figure_08_06_004f_img_new.jpg	media/CNX_ElemAlg_Figure_08_06_004f_img_new.jpg	image/jpeg	43420	1a4252024648b6d98f7a9efdb85d8f574da409a6b30cafbc9123b34b29035620	1
../../media/CNX_ElemAlg_Figure_08_06_004g_img_new.jpg	media/CNX_ElemAlg_Figure_08_06_004g_img_new.jpg	image/jpeg	42697	6c1275052464285ea43b3812fab64bc3f6dafbe12703ecac2f1ca8e09915e17e	1
../../media/CNX_ElemAlg_Figure_08_06_004h_img_new.jpg	media/CNX_ElemAlg_Figure_08_06_004h_img_new.jpg	image/jpeg	43038	51ad54ae2a855ccf0b502cc5c652fc10992d9f6bf414cf9d3be5071cf6fb6f48	1
../../media/CNX_ElemAlg_Figure_08_06_006a_img_new.jpg	media/CNX_ElemAlg_Figure_08_06_006a_img_new.jpg	image/jpeg	642188	9b5d53b5bd87e523b32da36a36d21c1fc3967ec1c4de37e08d7417b9840a4b70	1
../../media/CNX_ElemAlg_Figure_08_06_006b_img_new.jpg	media/CNX_ElemAlg_Figure_08_06_006b_img_new.jpg	image/jpeg	43772	e4f54a4c65041eebf4d84c91f8111720116c03095ba7660f83df862d3e9dbdb6	1
../../media/CNX_ElemAlg_Figure_08_06_006c_img_new.jpg	media/CNX_ElemAlg_Figure_08_06_006c_img_new.jpg	image/jpeg	45454	febad5d64f3560cbd234f03377ca3b3abe759b1257349f8044c6cdaa71eead2b	1
../../media/CNX_ElemAlg_Figure_08_06_006d_img_new.jpg	media/CNX_ElemAlg_Figure_08_06_006d_img_new.jpg	image/jpeg	50513	b5ba3b25e547c0ccac582a5e49b8a371e3b6380496a8742bb344f141830726b2	1
../../media/CNX_ElemAlg_Figure_08_06_006e_img_new.jpg	media/CNX_ElemAlg_Figure_08_06_006e_img_new.jpg	image/jpeg	53120	7a5abdeb183df9f5c8d987618bb6f3a103a740b2b33ea4b66a64a922d6ad88d5	1
../../media/CNX_ElemAlg_Figure_08_06_006f_img_new.jpg	media/CNX_ElemAlg_Figure_08_06_006f_img_new.jpg	image/jpeg	53603	608a57d0434fc4f0669d3dc1e2d1c4d20688b36c17bffc51c9103812f8f22841	1
../../media/CNX_ElemAlg_Figure_08_06_006g_img_new.jpg	media/CNX_ElemAlg_Figure_08_06_006g_img_new.jpg	image/jpeg	42687	be3f8b1a11a5b9ed25563db49b65457dc54eee16499845b8ae89143a837f52be	1
../../media/CNX_ElemAlg_Figure_08_06_006h_img_new.jpg	media/CNX_ElemAlg_Figure_08_06_006h_img_new.jpg	image/jpeg	42336	624176a929358175f6b6ba56ab40d179cad564d772196e2fc8133acfa7895df8	1
../../media/CNX_ElemAlg_Figure_08_06_006i_img_new.jpg	media/CNX_ElemAlg_Figure_08_06_006i_img_new.jpg	image/jpeg	42250	9acadb4d8f3c8ace342d5ef390c9c523e895efc914610a877c4f4e395bcfc7a0	1
../../media/CNX_ElemAlg_Figure_08_06_006j_img_new.jpg	media/CNX_ElemAlg_Figure_08_06_006j_img_new.jpg	image/jpeg	42613	ade08727a3f0698bdaf549e4c018d1dceac6f8f43bdfa2e7d2f221c8342d1c13	1
../../media/CNX_ElemAlg_Figure_08_06_006k_img_new.jpg	media/CNX_ElemAlg_Figure_08_06_006k_img_new.jpg	image/jpeg	41891	c49f57b656dcebae55b674d532f85af626e1d0435e9b99ab9255c263e187c1b0	1
../../media/CNX_ElemAlg_Figure_08_06_008a_img_new.jpg	media/CNX_ElemAlg_Figure_08_06_008a_img_new.jpg	image/jpeg	67727	bf091d18fab9f94eec5cc50d4bb985846b4a290e34e0bdc1ac73990e6b920711	1
../../media/CNX_ElemAlg_Figure_08_06_008b_img_new.jpg	media/CNX_ElemAlg_Figure_08_06_008b_img_new.jpg	image/jpeg	39560	30e39f8db9c5f883cb8810f3512697329f4ccddc95a842aaba6d047474a37e2f	1
../../media/CNX_ElemAlg_Figure_08_06_008c_img_new.jpg	media/CNX_ElemAlg_Figure_08_06_008c_img_new.jpg	image/jpeg	41527	70b46242977548fd7b2f0e8e52745cf0b73ac1c7a6b332ca68ad6cd003617a37	1
../../media/CNX_ElemAlg_Figure_08_06_008d_img_new.jpg	media/CNX_ElemAlg_Figure_08_06_008d_img_new.jpg	image/jpeg	47823	b3f9913ed9d342b67caebd1107b21a46d70705cc4969b70c7b18413132313b0c	1
../../media/CNX_ElemAlg_Figure_08_06_008e_img_new.jpg	media/CNX_ElemAlg_Figure_08_06_008e_img_new.jpg	image/jpeg	51381	7b3d14ceaecc2b344386e037f19d3523c18fd60f0b95ade9913a0e2f34d4d531	1
../../media/CNX_ElemAlg_Figure_08_06_008f_img_new.jpg	media/CNX_ElemAlg_Figure_08_06_008f_img_new.jpg	image/jpeg	52036	92d20e2f63dbee83e08bae4648af53164aca70da2afae06ae142e59878ea78d7	1
../../media/CNX_ElemAlg_Figure_08_06_008g_img_new.jpg	media/CNX_ElemAlg_Figure_08_06_008g_img_new.jpg	image/jpeg	40211	8edffefdb89854f8eecd909db10ecebef3e28aa19dda7def6eebf5a982926b9e	1
../../media/CNX_ElemAlg_Figure_08_06_008h_img_new.jpg	media/CNX_ElemAlg_Figure_08_06_008h_img_new.jpg	image/jpeg	40524	676b821e35e1fef1036a88000e2129ab845105579ac1c1fa48e81b698f89e27d	1
../../media/CNX_ElemAlg_Figure_08_06_008i_img_new.jpg	media/CNX_ElemAlg_Figure_08_06_008i_img_new.jpg	image/jpeg	38595	4612f2fdc7465a4e96741a5d11f14136e6ff76b862858c913aa04577fd8ab0ea	1
../../media/CNX_ElemAlg_Figure_08_06_008j_img_new.jpg	media/CNX_ElemAlg_Figure_08_06_008j_img_new.jpg	image/jpeg	38580	1a1d224706b3295cf1c297e19a5e8ad737f21208c6b1b3f5549a95ec88b1ef59	1
../../media/CNX_ElemAlg_Figure_08_06_008k_img_new.jpg	media/CNX_ElemAlg_Figure_08_06_008k_img_new.jpg	image/jpeg	38495	66112925bcf4865e9bdbbed1552647e17d5e6f8a8667bbd009f31a8e9551f39a	1
../../media/CNX_ElemAlg_Figure_08_06_008l_img_new.jpg	media/CNX_ElemAlg_Figure_08_06_008l_img_new.jpg	image/jpeg	38153	4b8d4e8dd817146add3c1298e5375fc92a8dbb9fe5c1de187466a328d1256e63	1
../../media/CNX_ElemAlg_Figure_08_06_010a_img_new.jpg	media/CNX_ElemAlg_Figure_08_06_010a_img_new.jpg	image/jpeg	43209	cd42925f6e723b7605cbf75c62dcd542209a2d36d661e28c725034e853c5c1bb	1
../../media/CNX_ElemAlg_Figure_08_06_010b_img_new.jpg	media/CNX_ElemAlg_Figure_08_06_010b_img_new.jpg	image/jpeg	44584	f41732fbdf5629ee9c2220c5bbb253cc5111e10e54c6400e42f02bb234969a3a	1
../../media/CNX_ElemAlg_Figure_08_06_010c_img_new.jpg	media/CNX_ElemAlg_Figure_08_06_010c_img_new.jpg	image/jpeg	49838	2cc246f3c5b1fb5ea350fbf0fd46371187b17d1e3987ce81ff52723e9bb82659	1
../../media/CNX_ElemAlg_Figure_08_06_010d_img_new.jpg	media/CNX_ElemAlg_Figure_08_06_010d_img_new.jpg	image/jpeg	52225	0ba010c5bbf983b55a61360aca42b8498b13518c06c2318a7090d062f50d1c0f	1
../../media/CNX_ElemAlg_Figure_08_06_010e_img_new.jpg	media/CNX_ElemAlg_Figure_08_06_010e_img_new.jpg	image/jpeg	53858	613dbe098a11ef0ab638eaf1626bac64437cd39508521a8d82ae8c0470eea6ac	1
../../media/CNX_ElemAlg_Figure_08_06_010f_img_new.jpg	media/CNX_ElemAlg_Figure_08_06_010f_img_new.jpg	image/jpeg	41340	e33617c6da9bd36f3a8eec4695a340b891f6d954818ff09bd2cc9f69570f7df5	1
../../media/CNX_ElemAlg_Figure_08_06_010g_img_new.jpg	media/CNX_ElemAlg_Figure_08_06_010g_img_new.jpg	image/jpeg	41427	bd0181c63e0b1a946f597570f7cace7fa90f3b10c6c9fe5b6abaf70deb40efb0	1
../../media/CNX_ElemAlg_Figure_08_06_010h_img_new.jpg	media/CNX_ElemAlg_Figure_08_06_010h_img_new.jpg	image/jpeg	42474	44f5c091be7c92616d3dc55ded06f7a8dbca56893901340e74c879eab78f9722	1
../../media/CNX_ElemAlg_Figure_08_06_011a_img_new.jpg	media/CNX_ElemAlg_Figure_08_06_011a_img_new.jpg	image/jpeg	17924	2ab119a242acfd58f51ccfa85d1c596259aa48721f2ad7f494bb7077d36f76cc	1
../../media/CNX_ElemAlg_Figure_08_06_011b_img_new.jpg	media/CNX_ElemAlg_Figure_08_06_011b_img_new.jpg	image/jpeg	2665	461c193b84b57dd8a5af57d57a6c8a2a7ef54ed6d130edf5910b396ab5acee90	1
../../media/CNX_ElemAlg_Figure_08_06_011c_img_new.jpg	media/CNX_ElemAlg_Figure_08_06_011c_img_new.jpg	image/jpeg	3332	226d7e6f415141d308e2ee088f6df6f4d319fa3bdfa8e1ae29122299bc5f4e1b	1
../../media/CNX_ElemAlg_Figure_08_06_011d_img_new.jpg	media/CNX_ElemAlg_Figure_08_06_011d_img_new.jpg	image/jpeg	5072	501cfd9087311a99c90040f18c5e9597268cd690a2ba55542b027fb4ed9dcbc4	1
../../media/CNX_ElemAlg_Figure_08_06_011e_img_new.jpg	media/CNX_ElemAlg_Figure_08_06_011e_img_new.jpg	image/jpeg	6472	abda84076ee7347b8a00765eed83b9c79fdecdc29d990a1f0c30858498cf9736	1
../../media/CNX_ElemAlg_Figure_08_06_011f_img_new.jpg	media/CNX_ElemAlg_Figure_08_06_011f_img_new.jpg	image/jpeg	7133	01d3fdc05a1bbd0d4e927e3943a5765143cfbe9ec42a3b52dca451f8867f33c4	1
../../media/CNX_ElemAlg_Figure_08_06_011g_img_new.jpg	media/CNX_ElemAlg_Figure_08_06_011g_img_new.jpg	image/jpeg	1941	bc3fe35d9b8267d37403ce6289ad6a5bd9869e0c6d26079e0ed62fd953e1ec4a	1
../../media/CNX_ElemAlg_Figure_08_06_011h_img_new.jpg	media/CNX_ElemAlg_Figure_08_06_011h_img_new.jpg	image/jpeg	1607	3a9f65214b7339958f6697da6247238363c632d8fb18f9befaecac1784d63b10	1
../../media/CNX_ElemAlg_Figure_08_06_011i_img_new.jpg	media/CNX_ElemAlg_Figure_08_06_011i_img_new.jpg	image/jpeg	1068	e5363cccd6e8019fb653195d10f036ea8dcca06a42803b4cfb53ebb385a2b26f	1
../../media/CNX_ElemAlg_Figure_08_06_011j_img_new.jpg	media/CNX_ElemAlg_Figure_08_06_011j_img_new.jpg	image/jpeg	1266	cddedecfd7768f6a28eb44bcb8fe27dfc14fbd04ad3eb89cb3118be13f47c10f	1
../../media/CNX_ElemAlg_Figure_08_06_011k_img_new.jpg	media/CNX_ElemAlg_Figure_08_06_011k_img_new.jpg	image/jpeg	1420	3c4b5fd345d71b73d7a2d4322996125298b990198d5244bbaf162cc3a7e37dbd	1
../../media/CNX_ElemAlg_Figure_08_06_013a_img_new.jpg	media/CNX_ElemAlg_Figure_08_06_013a_img_new.jpg	image/jpeg	64453	44a6f24500fbd69e7718795028281a35d2751b6bfce228ed66fe9c39e5b1c6a7	1
../../media/CNX_ElemAlg_Figure_08_06_013b_img_new.jpg	media/CNX_ElemAlg_Figure_08_06_013b_img_new.jpg	image/jpeg	41868	f67905b1e64965b2cab24ae228b2ed8c1738ad6eb84ed907a30ad280e2c39020	1
../../media/CNX_ElemAlg_Figure_08_06_013c_img_new.jpg	media/CNX_ElemAlg_Figure_08_06_013c_img_new.jpg	image/jpeg	42004	52e453597a8152c7d34589c71fcd63dc3e797b2f0aa7043429a5ccd33071a6b7	1
../../media/CNX_ElemAlg_Figure_08_06_013d_img_new.jpg	media/CNX_ElemAlg_Figure_08_06_013d_img_new.jpg	image/jpeg	47869	0102416df0ec4b57832b263bb8e9b0222a1d4dc427768199e0d5fd5c925115fb	1
../../media/CNX_ElemAlg_Figure_08_06_013e_img_new.jpg	media/CNX_ElemAlg_Figure_08_06_013e_img_new.jpg	image/jpeg	39870	e82c92be896a6b5fab6ebfb9d1ebc24e04a7f977aeb935dad407ccc3ede42dde	1
../../media/CNX_ElemAlg_Figure_08_06_013f_img_new.jpg	media/CNX_ElemAlg_Figure_08_06_013f_img_new.jpg	image/jpeg	39845	ca7c68e5f4e5a5f19497a4e4e377b15e73b948b49083eee49e62163bde8d3547	1
../../media/CNX_ElemAlg_Figure_08_06_013g_img_new.jpg	media/CNX_ElemAlg_Figure_08_06_013g_img_new.jpg	image/jpeg	39740	65968c6793d24971539d03ca0a2fe9f789b9b706ac8875e3583408964f2d4acc	1
../../media/CNX_ElemAlg_Figure_08_06_013h_img_new.jpg	media/CNX_ElemAlg_Figure_08_06_013h_img_new.jpg	image/jpeg	39945	675160a51ee5ef58463af0ce0794fdd990d5dda3d046076e755add03b286e4f7	1
../../media/CNX_ElemAlg_Figure_08_06_013i_img_new.jpg	media/CNX_ElemAlg_Figure_08_06_013i_img_new.jpg	image/jpeg	39646	3e4c88c1f3a55a9da64e51e565a5170ceaf87cc78e89e3d18ec69871b747ee99	1
../../media/CNX_ElemAlg_Figure_08_06_013j_img_new.jpg	media/CNX_ElemAlg_Figure_08_06_013j_img_new.jpg	image/jpeg	40059	3baa41bc5d1b6f61317f292b89d58c119426e627e759376bb8ff087ba798c519	1
../../media/CNX_ElemAlg_Figure_08_06_013k_img_new.jpg	media/CNX_ElemAlg_Figure_08_06_013k_img_new.jpg	image/jpeg	38919	95df58b95e4817008f9ecc2dfe0f45577223d0e1d10f2844c40af27cdf9dca9e	1
../../media/CNX_ElemAlg_Figure_08_06_015a_img_new.jpg	media/CNX_ElemAlg_Figure_08_06_015a_img_new.jpg	image/jpeg	42606	bcd64e699c1499d51589fa63629c1b7ae80734ec92dc26f119122ad80b8edeac	1
../../media/CNX_ElemAlg_Figure_08_06_015b_img_new.jpg	media/CNX_ElemAlg_Figure_08_06_015b_img_new.jpg	image/jpeg	44448	4adf082d9315ed4b0db2e317022dcd8a778326b58027e53b286af4b722342b58	1
../../media/CNX_ElemAlg_Figure_08_06_015c_img_new.jpg	media/CNX_ElemAlg_Figure_08_06_015c_img_new.jpg	image/jpeg	44373	568edc371e6cede1ea0e518d88ac3ddbaa9bf2e0e685b1bf97a09515fe8cc1f2	1
../../media/CNX_ElemAlg_Figure_08_06_015d_img_new.jpg	media/CNX_ElemAlg_Figure_08_06_015d_img_new.jpg	image/jpeg	51952	72eb1fa7a7fc743bfb209de9b841d2f51c212a0c5add3d923d2ef45ed0294e9b	1
../../media/CNX_ElemAlg_Figure_08_06_015e_img_new.jpg	media/CNX_ElemAlg_Figure_08_06_015e_img_new.jpg	image/jpeg	42881	8e472157b6a483197bef5094a8fbb981900ddb17b1f95b78e0f49f1f8f33a3bc	1
../../media/CNX_ElemAlg_Figure_08_06_015f_img_new.jpg	media/CNX_ElemAlg_Figure_08_06_015f_img_new.jpg	image/jpeg	40646	0187f5515fb812743ba87d83b1a25682ec81972d21c7828fa20ee27c3ce5b0e5	1
../../media/CNX_ElemAlg_Figure_08_06_015g_img_new.jpg	media/CNX_ElemAlg_Figure_08_06_015g_img_new.jpg	image/jpeg	40387	73d2e714bc35e4b5f51cfbeeafa640f6cc588173ee69efe450995e9a8cadb3b4	1
../../media/CNX_ElemAlg_Figure_08_06_015h_img_new.jpg	media/CNX_ElemAlg_Figure_08_06_015h_img_new.jpg	image/jpeg	39665	0be2f308140b961b0021019dc32823324067bb76c36948c1a89dac97d1e04a57	1
../../media/CNX_ElemAlg_Figure_08_06_015i_img_new.jpg	media/CNX_ElemAlg_Figure_08_06_015i_img_new.jpg	image/jpeg	40222	7d0ced01a8c82c5322811612eab4c7ee3744cfb554a16c892f71e7a06da7b850	1
../../media/CNX_ElemAlg_Figure_08_06_015j_img_new.jpg	media/CNX_ElemAlg_Figure_08_06_015j_img_new.jpg	image/jpeg	39798	1e26f7c314969bf39bbacc6ac26b36b7315d6c42b3cdaef5711424b07939be17	1
../../media/CNX_ElemAlg_Figure_08_06_016a_img_new.jpg	media/CNX_ElemAlg_Figure_08_06_016a_img_new.jpg	image/jpeg	41481	de42d0b20e62f4388bfff1932e203466f80f8e3c98625cbb5d6d4bd32af2b53a	1
../../media/CNX_ElemAlg_Figure_08_06_016b_img_new.jpg	media/CNX_ElemAlg_Figure_08_06_016b_img_new.jpg	image/jpeg	43960	72a5316a6f0b28a7e82ab994614c9103ecf88abb91c46c78e19a2ff0fe2d5086	1
../../media/CNX_ElemAlg_Figure_08_06_016c_img_new.jpg	media/CNX_ElemAlg_Figure_08_06_016c_img_new.jpg	image/jpeg	45769	35888ecfb8f8591ba05a78cf0adf23cbbd995c550644b3283a4987f87ff06c63	1
../../media/CNX_ElemAlg_Figure_08_06_016d_img_new.jpg	media/CNX_ElemAlg_Figure_08_06_016d_img_new.jpg	image/jpeg	41628	7205f5543deb19fd604bc228563cdc043372575d7c1dc685519f9c8827bdc90d	1
../../media/CNX_ElemAlg_Figure_08_06_016e_img_new.jpg	media/CNX_ElemAlg_Figure_08_06_016e_img_new.jpg	image/jpeg	42938	5d7dfcf18db1a97b2d29a5af54c29e3950123501601f00b2076a70658cefa50c	1
../../media/CNX_ElemAlg_Figure_08_06_016f_img_new.jpg	media/CNX_ElemAlg_Figure_08_06_016f_img_new.jpg	image/jpeg	39105	17551e10bd9be0f63720fc1f5abe5eb6edcdcdfac994a0c4aad68464f6aa8772	1
../../media/CNX_ElemAlg_Figure_08_06_017a_img_new.jpg	media/CNX_ElemAlg_Figure_08_06_017a_img_new.jpg	image/jpeg	44028	f7829b7d0a131ff771be0a00a8f639fbb13b2245ff4e5b19af194d01f7fa6000	1
../../media/CNX_ElemAlg_Figure_08_06_017b_img_new.jpg	media/CNX_ElemAlg_Figure_08_06_017b_img_new.jpg	image/jpeg	43663	fc3a0dc2e9b8c0d5382e008c17f3bc74770a2ee365410cdf54d922b00e02f3df	1
../../media/CNX_ElemAlg_Figure_08_06_017c_img_new.jpg	media/CNX_ElemAlg_Figure_08_06_017c_img_new.jpg	image/jpeg	47722	a287a527488fc7ffbf364b2dab8ed2c72ee66ecbd67cdca781f8ec47a09101ca	1
../../media/CNX_ElemAlg_Figure_08_06_017d_img_new.jpg	media/CNX_ElemAlg_Figure_08_06_017d_img_new.jpg	image/jpeg	41833	a7198721ceb209421720be3cd2abaaea32930043f9ade5bbe07cd56a3eb99854	1
../../media/CNX_ElemAlg_Figure_08_06_017e_img_new.jpg	media/CNX_ElemAlg_Figure_08_06_017e_img_new.jpg	image/jpeg	41990	1bb5b9f89515977517ac4e7fcf89dd0725482f01468d1f837184807b86189ccb	1
../../media/CNX_ElemAlg_Figure_08_06_017f_img_new.jpg	media/CNX_ElemAlg_Figure_08_06_017f_img_new.jpg	image/jpeg	45281	7c54bfcca7bbc73f3b22a8ea1cd98993ca63213adfe2d8959927f0aa8a4f4960	1
../../media/CNX_ElemAlg_Figure_08_06_017g_img_new.jpg	media/CNX_ElemAlg_Figure_08_06_017g_img_new.jpg	image/jpeg	43395	34a0c879ddff8a5ec12fb5a10a3042627669f8158aba69a5246a59e7e2cd909b	1
../../media/CNX_ElemAlg_Figure_08_06_018a_img_new.jpg	media/CNX_ElemAlg_Figure_08_06_018a_img_new.jpg	image/jpeg	43145	8f238def42749c8ff7755bcfc740d1035c8a5b1b34fcac7ed016cfbd198fe546	1
../../media/CNX_ElemAlg_Figure_08_06_018b_img_new.jpg	media/CNX_ElemAlg_Figure_08_06_018b_img_new.jpg	image/jpeg	43393	7481514d04053e50474bc3ae0c84c7fd4a412067a6d415675c560ec6b8ae6a6d	1
../../media/CNX_ElemAlg_Figure_08_06_018c_img_new.jpg	media/CNX_ElemAlg_Figure_08_06_018c_img_new.jpg	image/jpeg	46184	f6924ea1753aed88f28e70f0ae0eae3bab1d6480ab7371d5f9cc3f366dde2db0	1
../../media/CNX_ElemAlg_Figure_08_06_018d_img_new.jpg	media/CNX_ElemAlg_Figure_08_06_018d_img_new.jpg	image/jpeg	46626	ea5ac5af2286ace8066df4c904525b117f6b909bc11814c23fcd1ce06bdbaa42	1
../../media/CNX_ElemAlg_Figure_08_06_018e_img_new.jpg	media/CNX_ElemAlg_Figure_08_06_018e_img_new.jpg	image/jpeg	42346	bcafe2e1fa8c1e3769d5a3f8064dc7a9bee47f4d7283a727ada680d0c0b1075e	1
../../media/CNX_ElemAlg_Figure_08_06_018f_img_new.jpg	media/CNX_ElemAlg_Figure_08_06_018f_img_new.jpg	image/jpeg	41669	717c337214bcd5fc99f29acbbf2242aacc5d431912ea69a629eade5e859df8c5	1
../../media/CNX_ElemAlg_Figure_08_06_018g_img_new.jpg	media/CNX_ElemAlg_Figure_08_06_018g_img_new.jpg	image/jpeg	42423	efe5e63ee97435564ef75b0d9f3cf673a55ca366cfc1460281a86434bebde0d2	1
../../media/CNX_ElemAlg_Figure_08_06_018h_img_new.jpg	media/CNX_ElemAlg_Figure_08_06_018h_img_new.jpg	image/jpeg	45700	93e94d0c6f84f5044dc364fe36d175e0bae59847b7bdb95efd31e64d4769cec9	1
../../media/CNX_ElemAlg_Figure_08_06_018i_img_new.jpg	media/CNX_ElemAlg_Figure_08_06_018i_img_new.jpg	image/jpeg	43871	86105f0702bb80456fb16477d5149dd772a2404fd45695167191b758bfb411e5	1
../../media/CNX_ElemAlg_Figure_08_06_201_img_new.jpg	media/CNX_ElemAlg_Figure_08_06_201_img_new.jpg	image/jpeg	47817	494d361b8ddd21e0dd10d9a722371daed8748a8f10494022ecc1b5be0e8e948e	1
../../media/CNX_ElemAlg_Figure_08_07_001a_img_new.jpg	media/CNX_ElemAlg_Figure_08_07_001a_img_new.jpg	image/jpeg	38700	e432b54f9fde11019c36b57720cd9466dcd90451c6fbc801b37012e7a8bb7384	1
../../media/CNX_ElemAlg_Figure_08_07_001b_img_new.jpg	media/CNX_ElemAlg_Figure_08_07_001b_img_new.jpg	image/jpeg	39085	41a555448eaf40e2b8de5854d59429051837d97e69fed7d9e04678f42430c865	1
../../media/CNX_ElemAlg_Figure_08_07_001c_img_new.jpg	media/CNX_ElemAlg_Figure_08_07_001c_img_new.jpg	image/jpeg	36754	8a0a50daf7bc7d17619a1b2d30a718bf94cd42f5da0858f35057cc3ca132d70b	1
../../media/CNX_ElemAlg_Figure_08_07_002a_img_new.jpg	media/CNX_ElemAlg_Figure_08_07_002a_img_new.jpg	image/jpeg	38482	a151d4de6e0dc2d7f65cfd83da652f24520df4e7533eebb19908a9610a859263	1
../../media/CNX_ElemAlg_Figure_08_07_002b_img_new.jpg	media/CNX_ElemAlg_Figure_08_07_002b_img_new.jpg	image/jpeg	41895	4136a56fc6bcd54a13368c57f6e46b1e08128897815bae106930e2ebe31fd83a	1
../../media/CNX_ElemAlg_Figure_08_07_002c_img_new.jpg	media/CNX_ElemAlg_Figure_08_07_002c_img_new.jpg	image/jpeg	46638	043e2afba18b586edc243e0d1ff7748322a064710b00e3ac520a8d2a500d2246	1
../../media/CNX_ElemAlg_Figure_08_07_002d_img_new.jpg	media/CNX_ElemAlg_Figure_08_07_002d_img_new.jpg	image/jpeg	43241	9c39b9733b7cdc27c89b2f4c656cfc791111fbcefc71e616e81911e664dd281d	1
../../media/CNX_ElemAlg_Figure_08_07_002e_img_new.jpg	media/CNX_ElemAlg_Figure_08_07_002e_img_new.jpg	image/jpeg	40912	94d0d340d884bde1aa970957ee19333427e5c563bb136f2cd2f5a1dbb5fb89a0	1
../../media/CNX_ElemAlg_Figure_08_07_002f_img_new.jpg	media/CNX_ElemAlg_Figure_08_07_002f_img_new.jpg	image/jpeg	42992	70b79b1bb57dd75a5acda683218447da56efe47cb39767e5d2c715bb14dcc0d2	1
../../media/CNX_ElemAlg_Figure_08_07_002g_img_new.jpg	media/CNX_ElemAlg_Figure_08_07_002g_img_new.jpg	image/jpeg	44373	df77dbe10328371bcec329c42e4e48f54ecca32b0a29df2b01fbfe29006b4127	1
../../media/CNX_ElemAlg_Figure_08_07_002h_img_new.jpg	media/CNX_ElemAlg_Figure_08_07_002h_img_new.jpg	image/jpeg	40345	066bde069dbb07b12d15c59977f3ceae284f8186a97c71fb2f9b15fccf082759	1
../../media/CNX_ElemAlg_Figure_08_07_002i_img_new.jpg	media/CNX_ElemAlg_Figure_08_07_002i_img_new.jpg	image/jpeg	40071	86ca893e237a25c436f70ac2babbe3b81a29089104ad21002c000906789733ad	1
../../media/CNX_ElemAlg_Figure_08_07_005a_img_new.jpg	media/CNX_ElemAlg_Figure_08_07_005a_img_new.jpg	image/jpeg	38264	1ed19cf390b53c7a366185ccee159683bcf4f0ee1a1f8330391606954c3c93ff	1
../../media/CNX_ElemAlg_Figure_08_07_005b_img_new.jpg	media/CNX_ElemAlg_Figure_08_07_005b_img_new.jpg	image/jpeg	40033	f657df98667b42d53a4582409d035f3d52aecdcc363ed706486d65a9e1617ade	1
../../media/CNX_ElemAlg_Figure_08_07_005c_img_new.jpg	media/CNX_ElemAlg_Figure_08_07_005c_img_new.jpg	image/jpeg	43158	b269ac5b19a85f624474d25940e47d09110a200444b96794f3397c900b53831a	1
../../media/CNX_ElemAlg_Figure_08_07_005d_img_new.jpg	media/CNX_ElemAlg_Figure_08_07_005d_img_new.jpg	image/jpeg	42586	3f7979dfe11de5b7b6c3d234847c0c6e100176a47fc10f5831d22736ca2aee63	1
../../media/CNX_ElemAlg_Figure_08_07_005e_img_new.jpg	media/CNX_ElemAlg_Figure_08_07_005e_img_new.jpg	image/jpeg	39285	ed6779200c7b3910164fcd524f1d11d734dd4366ccbfba030dc90a12ea8dc508	1
../../media/CNX_ElemAlg_Figure_08_07_005f_img_new.jpg	media/CNX_ElemAlg_Figure_08_07_005f_img_new.jpg	image/jpeg	39910	fef75d9cce38e428f50165166d1335cc01417c92e9d0dd88523030f08a702f10	1
../../media/CNX_ElemAlg_Figure_08_07_005g_img_new.jpg	media/CNX_ElemAlg_Figure_08_07_005g_img_new.jpg	image/jpeg	40227	0e093f44e203cf87b51246dfa0d13208984fb70b9c8ac1e4ba6c3d250fdedc9f	1
../../media/CNX_ElemAlg_Figure_08_07_005h_img_new.jpg	media/CNX_ElemAlg_Figure_08_07_005h_img_new.jpg	image/jpeg	36871	f4b6fa6dc9039b5ee07864c8e85011981795d02b5a3d6702ffbc5fe97e816c79	1
../../media/CNX_ElemAlg_Figure_08_07_005i_img_new.jpg	media/CNX_ElemAlg_Figure_08_07_005i_img_new.jpg	image/jpeg	38021	2a9af33fb977b704fa6e32b27d3dda78dfa26a1faa95799ac164b6bd830add73	1
../../media/CNX_ElemAlg_Figure_08_07_005j_img_new.jpg	media/CNX_ElemAlg_Figure_08_07_005j_img_new.jpg	image/jpeg	40839	15144f30af5d0907c6088b0d0bcd90e26bc4908ed5fa400f27b8d1147ee3da83	1
../../media/CNX_ElemAlg_Figure_08_07_005k_img_new.jpg	media/CNX_ElemAlg_Figure_08_07_005k_img_new.jpg	image/jpeg	38469	53f060fda29890349ba88237b0d841646a44005e6391f249628edc1ab0ab20bd	1
../../media/CNX_ElemAlg_Figure_08_07_007a_img_new.jpg	media/CNX_ElemAlg_Figure_08_07_007a_img_new.jpg	image/jpeg	39103	d909ac803fc23eeb32d4b058c0049a950ec8f69c4451b772dda6d5442d872c40	1
../../media/CNX_ElemAlg_Figure_08_07_007b_img_new.jpg	media/CNX_ElemAlg_Figure_08_07_007b_img_new.jpg	image/jpeg	39719	ef82b340d0b2f6bc6451e65308197c4ec6f3f495a98570caf1100be6a76754b2	1
../../media/CNX_ElemAlg_Figure_08_07_007c_img_new.jpg	media/CNX_ElemAlg_Figure_08_07_007c_img_new.jpg	image/jpeg	42775	4f9f22f5e9e364fcce8cb4eaf90d2e9027596e3a5bee1887bd70ab760d130524	1
../../media/CNX_ElemAlg_Figure_08_07_007d_img_new.jpg	media/CNX_ElemAlg_Figure_08_07_007d_img_new.jpg	image/jpeg	44612	a0742cd3f5f5451f2d21f20cc8584f31e48a508fe88a77f6380490c926b3294e	1
../../media/CNX_ElemAlg_Figure_08_07_007e_img_new.jpg	media/CNX_ElemAlg_Figure_08_07_007e_img_new.jpg	image/jpeg	41648	c3817501a1c4f13ff38cdea28914d744e1d08600a342771a516bdf1cad539537	1
../../media/CNX_ElemAlg_Figure_08_07_007f_img_new.jpg	media/CNX_ElemAlg_Figure_08_07_007f_img_new.jpg	image/jpeg	40180	ea445256500539dcccea143b0f641c8979cdf199b21398111b2447bfd50da790	1
../../media/CNX_ElemAlg_Figure_08_07_007g_img_new.jpg	media/CNX_ElemAlg_Figure_08_07_007g_img_new.jpg	image/jpeg	39372	5c1a226fee44040816bf5f1e5145b9a5d59cc7794349adc2d0d32321153ddb4e	1
../../media/CNX_ElemAlg_Figure_08_07_007h_img_new.jpg	media/CNX_ElemAlg_Figure_08_07_007h_img_new.jpg	image/jpeg	43714	7852d01b444a68f63540e0fa1ca54dc7601893fb250319ada6c3b8b09da67160	1
../../media/CNX_ElemAlg_Figure_08_07_007i_img_new.jpg	media/CNX_ElemAlg_Figure_08_07_007i_img_new.jpg	image/jpeg	38361	6080929aa29c8bf56ed566fd44b7a96dd9b85bef8a01c64c691035f77f7ef868	1
../../media/CNX_ElemAlg_Figure_08_07_007j_img_new.jpg	media/CNX_ElemAlg_Figure_08_07_007j_img_new.jpg	image/jpeg	35245	e8ab473556bfd8d8069a1695fab6fe2f92e620b455fb82fc27b9676f7182109e	1
../../media/CNX_ElemAlg_Figure_08_07_007k_img_new.jpg	media/CNX_ElemAlg_Figure_08_07_007k_img_new.jpg	image/jpeg	38665	7bc8e33d566b2b9dc6d089c43ab783d4fd0ba69d9f6882d3d6e7e1d8a65cdea1	1
../../media/CNX_ElemAlg_Figure_08_07_007l_img_new.jpg	media/CNX_ElemAlg_Figure_08_07_007l_img_new.jpg	image/jpeg	38970	d30b392a985b1ae1b81d47c8d0edd4ce4dbd2657210363c186356e0d0e45b45a	1
../../media/CNX_ElemAlg_Figure_08_07_009a_img_new.jpg	media/CNX_ElemAlg_Figure_08_07_009a_img_new.jpg	image/jpeg	39940	b5ebd72c6ce15ba9a7088615519dbb9cdd0508323d543d0a67611f40d6748922	1
../../media/CNX_ElemAlg_Figure_08_07_009b_img_new.jpg	media/CNX_ElemAlg_Figure_08_07_009b_img_new.jpg	image/jpeg	39982	1bcbd55c4b2022192d3d62ca67216024a08f9e60cf2800a4b55269a22afe9e1f	1
../../media/CNX_ElemAlg_Figure_08_07_009c_img_new.jpg	media/CNX_ElemAlg_Figure_08_07_009c_img_new.jpg	image/jpeg	42303	ea90ffbfc53f9a9a7f83fa2186cdf806bfe414352897ffab50ffb8a8f68f9c99	1
../../media/CNX_ElemAlg_Figure_08_07_009d_img_new.jpg	media/CNX_ElemAlg_Figure_08_07_009d_img_new.jpg	image/jpeg	44666	7cadbe505db332e5f018725596d4a861f2b55085e22198b7231181b714c21867	1
../../media/CNX_ElemAlg_Figure_08_07_009e_img_new.jpg	media/CNX_ElemAlg_Figure_08_07_009e_img_new.jpg	image/jpeg	39493	50b510dc53ee0ded00e5166bd087da8869a66a7f84b285095f09b15d95303b5f	1
../../media/CNX_ElemAlg_Figure_08_07_009f_img_new.jpg	media/CNX_ElemAlg_Figure_08_07_009f_img_new.jpg	image/jpeg	39871	29000b3df8a8e2cc57af78e1bc756b05fc7a82b2556afd66e97fbd64417cb797	1
../../media/CNX_ElemAlg_Figure_08_07_009g_img_new.jpg	media/CNX_ElemAlg_Figure_08_07_009g_img_new.jpg	image/jpeg	42640	4a98764939efbcf73db2b1d5e41da7cfe227a14188dbb0b0a44aad5df45a2aa6	1
../../media/CNX_ElemAlg_Figure_08_07_009h_img_new.jpg	media/CNX_ElemAlg_Figure_08_07_009h_img_new.jpg	image/jpeg	38439	786d45bad1576b4c755bff6155a0a816ffa763af90cda948b70b7ddf25bcc76b	1
../../media/CNX_ElemAlg_Figure_08_07_009i_img_new.jpg	media/CNX_ElemAlg_Figure_08_07_009i_img_new.jpg	image/jpeg	39017	54df98839170274cd5634e94fd5da3facfb0c5ab30a87971764dbec60f6d55a3	1
../../media/CNX_ElemAlg_Figure_08_07_009j_img_new.jpg	media/CNX_ElemAlg_Figure_08_07_009j_img_new.jpg	image/jpeg	40314	50950a94d1bd7a1fd562d4a810463c0325b40e423ef90a8dbe22c497e57740c7	1
../../media/CNX_ElemAlg_Figure_08_07_012a_img_new.jpg	media/CNX_ElemAlg_Figure_08_07_012a_img_new.jpg	image/jpeg	49999	ecc23b45e75391d334387ca3c0651534fa8c9dd180fdb12952316e1072c16339	1
../../media/CNX_ElemAlg_Figure_08_07_012b_img_new.jpg	media/CNX_ElemAlg_Figure_08_07_012b_img_new.jpg	image/jpeg	43018	91a37a99206f13b7cd9497e2fc1ff039e7ad49be1feb87abd6ccc71fb404434f	1
../../media/CNX_ElemAlg_Figure_08_07_012c_img_new.jpg	media/CNX_ElemAlg_Figure_08_07_012c_img_new.jpg	image/jpeg	44980	60d6332a5ec08585d93fd2bb121feca6675812c3ff71596c945c40732e1b9339	1
../../media/CNX_ElemAlg_Figure_08_07_012d_img_new.jpg	media/CNX_ElemAlg_Figure_08_07_012d_img_new.jpg	image/jpeg	45507	c7305ffcdb9a43470a240d0e33c46514eeba7c587342ff0a16787b8b6380e8ff	1
../../media/CNX_ElemAlg_Figure_08_07_012e_img_new.jpg	media/CNX_ElemAlg_Figure_08_07_012e_img_new.jpg	image/jpeg	38947	dee687f7539dd6991759adbdf3b0d75fa8ff3f39058a8a6cff471468a49a5b5c	1
../../media/CNX_ElemAlg_Figure_08_07_012f_img_new.jpg	media/CNX_ElemAlg_Figure_08_07_012f_img_new.jpg	image/jpeg	43341	ed49b6e1f12d81f1e2913c174cd17d6302740f4ee1dc67b21faefac1aec99a63	1
../../media/CNX_ElemAlg_Figure_08_07_012g_img_new.jpg	media/CNX_ElemAlg_Figure_08_07_012g_img_new.jpg	image/jpeg	39733	58a2d690641f9e26e5ce3d4aacaddd5315eba97ff93fba1cb8186676831872b1	1
../../media/CNX_ElemAlg_Figure_08_07_015a_img_new.jpg	media/CNX_ElemAlg_Figure_08_07_015a_img_new.jpg	image/jpeg	52624	cba403ff47586698d49ad6fcd2070d1f08d9a09e494f7f6efe7abf403305c07f	1
../../media/CNX_ElemAlg_Figure_08_07_015b_img_new.jpg	media/CNX_ElemAlg_Figure_08_07_015b_img_new.jpg	image/jpeg	38037	6ee5aaa62cddff918d61cf8949a4f440cd4cfd063b3f03a457bb030c7b4d5c0b	1
../../media/CNX_ElemAlg_Figure_08_07_015c_img_new.jpg	media/CNX_ElemAlg_Figure_08_07_015c_img_new.jpg	image/jpeg	43020	fd77f5b87cae945846a0f5b7598b5bce0970493a451741524644c11a2933454c	1
../../media/CNX_ElemAlg_Figure_08_07_015d_img_new.jpg	media/CNX_ElemAlg_Figure_08_07_015d_img_new.jpg	image/jpeg	46106	22dad302381c58ca2d796a8d485aecdc8f88cc3d0e5c57576e2647ff83bf4a04	1
../../media/CNX_ElemAlg_Figure_08_07_015e_img_new.jpg	media/CNX_ElemAlg_Figure_08_07_015e_img_new.jpg	image/jpeg	36316	237740cb997ea8ba35b9423667e539e1ce77c83f4b6f304b386e85665caaa049	1
../../media/CNX_ElemAlg_Figure_08_07_015f_img_new.jpg	media/CNX_ElemAlg_Figure_08_07_015f_img_new.jpg	image/jpeg	38730	57a41b6848e1280a78a382bafd3e1b65eda0a59f5ff150eafbd914418e8d958a	1
../../media/CNX_ElemAlg_Figure_08_07_015g_img_new.jpg	media/CNX_ElemAlg_Figure_08_07_015g_img_new.jpg	image/jpeg	35896	23a6bb39bbd182e70b6750bc2bbc237cd4ab8ee17c99285ef520b2a8cdc4860f	1
../../media/CNX_ElemAlg_Figure_08_07_016a_img_new.jpg	media/CNX_ElemAlg_Figure_08_07_016a_img_new.jpg	image/jpeg	58859	fc4633c5a793962a71e65af8f4cf5b7d912d707c39c1ea76bfa006135b4264a0	1
../../media/CNX_ElemAlg_Figure_08_07_016b_img_new.jpg	media/CNX_ElemAlg_Figure_08_07_016b_img_new.jpg	image/jpeg	37233	288ea3a9a1effcf187916d76c8266f6804791623e7db4e6bb9cf319a3e691e00	1
../../media/CNX_ElemAlg_Figure_08_07_016c_img_new.jpg	media/CNX_ElemAlg_Figure_08_07_016c_img_new.jpg	image/jpeg	44853	311b550924b525d2eddcb437dd83d2ccba818d5e1b56424c1222ae7d631782c0	1
../../media/CNX_ElemAlg_Figure_08_07_016d_img_new.jpg	media/CNX_ElemAlg_Figure_08_07_016d_img_new.jpg	image/jpeg	45111	ec94e7d7fb359d067d9f6a58f4263773f7f469132a46102e4795db324d7c72b8	1
../../media/CNX_ElemAlg_Figure_08_07_016e_img_new.jpg	media/CNX_ElemAlg_Figure_08_07_016e_img_new.jpg	image/jpeg	35637	1a7e14a62005534f635323b72007dd944c9ba75a106210304623d6ea2b561760	1
../../media/CNX_ElemAlg_Figure_08_07_019_img_new.jpg	media/CNX_ElemAlg_Figure_08_07_019_img_new.jpg	image/jpeg	29861	ed77d7c427771b61572370d41da6f3fd8df3e93a04beeac3269699966214aa08	1
../../media/CNX_ElemAlg_Figure_08_07_020_img_new.jpg	media/CNX_ElemAlg_Figure_08_07_020_img_new.jpg	image/jpeg	30631	48636552caa313745140609a2b6ee264b08b64f8de7cb81430cead4013c0d0b1	1
../../media/CNX_ElemAlg_Figure_08_07_021_img_new.jpg	media/CNX_ElemAlg_Figure_08_07_021_img_new.jpg	image/jpeg	24782	e98a63ff6688d8231c273733329a96bc3d959096d5e648e2a4cbfe4875b20a23	1
../../media/CNX_ElemAlg_Figure_08_07_022_img_new.jpg	media/CNX_ElemAlg_Figure_08_07_022_img_new.jpg	image/jpeg	27617	a1cf7f94c90d3c8ef9eba9b0ab202b91b37ded4491fcf3c633bc76a303ab288f	1
../../media/CNX_ElemAlg_Figure_08_07_023_img_new.jpg	media/CNX_ElemAlg_Figure_08_07_023_img_new.jpg	image/jpeg	37693	a8f50f6819f3d5af32cb18a26bad774fec90539d4fda9935debf64b554fa8eab	1
../../media/CNX_ElemAlg_Figure_08_07_025a_img_new.jpg	media/CNX_ElemAlg_Figure_08_07_025a_img_new.jpg	image/jpeg	67219	fd7e0501ed8aeb5794c97bcf7faa191956d7ed9da9992e40b8491553298fb453	1
../../media/CNX_ElemAlg_Figure_08_07_025b_img_new.jpg	media/CNX_ElemAlg_Figure_08_07_025b_img_new.jpg	image/jpeg	43490	c9469c8c1eadaef6ca6cec35c8f5fa5708b36e29f86f3fd2288287ae28a2410a	1
../../media/CNX_ElemAlg_Figure_08_07_025c_img_new.jpg	media/CNX_ElemAlg_Figure_08_07_025c_img_new.jpg	image/jpeg	42956	a4f6834ff0b94efb73974e8af7663849aa07503ee0a395d8debdc853f8b093a7	1
../../media/CNX_ElemAlg_Figure_08_07_025d_img_new.jpg	media/CNX_ElemAlg_Figure_08_07_025d_img_new.jpg	image/jpeg	36001	97fc67599d361038f600cbb95317ea8f092615ccc5ccde44bdf4b2b2c8f201ec	1
../../media/CNX_ElemAlg_Figure_08_07_027a_img_new.jpg	media/CNX_ElemAlg_Figure_08_07_027a_img_new.jpg	image/jpeg	50580	41912db571cb741e0fc8e894f74eeb3c6a777d66912cc49fdff9be5e5f13d720	1
../../media/CNX_ElemAlg_Figure_08_07_027b_img_new.jpg	media/CNX_ElemAlg_Figure_08_07_027b_img_new.jpg	image/jpeg	46770	5b74abef81b420a6749fe6706ae71d23ddba44d8113592a75826089903a8fe27	1
../../media/CNX_ElemAlg_Figure_08_07_027c_img_new.jpg	media/CNX_ElemAlg_Figure_08_07_027c_img_new.jpg	image/jpeg	37780	2c9254d18343adf6e926caa380bf1c621afcf6324b1099d28b300b3473576888	1
../../media/CNX_ElemAlg_Figure_08_07_027d_img_new.jpg	media/CNX_ElemAlg_Figure_08_07_027d_img_new.jpg	image/jpeg	42621	7b57e35f56ec38087b7887873ce18d109ab7c8757db9d1d0f1f2a51ccdcb0cf1	1
../../media/CNX_ElemAlg_Figure_08_07_027e_img_new.jpg	media/CNX_ElemAlg_Figure_08_07_027e_img_new.jpg	image/jpeg	36386	83f302bda163abc122be779c689d9c03372c0b4ad1fd9d472e51b70d008390a3	1
../../media/CNX_ElemAlg_Figure_08_07_030a_img_new.jpg	media/CNX_ElemAlg_Figure_08_07_030a_img_new.jpg	image/jpeg	48842	22a1b753b984c18f3771696e4d369a2553ec4997286b5adb220618dd076652b0	1
../../media/CNX_ElemAlg_Figure_08_07_030b_img_new.jpg	media/CNX_ElemAlg_Figure_08_07_030b_img_new.jpg	image/jpeg	41890	0cc5001caa574c2be4351d9a7f9d875a005f77cf96d820c63159d2a30df162bb	1
../../media/CNX_ElemAlg_Figure_08_07_030c_img_new.jpg	media/CNX_ElemAlg_Figure_08_07_030c_img_new.jpg	image/jpeg	41897	2c415877aba6deb4db5d47ffe5e6c5ed256f1cc58afa194338cb1ae3581632d6	1
../../media/CNX_ElemAlg_Figure_08_07_030d_img_new.jpg	media/CNX_ElemAlg_Figure_08_07_030d_img_new.jpg	image/jpeg	38245	343c0f4f81c2ef13e2a9769cc24fc7ce570a1b9b6f16ef4bd06c76ee3fb212f9	1
../../media/CNX_ElemAlg_Figure_08_07_030e_img_new.jpg	media/CNX_ElemAlg_Figure_08_07_030e_img_new.jpg	image/jpeg	42385	acbbae8383ee6febd6989acc94c33b3ff9a12845db6f5b8024e4c4555d9ae283	1
../../media/CNX_ElemAlg_Figure_08_07_030f_img_new.jpg	media/CNX_ElemAlg_Figure_08_07_030f_img_new.jpg	image/jpeg	41970	78cf9bb9526f3b69e12d83a2003a11a59f9228d585590646e3fa4d3ebf557326	1
../../media/CNX_ElemAlg_Figure_08_07_030g_img_new.jpg	media/CNX_ElemAlg_Figure_08_07_030g_img_new.jpg	image/jpeg	39443	701a0a9a2e1f8ac56fc818bda9aa96dee8d615402b50d3a5c1a59e408dd62284	1
../../media/CNX_ElemAlg_Figure_08_07_031_img_new.jpg	media/CNX_ElemAlg_Figure_08_07_031_img_new.jpg	image/jpeg	30030	df8b2ef064c2e3d272d73c8804f1c762a8a6f1099b89ce707fdda098ca9780ce	1
../../media/CNX_ElemAlg_Figure_08_07_201_img_new.jpg	media/CNX_ElemAlg_Figure_08_07_201_img_new.jpg	image/jpeg	26872	fc537148cd37b085b9b7d3dda01ca0dd82ff46bf9fc6b7cf3898219387e717b7	1
../../media/CNX_ElemAlg_Figure_08_07_202_img_new.jpg	media/CNX_ElemAlg_Figure_08_07_202_img_new.jpg	image/jpeg	29231	fd951a7634ed38614debf18c76be19cb686b5486d2e14b2d2a780030f9d1c79a	1
../../media/CNX_ElemAlg_Figure_08_07_203_img_new.jpg	media/CNX_ElemAlg_Figure_08_07_203_img_new.jpg	image/jpeg	28776	d9d1e1ba07cd9cf0a498e17bf24c066c73ee8c8ae67c25a546101739b29d2333	1
../../media/CNX_ElemAlg_Figure_08_07_204_img_new.jpg	media/CNX_ElemAlg_Figure_08_07_204_img_new.jpg	image/jpeg	30661	65261c0506de2cf8048261224a74a3a980a61addec23d70f672af1b5263eb88a	1
../../media/CNX_ElemAlg_Figure_08_07_205_img_new.jpg	media/CNX_ElemAlg_Figure_08_07_205_img_new.jpg	image/jpeg	45018	aceb01fce46fb1b30dc814c4871383e9809fb5847e830fb9d7010f1e2e971960	1
../../media/CNX_ElemAlg_Figure_08_08_001_img_new.jpg	media/CNX_ElemAlg_Figure_08_08_001_img_new.jpg	image/jpeg	33470	e3a4555f7c1b3c2ed39f564c4e99733a53b56137ff54fe216aa037c9833f7ffb	1
../../media/CNX_ElemAlg_Figure_08_08_002_img_new.jpg	media/CNX_ElemAlg_Figure_08_08_002_img_new.jpg	image/jpeg	46440	9edf3f2a7316bcf633539c25c8c0f96c4326ce10b36e95f1646938bcae7d807f	1
../../media/CNX_ElemAlg_Figure_08_08_003_img_new.jpg	media/CNX_ElemAlg_Figure_08_08_003_img_new.jpg	image/jpeg	63439	7be061dd1eed767013dc53601829c4e2b16b89183768af805ded3d75dd96ad4c	1
../../media/CNX_ElemAlg_Figure_08_08_004_img_new.jpg	media/CNX_ElemAlg_Figure_08_08_004_img_new.jpg	image/jpeg	24042	208ab1b64d1d23c3b6351c48eee7397cd7027deeb75c4402acbc3d428bd39f3c	1
../../media/CNX_ElemAlg_Figure_08_08_005_img_new.jpg	media/CNX_ElemAlg_Figure_08_08_005_img_new.jpg	image/jpeg	61391	e353692668a5d9458a5a7a8d876835cbdf5db658f0a3724201f8f78125873438	1
../../media/CNX_ElemAlg_Figure_08_08_006_img_new.jpg	media/CNX_ElemAlg_Figure_08_08_006_img_new.jpg	image/jpeg	40003	3339deb30d89a57e558d9484eea0454993e49e7debaed79d43b7eee9292987eb	1
../../media/CNX_ElemAlg_Figure_08_08_007_img_new.jpg	media/CNX_ElemAlg_Figure_08_08_007_img_new.jpg	image/jpeg	62085	c81889b0ca70f62f62e5b0cdd45c6f9424ed7c88ef8a3088c790acb55c102586	1
../../media/CNX_ElemAlg_Figure_08_08_009a_img_new.jpg	media/CNX_ElemAlg_Figure_08_08_009a_img_new.jpg	image/jpeg	45302	3deaee3cb5ffe7d9a6b20ed7fc4fe83d6005412db4fbe0b6183e9c4f64f6bfbd	1
../../media/CNX_ElemAlg_Figure_08_08_009b_img_new.jpg	media/CNX_ElemAlg_Figure_08_08_009b_img_new.jpg	image/jpeg	31769	bfde4bd1dce21720cdd3ece0ee0c6f3bfcdf60e25e4b09220778b496bffbe517	1
../../media/CNX_ElemAlg_Figure_08_08_009c_img_new.jpg	media/CNX_ElemAlg_Figure_08_08_009c_img_new.jpg	image/jpeg	35457	af017a257b91a4034320d512723ce50d48f51471af7045249a81fbeefa406dad	1
../../media/CNX_ElemAlg_Figure_08_08_009d_img_new.jpg	media/CNX_ElemAlg_Figure_08_08_009d_img_new.jpg	image/jpeg	36267	21256ef9576bfb8cec513d714f601c32eca15ae6b78915a828c7b5232a17483f	1
../../media/CNX_ElemAlg_Figure_08_08_009e_img_new.jpg	media/CNX_ElemAlg_Figure_08_08_009e_img_new.jpg	image/jpeg	31326	bd591674ee155e01f665a2f71bbf83416e2fc11365b9a3586ee1c5c2dc42c907	1
../../media/CNX_ElemAlg_Figure_08_08_009f_img_new.jpg	media/CNX_ElemAlg_Figure_08_08_009f_img_new.jpg	image/jpeg	30664	f4aac2bb473c778a17330c01eadad3906633157040a9a2ffe266f500d187446c	1
../../media/CNX_ElemAlg_Figure_08_08_009g_img_new.jpg	media/CNX_ElemAlg_Figure_08_08_009g_img_new.jpg	image/jpeg	31068	cce3754f6c21f53699c3f79302ceae7814f46145c8d2b91ad9781390064815ee	1
../../media/CNX_ElemAlg_Figure_08_08_009h_img_new.jpg	media/CNX_ElemAlg_Figure_08_08_009h_img_new.jpg	image/jpeg	31936	20b86118b201a6c9fc33e989fccbc28db887e54241bd6fd6468d088d4f988352	1
../../media/CNX_ElemAlg_Figure_08_08_009i_img_new.jpg	media/CNX_ElemAlg_Figure_08_08_009i_img_new.jpg	image/jpeg	33970	760ce3b818e68c617485ebabd403290062676e2ba99077161ef11da5fe8ffce0	1
../../media/CNX_ElemAlg_Figure_08_08_009j_img_new.jpg	media/CNX_ElemAlg_Figure_08_08_009j_img_new.jpg	image/jpeg	33168	48aff698e6575ed5e828a3d21da58f5f7c92fe65494f59d6b21b3e079ba4549a	1
../../media/CNX_ElemAlg_Figure_08_08_012a_img_new.jpg	media/CNX_ElemAlg_Figure_08_08_012a_img_new.jpg	image/jpeg	86390	fa3789b06c2ad00c240488578a7539f196a44a0944aa885cf126330bc128dcdd	1
../../media/CNX_ElemAlg_Figure_08_08_012b_img_new.jpg	media/CNX_ElemAlg_Figure_08_08_012b_img_new.jpg	image/jpeg	45575	151845d35be28badba79cc7b70d846569bdd48f690fc7419e208368cd669bae9	1
../../media/CNX_ElemAlg_Figure_08_08_012c_img_new.jpg	media/CNX_ElemAlg_Figure_08_08_012c_img_new.jpg	image/jpeg	32666	743a7c89f4a846d7bd406560883afd6545bc8156df1c29978ca65bfd70d15c3b	1
../../media/CNX_ElemAlg_Figure_08_08_012d_img_new.jpg	media/CNX_ElemAlg_Figure_08_08_012d_img_new.jpg	image/jpeg	35338	d67e19d9701181aa3ccd104302aa45ccc1a25f37c0beb3b774c09a154d541d82	1
../../media/CNX_ElemAlg_Figure_08_08_012e_img_new.jpg	media/CNX_ElemAlg_Figure_08_08_012e_img_new.jpg	image/jpeg	31446	da171eb93d772d1411b7e47ad008c47e999004d038a912c7a78744bcefdd4675	1
../../media/CNX_ElemAlg_Figure_08_08_012f_img_new.jpg	media/CNX_ElemAlg_Figure_08_08_012f_img_new.jpg	image/jpeg	30945	fa7b02be590b2cbf828fa8a0534c19784e8816276000d4b5cf6f9f17601dc25d	1
../../media/CNX_ElemAlg_Figure_08_08_012g_img_new.jpg	media/CNX_ElemAlg_Figure_08_08_012g_img_new.jpg	image/jpeg	30457	9069be0c0899f1728bbf19547a1bac0c7b2e9f87bedfd9bd7e1f3188e8ae4d74	1
../../media/CNX_ElemAlg_Figure_08_08_014a_img_new.jpg	media/CNX_ElemAlg_Figure_08_08_014a_img_new.jpg	image/jpeg	90885	62830418893993fb449eb0cdfdbc769d4d1bc5f8e433f0ac6ce638f31b83a2c0	1
../../media/CNX_ElemAlg_Figure_08_08_014b_img_new.jpg	media/CNX_ElemAlg_Figure_08_08_014b_img_new.jpg	image/jpeg	45946	ca81b9f76e20c8460c0150ff24b136f77c0a021b5670ae46172b988b062bfa96	1
../../media/CNX_ElemAlg_Figure_08_08_014c_img_new.jpg	media/CNX_ElemAlg_Figure_08_08_014c_img_new.jpg	image/jpeg	39476	2d90fd407c9694e496040baf23eeeae30a31954a0336dc42b3332337908a866e	1
../../media/CNX_ElemAlg_Figure_08_08_014d_img_new.jpg	media/CNX_ElemAlg_Figure_08_08_014d_img_new.jpg	image/jpeg	40977	8867639a800d3accc9d5f80fa7b714564af59b7efd52b36bcf02637275bd00c0	1
../../media/CNX_ElemAlg_Figure_08_08_014e_img_new.jpg	media/CNX_ElemAlg_Figure_08_08_014e_img_new.jpg	image/jpeg	38916	30f05cc593a7f04cb4c40f4573b6c7c87959c84ea58ce07b72dcc4e2fc80777f	1
../../media/CNX_ElemAlg_Figure_08_08_014f_img_new.jpg	media/CNX_ElemAlg_Figure_08_08_014f_img_new.jpg	image/jpeg	38657	5be9124871d44ae36c149dc30d719a711306f8efa00f8672b7b84b9a6bf536a4	1
../../media/CNX_ElemAlg_Figure_08_08_201_img_new.jpg	media/CNX_ElemAlg_Figure_08_08_201_img_new.jpg	image/jpeg	44610	eb41d4e5825a5fcaa9e11605493ebf98bd64265709c43c86a748078959b3dca8	1
../../media/CNX_ElemAlg_Figure_08_09_001a_img_new.jpg	media/CNX_ElemAlg_Figure_08_09_001a_img_new.jpg	image/jpeg	78132	4a84cb37a9fe7f6bc30a083e397b52f5e41b369bf826e5bf12f297fd4f29cbd8	1
../../media/CNX_ElemAlg_Figure_08_09_001b_img_new.jpg	media/CNX_ElemAlg_Figure_08_09_001b_img_new.jpg	image/jpeg	77322	f9bf78528ac2055e509a936edf02823fa1ce1e5c3ad1f015b9450b61dcffbd3c	1
../../media/CNX_ElemAlg_Figure_08_09_001c_img_new.jpg	media/CNX_ElemAlg_Figure_08_09_001c_img_new.jpg	image/jpeg	80906	f46388ac074623ad300c54c9615a4fedbbdb0092c778d88b22b0b7ed9c18d55e	1
../../media/CNX_ElemAlg_Figure_08_09_001d_img_new.jpg	media/CNX_ElemAlg_Figure_08_09_001d_img_new.jpg	image/jpeg	79777	0cac7f6688afe4e5f18e576443544159b21aad0142ec7d65b353fae5a7930614	1
../../media/CNX_ElemAlg_Figure_08_09_002a_img_new.jpg	media/CNX_ElemAlg_Figure_08_09_002a_img_new.jpg	image/jpeg	39770	8b0cfa18c1aa409bda744c803474be9e6a78fd6cf9a725fc99218a7fa839c711	1
../../media/CNX_ElemAlg_Figure_08_09_002b_img_new.jpg	media/CNX_ElemAlg_Figure_08_09_002b_img_new.jpg	image/jpeg	40001	d9cba9ce309cd5edf27a468f939386e0e10df8dda92f6a717e826e852fc516de	1
../../media/CNX_ElemAlg_Figure_08_09_002c_img_new.jpg	media/CNX_ElemAlg_Figure_08_09_002c_img_new.jpg	image/jpeg	44059	2e183ab589b40ac6dcf069475cd82ef69b5796b92a57d1bae3a81397a8f09912	1
../../media/CNX_ElemAlg_Figure_08_09_002d_img_new.jpg	media/CNX_ElemAlg_Figure_08_09_002d_img_new.jpg	image/jpeg	46808	d82cef9bad429a9a98d037395a1984ac80f556a0ded9b3b6e15db1ba3618be67	1
../../media/CNX_ElemAlg_Figure_08_09_002e_img_new.jpg	media/CNX_ElemAlg_Figure_08_09_002e_img_new.jpg	image/jpeg	40420	bcf7df8399b8abb57e468b84b120db4f736b8fff8b00c8b7409038c4c1b1b8c2	1
../../media/CNX_ElemAlg_Figure_08_09_002f_img_new.jpg	media/CNX_ElemAlg_Figure_08_09_002f_img_new.jpg	image/jpeg	40013	f2ee65f389b4baf6046bd68411f8d1d1c9b02c1908d9e2cef96e4c8c7c73b161	1
../../media/CNX_ElemAlg_Figure_08_09_002g_img_new.jpg	media/CNX_ElemAlg_Figure_08_09_002g_img_new.jpg	image/jpeg	41200	fc0d83c8ce4df3b5130e7b8af1d7b982090b128feb83369b73b7b2d77a450f64	1
../../media/CNX_ElemAlg_Figure_08_09_003a_img_new.jpg	media/CNX_ElemAlg_Figure_08_09_003a_img_new.jpg	image/jpeg	41970	d8a56b06821fedd26b5f879d8168f7f93158deb25ff4d2971beadcc8eb4a854a	1
../../media/CNX_ElemAlg_Figure_08_09_003b_img_new.jpg	media/CNX_ElemAlg_Figure_08_09_003b_img_new.jpg	image/jpeg	44415	f811deebc61f3b0abf2deb4d1c4c2302c085218d54c0f3ab5a0ca1a5499b8669	1
../../media/CNX_ElemAlg_Figure_08_09_003c_img_new.jpg	media/CNX_ElemAlg_Figure_08_09_003c_img_new.jpg	image/jpeg	42204	a3e10fa3517234eae3b6deac038efc2e90736ce242372ce42399af080678a3e8	1
../../media/CNX_ElemAlg_Figure_08_09_004b_img_new.jpg	media/CNX_ElemAlg_Figure_08_09_004b_img_new.jpg	image/jpeg	38969	92c7702f6af8a965657126e8cae2d688d7e919b84aaf26b8c95c5c85f837cdb9	1
../../media/CNX_ElemAlg_Figure_08_09_004c_img_new.jpg	media/CNX_ElemAlg_Figure_08_09_004c_img_new.jpg	image/jpeg	39196	46175a22f08b7b535fec89e505fa4abeab187044ddbacf1b2ece8bbaa217a740	1
../../media/CNX_ElemAlg_Figure_08_09_004d_img_new.jpg	media/CNX_ElemAlg_Figure_08_09_004d_img_new.jpg	image/jpeg	43488	f942db842d8ae06b9be40ab1b0d671d8db05ab4cbff0a8cc7d866ce5a2eed2aa	1
../../media/CNX_ElemAlg_Figure_08_09_004e_img_new.jpg	media/CNX_ElemAlg_Figure_08_09_004e_img_new.jpg	image/jpeg	41811	d51c8bac2aad30c85395eba8c28ea644d18b2006cb5d69106eff359cc1e33dc9	1
../../media/CNX_ElemAlg_Figure_08_09_004f_img_new.jpg	media/CNX_ElemAlg_Figure_08_09_004f_img_new.jpg	image/jpeg	44002	0b776ba7a12618d4a70538afdb8a523f2b403168f85d04d2777ee348b0a4930e	1
../../media/CNX_ElemAlg_Figure_08_09_004g_img_new.jpg	media/CNX_ElemAlg_Figure_08_09_004g_img_new.jpg	image/jpeg	39519	ebea217bd6fc328074abf6b8074a2ed1cf9beb57f6a54a94b1c157e17a6e9f70	1
../../media/CNX_ElemAlg_Figure_08_09_004h_img_new.jpg	media/CNX_ElemAlg_Figure_08_09_004h_img_new.jpg	image/jpeg	39196	01e60aee7a42dc49edf2712e2ee184f82710a040931101b0ea75dcd04f6abafc	1
../../media/CNX_ElemAlg_Figure_08_09_004i_img_new.jpg	media/CNX_ElemAlg_Figure_08_09_004i_img_new.jpg	image/jpeg	40038	6a20d6d79d7f790011fb4c48ee18b8df43b0956da9b5b24c798bebe5c83aa03c	1
../../media/CNX_ElemAlg_Figure_08_09_006b_img_new.jpg	media/CNX_ElemAlg_Figure_08_09_006b_img_new.jpg	image/jpeg	39462	2726b0102297d356f9eed2c07619a2d6bc9cb53113e2a137c58c3f14056eaf2d	1
../../media/CNX_ElemAlg_Figure_08_09_006c_img_new.jpg	media/CNX_ElemAlg_Figure_08_09_006c_img_new.jpg	image/jpeg	39286	287c34281a7c888767fd33fa1307541260c52b3106b488ebdc9ae8efe0445a30	1
../../media/CNX_ElemAlg_Figure_08_09_006d_img_new.jpg	media/CNX_ElemAlg_Figure_08_09_006d_img_new.jpg	image/jpeg	41631	d6742c1db4721c48709417c6c53deaddaf967da0435f6e46debeefd9401ca384	1
../../media/CNX_ElemAlg_Figure_08_09_006e_img_new.jpg	media/CNX_ElemAlg_Figure_08_09_006e_img_new.jpg	image/jpeg	40536	0c0627aa3ec0978e9bff4f9808e1ca08de9a95cd9f1428386e6a93af6d3cf053	1
../../media/CNX_ElemAlg_Figure_08_09_006f_img_new.jpg	media/CNX_ElemAlg_Figure_08_09_006f_img_new.jpg	image/jpeg	41652	45e88a7d13df787cff520f74e4f68cc9a0fb782cf37d90fd187127963fe3f2de	1
../../media/CNX_ElemAlg_Figure_08_09_006g_img_new.jpg	media/CNX_ElemAlg_Figure_08_09_006g_img_new.jpg	image/jpeg	40093	ce50f9e1d45a48e665bd69ea6f62be382eb4e9316a9630b690576c85e166acc8	1
../../media/CNX_ElemAlg_Figure_08_09_006h_img_new.jpg	media/CNX_ElemAlg_Figure_08_09_006h_img_new.jpg	image/jpeg	39308	17d75c6196d70cbb289cf91c1dfbe1d43ee7977927a39dd79b6cf95c1a32fc7a	1
../../media/CNX_ElemAlg_Figure_08_09_006i_img_new.jpg	media/CNX_ElemAlg_Figure_08_09_006i_img_new.jpg	image/jpeg	40224	51c30cacfac91f2b1ad603968aac87a5d28205959b4457fe1435b43962400107	1
../../media/CNX_ElemAlg_Figure_08_09_008a_img_new.jpg	media/CNX_ElemAlg_Figure_08_09_008a_img_new.jpg	image/jpeg	32537	70db11fe4486075f50d2b5985433cf1131bbe1de4cfd85401405af521c886ab0	2
../../media/CNX_ElemAlg_Figure_08_09_008b_img_new.jpg	media/CNX_ElemAlg_Figure_08_09_008b_img_new.jpg	image/jpeg	35275	cf8b1a880f4a54d0a9e44e605c123545c89a051f45d4c24003455f4dda77e9f6	1
../../media/CNX_ElemAlg_Figure_08_09_008c_img_new.jpg	media/CNX_ElemAlg_Figure_08_09_008c_img_new.jpg	image/jpeg	33602	d777498cc0e5872525ebf2c69bd7ff77bf891390872dd359cebc49e7591bb636	1
../../media/CNX_ElemAlg_Figure_08_09_008d_img_new.jpg	media/CNX_ElemAlg_Figure_08_09_008d_img_new.jpg	image/jpeg	35557	956c8569e296ed9f1d36789a03e42185583db651859839e618e4c9b9a523ad1c	1
../../media/CNX_ElemAlg_Figure_08_09_008e_img_new.jpg	media/CNX_ElemAlg_Figure_08_09_008e_img_new.jpg	image/jpeg	32473	90a4655defc65778e56af3fa2634f6039ccebd7d16fbeb96d9991fbb975885bc	1
../../media/CNX_ElemAlg_Figure_08_09_008f_img_new.jpg	media/CNX_ElemAlg_Figure_08_09_008f_img_new.jpg	image/jpeg	33433	d02edb8b16561425e5b51f093c7b62be2419cb18657127c6287b84770180fd38	1
../../media/CNX_ElemAlg_Figure_08_09_009b_img_new.jpg	media/CNX_ElemAlg_Figure_08_09_009b_img_new.jpg	image/jpeg	32649	ce43d376c4de1d27c67a6bd4b7b621e69b7dd8ca315a858f3b626474dd31037c	1
../../media/CNX_ElemAlg_Figure_08_09_009c_img_new.jpg	media/CNX_ElemAlg_Figure_08_09_009c_img_new.jpg	image/jpeg	41103	fe5b093bb1bf4d41f2b436d50f275da2bc51aa96177f9c75fd4ef26089f267e8	1
../../media/CNX_ElemAlg_Figure_08_09_009d_img_new.jpg	media/CNX_ElemAlg_Figure_08_09_009d_img_new.jpg	image/jpeg	36205	36988f20de0f226b477938f3ad0769463fab1470f8cd922e857611acc3b491a1	1
../../media/CNX_ElemAlg_Figure_08_09_009e_img_new.jpg	media/CNX_ElemAlg_Figure_08_09_009e_img_new.jpg	image/jpeg	35179	051e28ad2237126d98af3b12139520ea2ae47e366ef670ba27917552c8fa8db4	1
../../media/CNX_ElemAlg_Figure_08_09_009f_img_new.jpg	media/CNX_ElemAlg_Figure_08_09_009f_img_new.jpg	image/jpeg	38001	27e343d00d90a15fc7454afc77d95a97100e3ea4c025c5a15361fce5da3dbce1	1
../../media/CNX_ElemAlg_Figure_08_09_009g_img_new.jpg	media/CNX_ElemAlg_Figure_08_09_009g_img_new.jpg	image/jpeg	33101	06e26393859e422cac212bb07f76553143942fda8e71a638e185d7f21b856aae	1
../../media/CNX_ElemAlg_Figure_08_09_009h_img_new.jpg	media/CNX_ElemAlg_Figure_08_09_009h_img_new.jpg	image/jpeg	32751	294ff3e4d4ca5f0c8b225bb43f5b11a4a70fd623eff63164acdc8ac90685afdd	1
../../media/CNX_ElemAlg_Figure_08_09_009i_img_new.jpg	media/CNX_ElemAlg_Figure_08_09_009i_img_new.jpg	image/jpeg	34284	bbf43fbe6317c7bb1fde8b0b9ecc68e336bc08620e3536fe62664f75c06c7828	1
../../media/CNX_ElemAlg_Figure_08_09_010b_img_new.jpg	media/CNX_ElemAlg_Figure_08_09_010b_img_new.jpg	image/jpeg	33130	62b767de2b2532641c97d7e1afd071f6d924ccd46456733b4a3deb541f643e3e	1
../../media/CNX_ElemAlg_Figure_08_09_010c_img_new.jpg	media/CNX_ElemAlg_Figure_08_09_010c_img_new.jpg	image/jpeg	33013	6584db7fd7c0fb55629e8edf4882bea4f33b965c075a54878ba014f7548cb5e1	1
../../media/CNX_ElemAlg_Figure_08_09_010d_img_new.jpg	media/CNX_ElemAlg_Figure_08_09_010d_img_new.jpg	image/jpeg	36513	b591c884c63f20b3142ebc9f13e0a67d62c9e4240ccd21c03db953940d90165b	1
../../media/CNX_ElemAlg_Figure_08_09_010e_img_new.jpg	media/CNX_ElemAlg_Figure_08_09_010e_img_new.jpg	image/jpeg	34827	6f61e4c02c40819e077edbc1f88719f7ffab000cdb71c2b614f3b5a356ec77a1	1
../../media/CNX_ElemAlg_Figure_08_09_010f_img_new.jpg	media/CNX_ElemAlg_Figure_08_09_010f_img_new.jpg	image/jpeg	36687	59c1226d3b1abccc07811a9d97c487c7aa0dbe5813f7e6e3a0f93e9ea92de5a3	1
../../media/CNX_ElemAlg_Figure_08_09_010g_img_new.jpg	media/CNX_ElemAlg_Figure_08_09_010g_img_new.jpg	image/jpeg	33422	f7181ebb70e9fc1d19b054576ae02f8a3fce901c6a8d33910f38e6e47e238b0a	1
../../media/CNX_ElemAlg_Figure_08_09_010h_img_new.jpg	media/CNX_ElemAlg_Figure_08_09_010h_img_new.jpg	image/jpeg	33005	2ce88dfdccb0dcd91bcaacb6d8ee53433526e78917857cabe04b8908665c4783	1
../../media/CNX_ElemAlg_Figure_08_09_010i_img_new.jpg	media/CNX_ElemAlg_Figure_08_09_010i_img_new.jpg	image/jpeg	34334	66b76af3aa9afde39aaa50248c3c659d3e0ca697d3d252d49756439621786d60	1
../../media/CNX_ElemAlg_Figure_08_09_201_img_new.jpg	media/CNX_ElemAlg_Figure_08_09_201_img_new.jpg	image/jpeg	47291	5745b716d9e37cc79f1cc321a2755135f05a99b474bf498fcd3eec609e10d72a	1
../../media/CNX_ElemAlg_Figure_08_09_202_img_new.jpg	media/CNX_ElemAlg_Figure_08_09_202_img_new.jpg	image/jpeg	32616	5404360b8afd73a7bc93059e49b6f575f4bb131197d4896625ce6bd5cddc933c	1
../../media/CNX_ElemAlg_Figure_08_09_203_img_new.jpg	media/CNX_ElemAlg_Figure_08_09_203_img_new.jpg	image/jpeg	27671	bbb263f4f3656281684c9234ffa116651f3c42a0c216e0e0a8e7cd7094b6ad89	1
../../media/CNX_ElemAlg_Figure_08_09_204_img_new.jpg	media/CNX_ElemAlg_Figure_08_09_204_img_new.jpg	image/jpeg	31250	39702abe2ce7c1f17e057189255a18b1b80704b716337f6f7ceaece4ecf91bd2	1
../../media/CNX_ElemAlg_Figure_09_00_001_img_new.jpg	media/CNX_ElemAlg_Figure_09_00_001_img_new.jpg	image/jpeg	272693	f2788727015ad7bb228baadc9f23491e641dd3b252bd9e7bc608ec128b4de9bf	1
../../media/CNX_ElemAlg_Figure_09_01_001_img_new.jpg	media/CNX_ElemAlg_Figure_09_01_001_img_new.jpg	image/jpeg	27591	fed3328f069c3b27e178edc7a113c3a445cf08ca7ef40c37037a309c9a9b8227	1
../../media/CNX_ElemAlg_Figure_09_01_002a_img_new.jpg	media/CNX_ElemAlg_Figure_09_01_002a_img_new.jpg	image/jpeg	44604	0394db481d221691e5a38fb3fbc781c301272b870e2a1bc983a684e52b3ed3f0	1
../../media/CNX_ElemAlg_Figure_09_01_002b_img_new.jpg	media/CNX_ElemAlg_Figure_09_01_002b_img_new.jpg	image/jpeg	20329	1f2e69415abb5dbd911f55e4e7baf74cb4bcc679640e92a16ec4cdf6890ab4b7	1
../../media/CNX_ElemAlg_Figure_09_01_002c_img_new.jpg	media/CNX_ElemAlg_Figure_09_01_002c_img_new.jpg	image/jpeg	22224	87c1c5cee28c2cdc2cea5d10b944b2ebd61de91be5a2422962b8a0f02e37c7fe	1
../../media/CNX_ElemAlg_Figure_09_01_003_img_new.jpg	media/CNX_ElemAlg_Figure_09_01_003_img_new.jpg	image/jpeg	51497	f59fc6a6d729c6830a77d2270f79b5c265111a1d8799e253764ee54109df3b08	1
../../media/CNX_ElemAlg_Figure_09_01_201_img_new.jpg	media/CNX_ElemAlg_Figure_09_01_201_img_new.jpg	image/jpeg	76698	178f5dbe5ceb0fb90a58786c2c76a6947c7321f10db797319a7b9c2691731836	1
../../media/CNX_ElemAlg_Figure_09_02_001a_img_new.jpg	media/CNX_ElemAlg_Figure_09_02_001a_img_new.jpg	image/jpeg	49697	f8fd99a3906c084161241594b0c62a93c2d7ff4e622a396d800203dd63062057	1
../../media/CNX_ElemAlg_Figure_09_02_001b_img_new.jpg	media/CNX_ElemAlg_Figure_09_02_001b_img_new.jpg	image/jpeg	28132	04733363f3f85cd3a50524380250142b63e67071912a3ab1236feb243ecbde5c	1
../../media/CNX_ElemAlg_Figure_09_02_001c_img_new.jpg	media/CNX_ElemAlg_Figure_09_02_001c_img_new.jpg	image/jpeg	26010	e2e78dccddc93502f7b4672636eb271ff8b234f54af43354a3e342204e384e94	1
../../media/CNX_ElemAlg_Figure_09_02_002a_img_new.jpg	media/CNX_ElemAlg_Figure_09_02_002a_img_new.jpg	image/jpeg	33133	88559700c71b1b7c0fd432b31959fbed935afaee3f92ae447df68aa77d9200e9	1
../../media/CNX_ElemAlg_Figure_09_02_002b_img_new.jpg	media/CNX_ElemAlg_Figure_09_02_002b_img_new.jpg	image/jpeg	39691	c56fa92f9959b3289f60d051d1f2faf3a2042d00d15bdb951a83665327b3effa	1
../../media/CNX_ElemAlg_Figure_09_02_002c_img_new.jpg	media/CNX_ElemAlg_Figure_09_02_002c_img_new.jpg	image/jpeg	38382	f144b902d55081e84f65ea1217983bf9b3dde8c95607fc111cda5233a536e752	1
../../media/CNX_ElemAlg_Figure_09_02_201_img_new.jpg	media/CNX_ElemAlg_Figure_09_02_201_img_new.jpg	image/jpeg	59601	a66bd486340712184fce1e8e1a270f92739ed87cf333c7838af144cd5f9ca14b	1
../../media/CNX_ElemAlg_Figure_09_03_201_img_new.jpg	media/CNX_ElemAlg_Figure_09_03_201_img_new.jpg	image/jpeg	55273	0e91cec216857f8f59285645b735f66247f6cf7f421219ee2cff74407265156e	1
../../media/CNX_ElemAlg_Figure_09_04_001a_img_new.jpg	media/CNX_ElemAlg_Figure_09_04_001a_img_new.jpg	image/jpeg	22985	909ebb757d93390baafe552ba87ac737a58b955b5f6a17f3968944d359ef4b43	1
../../media/CNX_ElemAlg_Figure_09_04_001b_img_new.jpg	media/CNX_ElemAlg_Figure_09_04_001b_img_new.jpg	image/jpeg	28260	f5ee9b97ed680c84004dafceecf5b2203d9cafb5b0b9e69ec764cea57a9c7b12	1
../../media/CNX_ElemAlg_Figure_09_04_001c_img_new.jpg	media/CNX_ElemAlg_Figure_09_04_001c_img_new.jpg	image/jpeg	20916	cf9e8816aa71702e54eddc1cd2fd9b7542c2fbef4af883b4066c13e3a2549ca4	1
../../media/CNX_ElemAlg_Figure_09_04_001d_img_new.jpg	media/CNX_ElemAlg_Figure_09_04_001d_img_new.jpg	image/jpeg	20022	7e1edcf509679b28791122a93c96446ca8bf7d0c73f134c9b6077ffa0533d073	1
../../media/CNX_ElemAlg_Figure_09_04_002a_img_new.jpg	media/CNX_ElemAlg_Figure_09_04_002a_img_new.jpg	image/jpeg	23272	d7b02c7c166378b72bc8909db8351550278b1dd11349b8b2090a3c942e3952cc	1
../../media/CNX_ElemAlg_Figure_09_04_002b_img_new.jpg	media/CNX_ElemAlg_Figure_09_04_002b_img_new.jpg	image/jpeg	27606	6b08ad7c354a85a1555fde79f0f6654bd3ec53954df5d2ddcb65b536e12860b0	1
../../media/CNX_ElemAlg_Figure_09_04_002c_img_new.jpg	media/CNX_ElemAlg_Figure_09_04_002c_img_new.jpg	image/jpeg	25883	cfc11331f2a62a351affe8906b12a486b9d8337a2753c1e1c6e6c70a53e5bc99	1
../../media/CNX_ElemAlg_Figure_09_04_002d_img_new.jpg	media/CNX_ElemAlg_Figure_09_04_002d_img_new.jpg	image/jpeg	20627	b0260c4fa6ceec5ec389456b117d7803fca4910d4a538bc52be21188032639bc	1
../../media/CNX_ElemAlg_Figure_09_04_003a_img_new.jpg	media/CNX_ElemAlg_Figure_09_04_003a_img_new.jpg	image/jpeg	23356	c95f1844f2b1ae1854822aed86667da28c2d4dfad5dc2fef0c0959eed6a91399	1
../../media/CNX_ElemAlg_Figure_09_04_003b_img_new.jpg	media/CNX_ElemAlg_Figure_09_04_003b_img_new.jpg	image/jpeg	27739	a3f44dd18785dfd4919b54c440dba266dfba788ac392742e637f8f72a73f9bac	1
../../media/CNX_ElemAlg_Figure_09_04_003c_img_new.jpg	media/CNX_ElemAlg_Figure_09_04_003c_img_new.jpg	image/jpeg	20493	9c24fbfc866d6083fadb04ca228594f271cbf07ba56582567d60d075ab0ca779	1
../../media/CNX_ElemAlg_Figure_09_04_004a_img_new.jpg	media/CNX_ElemAlg_Figure_09_04_004a_img_new.jpg	image/jpeg	29851	b493469fd590fc278fa0a9cf322acfe42c053affb56447050eb3ad3bb6f5ca7a	1
../../media/CNX_ElemAlg_Figure_09_04_004b_img_new.jpg	media/CNX_ElemAlg_Figure_09_04_004b_img_new.jpg	image/jpeg	24620	7f4a0087afcdcf16ca5a6cb799b3edcd801c885c9888783bc9a593b3c3c9f2e9	1
../../media/CNX_ElemAlg_Figure_09_04_004c_img_new.jpg	media/CNX_ElemAlg_Figure_09_04_004c_img_new.jpg	image/jpeg	20576	0b7381c51bd5f794ab4257d5d4cc6becf657a1d4ad57375b859c394bf60744f3	1
../../media/CNX_ElemAlg_Figure_09_04_005a_img_new.jpg	media/CNX_ElemAlg_Figure_09_04_005a_img_new.jpg	image/jpeg	30666	1f7b36416d3f9682d461cc926a906d2468a2a00d386af8cba6e9a5888ee535f2	1
../../media/CNX_ElemAlg_Figure_09_04_005b_img_new.jpg	media/CNX_ElemAlg_Figure_09_04_005b_img_new.jpg	image/jpeg	25523	38404e2a4e88e8f810b3ab6970317b947e62726309d662aa99a8869cea3829d2	1
../../media/CNX_ElemAlg_Figure_09_04_005c_img_new.jpg	media/CNX_ElemAlg_Figure_09_04_005c_img_new.jpg	image/jpeg	21789	df28f6395f319d1dbcc9949e20e3805b3409c849f20829301314166aad423ea1	1
../../media/CNX_ElemAlg_Figure_09_04_201_img_new.jpg	media/CNX_ElemAlg_Figure_09_04_201_img_new.jpg	image/jpeg	78885	04b8832e108d413fc82b80c06d0dea9cae9650ee69806416d8031b2760ebb200	1
../../media/CNX_ElemAlg_Figure_09_04_202_img_new.jpg	media/CNX_ElemAlg_Figure_09_04_202_img_new.jpg	image/jpeg	39050	00e9751c1b6db6626cf984078cb0be1a1ef1c5c68a4f38ea558d377b40733d66	1
../../media/CNX_ElemAlg_Figure_09_04_203_img_new.jpg	media/CNX_ElemAlg_Figure_09_04_203_img_new.jpg	image/jpeg	57095	388522c838ae72fdd2b2461708c8f9e9c7f418f26297537f3c9bb02736d93912	1
../../media/CNX_ElemAlg_Figure_09_05_001_img_new.jpg	media/CNX_ElemAlg_Figure_09_05_001_img_new.jpg	image/jpeg	24456	d137d63d6c91a342abb1a85beeb61ed9f2f521e4cca281d57233cfa24f8efa49	1
../../media/CNX_ElemAlg_Figure_09_05_002_img_new.jpg	media/CNX_ElemAlg_Figure_09_05_002_img_new.jpg	image/jpeg	94854	282dbdbc56e94b644e090eb650c1f4b1ce62e0da78c461341ac4b5ed3a064dc8	1
../../media/CNX_ElemAlg_Figure_09_05_003_img_new.jpg	media/CNX_ElemAlg_Figure_09_05_003_img_new.jpg	image/jpeg	25164	5c74f7b4abdcb1f0e4458a8f025d3963c4fd99d426489530d4e294b0eb8aa9a5	1
../../media/CNX_ElemAlg_Figure_09_05_004a_img_new.jpg	media/CNX_ElemAlg_Figure_09_05_004a_img_new.jpg	image/jpeg	23331	83f4a5282fe5c6c5f771046046965c1601c1fc4adab4a867444f2fe4c4625a9a	1
../../media/CNX_ElemAlg_Figure_09_05_004b_img_new.jpg	media/CNX_ElemAlg_Figure_09_05_004b_img_new.jpg	image/jpeg	30994	42b0e54609c9f995e35ba5c16ef5490b411ef4d2582006ba9396e8b7882152c1	1
../../media/CNX_ElemAlg_Figure_09_05_004c_img_new.jpg	media/CNX_ElemAlg_Figure_09_05_004c_img_new.jpg	image/jpeg	25610	7fab60a4cbc9d13d4a3d84553f159806927e74e75125613fe2e389b6ec6af528	1
../../media/CNX_ElemAlg_Figure_09_05_004d_img_new.jpg	media/CNX_ElemAlg_Figure_09_05_004d_img_new.jpg	image/jpeg	28991	cb2a6312fc6d13fa0119ecd3919ee6c879a1a346c7b14e4575d988cb91c1eb04	1
../../media/CNX_ElemAlg_Figure_09_05_004e_img_new.jpg	media/CNX_ElemAlg_Figure_09_05_004e_img_new.jpg	image/jpeg	25243	263e1578a45352734668e1b2c965cdae676062d80c1542e3d2f9a1ae2fcfe3d5	1
../../media/CNX_ElemAlg_Figure_09_05_005a_img_new.jpg	media/CNX_ElemAlg_Figure_09_05_005a_img_new.jpg	image/jpeg	25845	7126d8b37a08d19f330104b78799057b259ffde3d24268ba4488849ed9dda40c	1
../../media/CNX_ElemAlg_Figure_09_05_005b_img_new.jpg	media/CNX_ElemAlg_Figure_09_05_005b_img_new.jpg	image/jpeg	27165	c120202456f5df906071d978b5c2fd1710672f6092b4bad29a5d7be460281577	1
../../media/CNX_ElemAlg_Figure_09_05_005c_img_new.jpg	media/CNX_ElemAlg_Figure_09_05_005c_img_new.jpg	image/jpeg	26704	95abfc6b34858af955339d954dc5b19f0fea97ccc3ce68fed31ba3bec32a3d83	1
../../media/CNX_ElemAlg_Figure_09_05_005d_img_new.jpg	media/CNX_ElemAlg_Figure_09_05_005d_img_new.jpg	image/jpeg	34622	8656de60ef9de2e5a640693872c09ebe2749f26de5ed179d2e293683e109c403	1
../../media/CNX_ElemAlg_Figure_09_05_005e_img_new.jpg	media/CNX_ElemAlg_Figure_09_05_005e_img_new.jpg	image/jpeg	27164	803d1bfedf03f2ca669ad32bd9c605cee4fa17400d332eb5bef5fb8c0a3efa70	1
../../media/CNX_ElemAlg_Figure_09_05_005f_img_new.jpg	media/CNX_ElemAlg_Figure_09_05_005f_img_new.jpg	image/jpeg	27008	c7d33705bc57c06e26c4f434017e258bd2647f49dec14aa1438a863e5b104449	1
../../media/CNX_ElemAlg_Figure_09_05_006a_img_new.jpg	media/CNX_ElemAlg_Figure_09_05_006a_img_new.jpg	image/jpeg	23493	09f987e0a91e8fe7588b8985da057fb7c3a68d96643251af403aeb594ecb588a	1
../../media/CNX_ElemAlg_Figure_09_05_006b_img_new.jpg	media/CNX_ElemAlg_Figure_09_05_006b_img_new.jpg	image/jpeg	35599	190194df1826a658546156cf4e2f550dbc35d723d5dbb3034c780e8fcc324be0	1
../../media/CNX_ElemAlg_Figure_09_05_006c_img_new.jpg	media/CNX_ElemAlg_Figure_09_05_006c_img_new.jpg	image/jpeg	29505	baf2eda644a5caacf140f26efa5e805791e1d4c7b1b0ca3df6e221eb6155fa8c	1
../../media/CNX_ElemAlg_Figure_09_05_006d_img_new.jpg	media/CNX_ElemAlg_Figure_09_05_006d_img_new.jpg	image/jpeg	27939	34e9fff04fcaf4f497bff494c1b16b998519d4ba2bc4a35a68e849079f92bbe8	1
../../media/CNX_ElemAlg_Figure_09_05_006e_img_new.jpg	media/CNX_ElemAlg_Figure_09_05_006e_img_new.jpg	image/jpeg	27347	9e483fc066582706d2cbc15170743acf5fd1485da177c145193a4651b6c8e1fa	1
../../media/CNX_ElemAlg_Figure_09_05_006f_img_new.jpg	media/CNX_ElemAlg_Figure_09_05_006f_img_new.jpg	image/jpeg	27104	28aa067aa9154732d6fdcc8ceb767a93ff4265b65b3c60c8fafe9257c3b35b17	1
../../media/CNX_ElemAlg_Figure_09_05_007a_img_new.jpg	media/CNX_ElemAlg_Figure_09_05_007a_img_new.jpg	image/jpeg	23627	02fae7aadcbd3e955dc85bff3d74d944e7efa6ca02927381da2942c3959b4c05	1
../../media/CNX_ElemAlg_Figure_09_05_007b_img_new.jpg	media/CNX_ElemAlg_Figure_09_05_007b_img_new.jpg	image/jpeg	35669	81014cc170008dc7af50381920d5ab38481d7829f21b76b29c852604650dde26	1
../../media/CNX_ElemAlg_Figure_09_05_007c_img_new.jpg	media/CNX_ElemAlg_Figure_09_05_007c_img_new.jpg	image/jpeg	28568	7170b805b391cce45874b349a9a1b2fc9b9ed45b38a4c49d64f0ef0ea69ccb18	1
../../media/CNX_ElemAlg_Figure_09_05_007d_img_new.jpg	media/CNX_ElemAlg_Figure_09_05_007d_img_new.jpg	image/jpeg	27107	c3191ccb907c50a2fec4ed11851709188fa3a713e62ca09961ccbbb2a09837da	1
../../media/CNX_ElemAlg_Figure_09_05_007e_img_new.jpg	media/CNX_ElemAlg_Figure_09_05_007e_img_new.jpg	image/jpeg	26452	8cb28c32c5e35ca5051f1270a4af7086bc5a04d792e93d7047dd3363a5c15e87	1
../../media/CNX_ElemAlg_Figure_09_05_007f_img_new.jpg	media/CNX_ElemAlg_Figure_09_05_007f_img_new.jpg	image/jpeg	25477	975b98fcf23d322d77b3b09445c736a1c84921defa6a71651bf91ea168f33ab0	1
../../media/CNX_ElemAlg_Figure_09_05_008a_img_new.jpg	media/CNX_ElemAlg_Figure_09_05_008a_img_new.jpg	image/jpeg	25523	fddd253af98c00702379dd034e7482efdecc2a565adca813e5c67e698b96b491	1
../../media/CNX_ElemAlg_Figure_09_05_008b_img_new.jpg	media/CNX_ElemAlg_Figure_09_05_008b_img_new.jpg	image/jpeg	39283	3c49c03f0afe522acafd75a74f91d7c8e252a7e9ebcce378a7b2dd43fc284c9c	1
../../media/CNX_ElemAlg_Figure_09_05_008c_img_new.jpg	media/CNX_ElemAlg_Figure_09_05_008c_img_new.jpg	image/jpeg	32072	655e2480466ff1efeda9de311850e554e5fdfcfcdd524f6557e2b1af49326f03	1
../../media/CNX_ElemAlg_Figure_09_05_008d_img_new.jpg	media/CNX_ElemAlg_Figure_09_05_008d_img_new.jpg	image/jpeg	28953	4bd04baaec77698c41aeb8521b7b5733c21ed380679ebc0ae9dc70eab573ac34	1
../../media/CNX_ElemAlg_Figure_09_05_009a_img_new.jpg	media/CNX_ElemAlg_Figure_09_05_009a_img_new.jpg	image/jpeg	26907	d3a7bd5af4abc74eb464dd5d422f099d4eb62e5704290d65af5946fcb541845e	1
../../media/CNX_ElemAlg_Figure_09_05_009b_img_new.jpg	media/CNX_ElemAlg_Figure_09_05_009b_img_new.jpg	image/jpeg	41099	10cd3fdecd8693d20400a5403edeb59dacf4cadde1943f4aa57c7e3ce5fa154c	1
../../media/CNX_ElemAlg_Figure_09_05_009c_img_new.jpg	media/CNX_ElemAlg_Figure_09_05_009c_img_new.jpg	image/jpeg	34054	a68e76f76bb797e895d71d7183e7a1a29017cd9c0a3a5e24cd2b3af4022de137	1
../../media/CNX_ElemAlg_Figure_09_05_009d_img_new.jpg	media/CNX_ElemAlg_Figure_09_05_009d_img_new.jpg	image/jpeg	28915	43b3f175c6b7fa993bf179ca7d662c0c27d4861f6a6ead7beb9d05458461b72f	1
../../media/CNX_ElemAlg_Figure_09_05_010a_img_new.jpg	media/CNX_ElemAlg_Figure_09_05_010a_img_new.jpg	image/jpeg	27478	a02f83f9099c13243b29558d75057cf4ce153d0d69e528eef53e83a6cbd6f939	1
../../media/CNX_ElemAlg_Figure_09_05_010b_img_new.jpg	media/CNX_ElemAlg_Figure_09_05_010b_img_new.jpg	image/jpeg	32618	6e9ca19891acc89a39fd844f94018fc33f475a13375fa5de16b3431de98d05ee	1
../../media/CNX_ElemAlg_Figure_09_05_010c_img_new.jpg	media/CNX_ElemAlg_Figure_09_05_010c_img_new.jpg	image/jpeg	28308	2ccde99a2fb1717ec7c82962061c4d908c6df09ae22c251face750531d33e9e7	1
../../media/CNX_ElemAlg_Figure_09_05_010d_img_new.jpg	media/CNX_ElemAlg_Figure_09_05_010d_img_new.jpg	image/jpeg	37054	261cefd0a7772c2a22701065fa6ada52df2150cb0168839fa8dd689ca712dd40	1
../../media/CNX_ElemAlg_Figure_09_05_010e_img_new.jpg	media/CNX_ElemAlg_Figure_09_05_010e_img_new.jpg	image/jpeg	27555	96ac8800c9a141427e088f8936467ace043b760f1b27a11cecc682b2a1fa30ef	1
../../media/CNX_ElemAlg_Figure_09_05_010f_img_new.jpg	media/CNX_ElemAlg_Figure_09_05_010f_img_new.jpg	image/jpeg	26718	1b3c56e09025abcebc47d219caec325a5582c4e1203b46ec623a59661a182cfd	1
../../media/CNX_ElemAlg_Figure_09_05_201_img_new.jpg	media/CNX_ElemAlg_Figure_09_05_201_img_new.jpg	image/jpeg	62716	d5bbcb27483f0cca4679009611436bf2446a7c706f46decc7a38d1650986b2c5	1
../../media/CNX_ElemAlg_Figure_09_06_001_img_new.jpg	media/CNX_ElemAlg_Figure_09_06_001_img_new.jpg	image/jpeg	17531	aa801ffc29665a80c67dfa8e4857d3a70cfe5f14d506641677381b600b0cff82	1
../../media/CNX_ElemAlg_Figure_09_06_002a_img_new.jpg	media/CNX_ElemAlg_Figure_09_06_002a_img_new.jpg	image/jpeg	59418	2952bb5edd71983b0d00f3f3d57dd12106217520687510e271800156c6b12fe8	1
../../media/CNX_ElemAlg_Figure_09_06_002b_img_new.jpg	media/CNX_ElemAlg_Figure_09_06_002b_img_new.jpg	image/jpeg	55251	6f35942311759e319c0a5050b61bb7c4a3f6e1dba764d636edd05cfb1355129c	1
../../media/CNX_ElemAlg_Figure_09_06_002c_img_new.jpg	media/CNX_ElemAlg_Figure_09_06_002c_img_new.jpg	image/jpeg	58799	aea719c644f1b83d0ab77d010828ee0b0d867b1d037c8cb12500847906708054	1
../../media/CNX_ElemAlg_Figure_09_06_002d_img_new.jpg	media/CNX_ElemAlg_Figure_09_06_002d_img_new.jpg	image/jpeg	54719	12e8085975dfb8112559f05fcb3207290a077526993852f2c48610d2781ecd23	1
../../media/CNX_ElemAlg_Figure_09_06_003a_img_new.jpg	media/CNX_ElemAlg_Figure_09_06_003a_img_new.jpg	image/jpeg	55279	ad22ba270ef6ecee34c80fd43e2031c5a23d689902dca1ade5215bb3081f519c	1
../../media/CNX_ElemAlg_Figure_09_06_003b_img_new.jpg	media/CNX_ElemAlg_Figure_09_06_003b_img_new.jpg	image/jpeg	53951	b72e057163b4e860a4614883e3e0780cfb6a13ed46e1d8be153850485b826c84	1
../../media/CNX_ElemAlg_Figure_09_06_003c_img_new.jpg	media/CNX_ElemAlg_Figure_09_06_003c_img_new.jpg	image/jpeg	51162	11934dee0c40caa338e2ce991582ef839b894c8710632eb8f740d0acd67d3a9a	1
../../media/CNX_ElemAlg_Figure_09_06_003d_img_new.jpg	media/CNX_ElemAlg_Figure_09_06_003d_img_new.jpg	image/jpeg	49855	eba891fc2bc0c4520722b07cafdccb124300332a342468bf1bbc68cb3e9f86e4	1
../../media/CNX_ElemAlg_Figure_09_06_003e_img_new.jpg	media/CNX_ElemAlg_Figure_09_06_003e_img_new.jpg	image/jpeg	52942	d9134a221d6187f1e24d102efd052a3c676852e3282d8b8e6cf7e1112a777a02	1
../../media/CNX_ElemAlg_Figure_09_06_003f_img_new.jpg	media/CNX_ElemAlg_Figure_09_06_003f_img_new.jpg	image/jpeg	51820	a4a7e3b6d30a2f85b20ddc480fcb6388b78e2006be5a44cf18a41528378d783e	1
../../media/CNX_ElemAlg_Figure_09_06_004a_img_new.jpg	media/CNX_ElemAlg_Figure_09_06_004a_img_new.jpg	image/jpeg	32082	d6da842c6bfa517436f6eeb9d47c93f139b9ce7d7eed6a275bcddffa7d6b2a95	1
../../media/CNX_ElemAlg_Figure_09_06_004b_img_new.jpg	media/CNX_ElemAlg_Figure_09_06_004b_img_new.jpg	image/jpeg	15496	b907c7be0db5f90735d2b6e984d665584e9818bfb1f79c4b65fca6d126f7003b	1
../../media/CNX_ElemAlg_Figure_09_06_004c_img_new.jpg	media/CNX_ElemAlg_Figure_09_06_004c_img_new.jpg	image/jpeg	19361	382cea5d477a107d723d8f24971e9bd14df8d13b22844b3ea5fa8feb4c5a2452	1
../../media/CNX_ElemAlg_Figure_09_06_004d_img_new.jpg	media/CNX_ElemAlg_Figure_09_06_004d_img_new.jpg	image/jpeg	15675	1f3fcdb48d30dfa5a21db308aa2346d3ca82c2301020f12d371bf166134023aa	1
../../media/CNX_ElemAlg_Figure_09_06_004e_img_new.jpg	media/CNX_ElemAlg_Figure_09_06_004e_img_new.jpg	image/jpeg	17999	273a88944e93955ab9ccffd5918eec4ffac149bf02ccd70844344eeac4861ecf	1
../../media/CNX_ElemAlg_Figure_09_06_004f_img_new.jpg	media/CNX_ElemAlg_Figure_09_06_004f_img_new.jpg	image/jpeg	15945	fbaf8cf2d06c697c2fde3e8bc1137991525ed0a8df667e0832ab61fbc12f241a	1
../../media/CNX_ElemAlg_Figure_09_06_004g_img_new.jpg	media/CNX_ElemAlg_Figure_09_06_004g_img_new.jpg	image/jpeg	16159	557ab65832c51faecdb62a5d763f85cca1a3b479836f45dc92b64e1314dfd3f1	1
../../media/CNX_ElemAlg_Figure_09_06_004h_img_new.jpg	media/CNX_ElemAlg_Figure_09_06_004h_img_new.jpg	image/jpeg	15939	67ad12437691e8d56557d3e4fa1a0583c3cea94f7c347f67cd9bbfc5f16d1411	1
../../media/CNX_ElemAlg_Figure_09_06_006a_img_new.jpg	media/CNX_ElemAlg_Figure_09_06_006a_img_new.jpg	image/jpeg	33362	fc3684dc5995935a6ab0995f701656d97297268e5c314241996188f015cd0743	1
../../media/CNX_ElemAlg_Figure_09_06_006b_img_new.jpg	media/CNX_ElemAlg_Figure_09_06_006b_img_new.jpg	image/jpeg	16808	1238e0af18065f1f2a2ea1bc2eb38e9def3d5ba57299bc3249459941ea4de97a	1
../../media/CNX_ElemAlg_Figure_09_06_006c_img_new.jpg	media/CNX_ElemAlg_Figure_09_06_006c_img_new.jpg	image/jpeg	19119	ecd800189fef7f559bb5b09c1fce0448c07f83fac8cff3b5511a79ec76392f1a	1
../../media/CNX_ElemAlg_Figure_09_06_006d_img_new.jpg	media/CNX_ElemAlg_Figure_09_06_006d_img_new.jpg	image/jpeg	16934	d01b3efa964adc3ccc0870796ac53abfb89e1acfcbe45151a4170b6ec2c7035e	1
../../media/CNX_ElemAlg_Figure_09_06_006e_img_new.jpg	media/CNX_ElemAlg_Figure_09_06_006e_img_new.jpg	image/jpeg	19764	e6a197c4da44d5a8c232b1a04d2b59c26df4f83e7a5fab8d7921ab9dae6eee08	1
../../media/CNX_ElemAlg_Figure_09_06_006f_img_new.jpg	media/CNX_ElemAlg_Figure_09_06_006f_img_new.jpg	image/jpeg	16744	8c9dbb294f4e3a99933ca7966ad2c9a968555b132c25da5b1840ed153d5b5923	1
../../media/CNX_ElemAlg_Figure_09_06_006g_img_new.jpg	media/CNX_ElemAlg_Figure_09_06_006g_img_new.jpg	image/jpeg	16384	9653feecaf22c7953d341b3f84997883b83c4c76f106fb0cf93ace9e26722fdd	1
../../media/CNX_ElemAlg_Figure_09_06_006h_img_new.jpg	media/CNX_ElemAlg_Figure_09_06_006h_img_new.jpg	image/jpeg	17136	14b982502483adb42ccd37576cecbb8cbfbc8fbea480d71c9aa5bd3cdde7c78e	1
../../media/CNX_ElemAlg_Figure_09_06_007a_img_new.jpg	media/CNX_ElemAlg_Figure_09_06_007a_img_new.jpg	image/jpeg	16674	b0e52432ff8129c9a11fba73b0af492de12ad8e1dc80a0a88e5c450dae9c4333	1
../../media/CNX_ElemAlg_Figure_09_06_007b_img_new.jpg	media/CNX_ElemAlg_Figure_09_06_007b_img_new.jpg	image/jpeg	18723	a2435f06abb997bfc0f4b9771197f3aaed7c733a6508c2f92d6c7de48ec51f0e	1
../../media/CNX_ElemAlg_Figure_09_06_007c_img_new.jpg	media/CNX_ElemAlg_Figure_09_06_007c_img_new.jpg	image/jpeg	16952	3f37af0b5d4796f5f110270298a0e37247c5102356762c0b07cc62dfb27228f5	1
../../media/CNX_ElemAlg_Figure_09_06_008a_img_new.jpg	media/CNX_ElemAlg_Figure_09_06_008a_img_new.jpg	image/jpeg	39522	4cb4bd620d9dab7224eba7b1ac8d077d77f62ebb69196bc5b55d284d7bdce178	1
../../media/CNX_ElemAlg_Figure_09_06_008b_img_new.jpg	media/CNX_ElemAlg_Figure_09_06_008b_img_new.jpg	image/jpeg	23735	16c9eda115f4287ef32402a648a6f4460893381aae69602ec9a020baf12e048b	1
../../media/CNX_ElemAlg_Figure_09_06_008c_img_new.jpg	media/CNX_ElemAlg_Figure_09_06_008c_img_new.jpg	image/jpeg	25950	05f99069589dc791bf26501b8a96ef7a76dbe583b27d562eb1bef7db15006a16	1
../../media/CNX_ElemAlg_Figure_09_06_008d_img_new.jpg	media/CNX_ElemAlg_Figure_09_06_008d_img_new.jpg	image/jpeg	24436	6936e94e93b22be7307e257f7c8d6edb0d9f65f37a9b93af2e3fe20b76fc0ef8	1
../../media/CNX_ElemAlg_Figure_09_06_008e_img_new.jpg	media/CNX_ElemAlg_Figure_09_06_008e_img_new.jpg	image/jpeg	26564	18f8f6df9e6feb0e0372c5ceaf3919fad46f21923b5f5de04d6e7045e8449459	1
../../media/CNX_ElemAlg_Figure_09_06_008f_img_new.jpg	media/CNX_ElemAlg_Figure_09_06_008f_img_new.jpg	image/jpeg	25877	a9ae12783851ad134b4cac0a6d8f9aab01433ad782080766939d4d1e661227e3	1
../../media/CNX_ElemAlg_Figure_09_06_008g_img_new.jpg	media/CNX_ElemAlg_Figure_09_06_008g_img_new.jpg	image/jpeg	25968	4c0da29df710c1679b6b911124c3c2e74d4c982b14ac6b475d22c3f573cb9344	1
../../media/CNX_ElemAlg_Figure_09_06_008h_img_new.jpg	media/CNX_ElemAlg_Figure_09_06_008h_img_new.jpg	image/jpeg	26709	9967bc62dbb15ba22804d5d8f73495f7b3ae553e1964f96d057fb48b3281ed29	1
../../media/CNX_ElemAlg_Figure_09_06_008i_img_new.jpg	media/CNX_ElemAlg_Figure_09_06_008i_img_new.jpg	image/jpeg	27122	636fd2b78ab437ac186fd04b479d20af08b9ae1e87e8b43f62b39b970bb10075	1
../../media/CNX_ElemAlg_Figure_09_06_008j_img_new.jpg	media/CNX_ElemAlg_Figure_09_06_008j_img_new.jpg	image/jpeg	26367	2398bd015c0b29f5e66093087d8524ea3432bdaea7bdedb7978a255061862784	1
../../media/CNX_ElemAlg_Figure_09_06_010a_img_new.jpg	media/CNX_ElemAlg_Figure_09_06_010a_img_new.jpg	image/jpeg	33517	97aafda3e6fb59247f696f02725aca9acb9f6ff95e97694f3033d1169490d645	1
../../media/CNX_ElemAlg_Figure_09_06_011a_img_new.jpg	media/CNX_ElemAlg_Figure_09_06_011a_img_new.jpg	image/jpeg	35404	da277ab66f1565eab2b6dbdffa2bc431b2fef47569fb242f463454e0867d062c	1
../../media/CNX_ElemAlg_Figure_09_06_012_img_new.jpg	media/CNX_ElemAlg_Figure_09_06_012_img_new.jpg	image/jpeg	20382	aba6379231fcb1699be6210a974d6a8066eacdeed8b15257d01e705fbce27c46	1
../../media/CNX_ElemAlg_Figure_09_06_013a_img_new.jpg	media/CNX_ElemAlg_Figure_09_06_013a_img_new.jpg	image/jpeg	28974	4ac17cb0b32e9ef854cdec89b5d05558e0a0afe826cb48f40e07eae6c850331c	1
../../media/CNX_ElemAlg_Figure_09_06_013b_img_new.jpg	media/CNX_ElemAlg_Figure_09_06_013b_img_new.jpg	image/jpeg	32295	62db686e641c56b03f287e897c1c8ec5bf4f770bb2ab6a561797c232175f7e78	1
../../media/CNX_ElemAlg_Figure_09_06_013c_img_new.jpg	media/CNX_ElemAlg_Figure_09_06_013c_img_new.jpg	image/jpeg	28390	f29aadaf5bcdc5fd038691cc91d65fad449074406e0a9d82e4d37fb975e5f35c	1
../../media/CNX_ElemAlg_Figure_09_06_013d_img_new.jpg	media/CNX_ElemAlg_Figure_09_06_013d_img_new.jpg	image/jpeg	26133	162f185c175d2872a0af505d290011a38e8865bc2e0a4e5063698dd8ee13f1aa	1
../../media/CNX_ElemAlg_Figure_09_06_014a_img_new.jpg	media/CNX_ElemAlg_Figure_09_06_014a_img_new.jpg	image/jpeg	20269	7f4bdc880b48055824a30f0b359bd69ee8b2d446493c0c3f862841b1aa7a49b9	1
../../media/CNX_ElemAlg_Figure_09_06_014b_img_new.jpg	media/CNX_ElemAlg_Figure_09_06_014b_img_new.jpg	image/jpeg	19890	b2efcbb0654cac0cc8683b391f90d05f5f4e3572b59b3c22d8a567073716417c	1
../../media/CNX_ElemAlg_Figure_09_06_014c_img_new.jpg	media/CNX_ElemAlg_Figure_09_06_014c_img_new.jpg	image/jpeg	18253	d4e89cec650f171d995ad86dca9c3832b6b4e1c003ff3f73031af6980480c64e	1
../../media/CNX_ElemAlg_Figure_09_06_014d_img_new.jpg	media/CNX_ElemAlg_Figure_09_06_014d_img_new.jpg	image/jpeg	19423	8a0c397c5f0b8baf51f6e1a622f554547cbc5aabc67675e3b65458eabfac62a7	1
../../media/CNX_ElemAlg_Figure_09_06_014e_img_new.jpg	media/CNX_ElemAlg_Figure_09_06_014e_img_new.jpg	image/jpeg	18539	2b0635faa22a20d2f9904af066f89f21f645b723a86b7686c9b0ffb567ca16ff	1
../../media/CNX_ElemAlg_Figure_09_06_015a_img_new.jpg	media/CNX_ElemAlg_Figure_09_06_015a_img_new.jpg	image/jpeg	33047	a2fd50be77460ccfba82c39032db5cb8a136963fdbf4e881c907628aa363f7e6	1
../../media/CNX_ElemAlg_Figure_09_06_015b_img_new.jpg	media/CNX_ElemAlg_Figure_09_06_015b_img_new.jpg	image/jpeg	27578	300319bf45a00bece85930a923fad26c23ba48d3b67124bfb7b5fad927859a63	1
../../media/CNX_ElemAlg_Figure_09_06_015c_img_new.jpg	media/CNX_ElemAlg_Figure_09_06_015c_img_new.jpg	image/jpeg	28002	939d55b592dfd4a2ffbfa7724b51131bf47b1132cba5db1baede878afbcfb873	1
../../media/CNX_ElemAlg_Figure_09_06_015d_img_new.jpg	media/CNX_ElemAlg_Figure_09_06_015d_img_new.jpg	image/jpeg	40109	d2ff6c97ac8ae6533de5d8276b26ffb29e5243957561321cc38c66a3dcf72a5b	1
../../media/CNX_ElemAlg_Figure_09_06_016a_img_new.jpg	media/CNX_ElemAlg_Figure_09_06_016a_img_new.jpg	image/jpeg	19350	8626c594580695d01f848e7676efcf062fd0bf02775af7111bc86c3ed4ce7c7c	1
../../media/CNX_ElemAlg_Figure_09_06_016b_img_new.jpg	media/CNX_ElemAlg_Figure_09_06_016b_img_new.jpg	image/jpeg	22024	bae34f25263fee9987d3ed4a9a2e8bdab3628ce0a42daa46cafbd60eb2142c2d	1
../../media/CNX_ElemAlg_Figure_09_06_016c_img_new.jpg	media/CNX_ElemAlg_Figure_09_06_016c_img_new.jpg	image/jpeg	19678	d91efe6c3ad4652ef0ba9fe70a6c7465a3f8d18fa0f5b21f96a8d08e71faa4fe	1
../../media/CNX_ElemAlg_Figure_09_06_016d_img_new.jpg	media/CNX_ElemAlg_Figure_09_06_016d_img_new.jpg	image/jpeg	18457	b17678fc4be42ab07b08c9c350609aeddcebeae5164f37270a4124fd4e773754	1
../../media/CNX_ElemAlg_Figure_09_06_017a_img_new.jpg	media/CNX_ElemAlg_Figure_09_06_017a_img_new.jpg	image/jpeg	20402	7e06509333a8dff451c51bfb6b27d84874385e278d4e8d9ad191cb04a6456edc	1
../../media/CNX_ElemAlg_Figure_09_06_017b_img_new.jpg	media/CNX_ElemAlg_Figure_09_06_017b_img_new.jpg	image/jpeg	22504	ec7bf494d168fe5caac9375fe32fb77cb95d18ad3b23494216959e1848cc1b76	1
../../media/CNX_ElemAlg_Figure_09_06_017c_img_new.jpg	media/CNX_ElemAlg_Figure_09_06_017c_img_new.jpg	image/jpeg	20443	4d988b7ffaa1a88f83c0845dc9122850e5b0aac6824d597bba624ea351fae29c	1
../../media/CNX_ElemAlg_Figure_09_06_017d_img_new.jpg	media/CNX_ElemAlg_Figure_09_06_017d_img_new.jpg	image/jpeg	18985	5a560bb6148099b4af2881861a41cd67fda6906c2b1026db8a5cf47bcb8e8c3e	1
../../media/CNX_ElemAlg_Figure_09_06_018_img_new.jpg	media/CNX_ElemAlg_Figure_09_06_018_img_new.jpg	image/jpeg	21807	db95a5840fe42ff034486d203f23148f9b32514b820a4205b8a0c903ccffa604	1
../../media/CNX_ElemAlg_Figure_09_06_201_img_new.jpg	media/CNX_ElemAlg_Figure_09_06_201_img_new.jpg	image/jpeg	44642	4f2028a6102637888b4829602635d683706d0d366273ea6d0f3f1fe5894f0fed	1
../../media/CNX_ElemAlg_Figure_09_07_001_img_new.jpg	media/CNX_ElemAlg_Figure_09_07_001_img_new.jpg	image/jpeg	103347	a208f4542abdb7f0b6b7d3153693065a603afc76b613e66ea9646f2979122a0e	1
../../media/CNX_ElemAlg_Figure_09_07_002_img_new.jpg	media/CNX_ElemAlg_Figure_09_07_002_img_new.jpg	image/jpeg	26624	50be16a2fb58a940bb53378df5b7fa2b4dc54f299bddfa12be08277b3d0ad9ae	1
../../media/CNX_ElemAlg_Figure_09_07_201_img_new.jpg	media/CNX_ElemAlg_Figure_09_07_201_img_new.jpg	image/jpeg	87937	74afa58c691803129c6296ec4e7765e0d99fa6fa2a988f8515b4601535e098b3	1
../../media/CNX_ElemAlg_Figure_09_08_001_img_new.jpg	media/CNX_ElemAlg_Figure_09_08_001_img_new.jpg	image/jpeg	63806	11d5e6cb6f62df429b224ea8ad917ee36aeeb4336b395b85b761d5d1c3ca97b2	1
../../media/CNX_ElemAlg_Figure_09_08_002_img_new.jpg	media/CNX_ElemAlg_Figure_09_08_002_img_new.jpg	image/jpeg	65042	f1a0b59f95ba7d0387be48622e708747eac4a748f6c041cc5e3653e85a5c1daf	1
../../media/CNX_ElemAlg_Figure_09_08_003_img_new.jpg	media/CNX_ElemAlg_Figure_09_08_003_img_new.jpg	image/jpeg	65569	7bf1ab67ad6a8a827365631f9571439af8c8bb2001a04757a53efba39605733e	1
../../media/CNX_ElemAlg_Figure_09_08_004_img_new.jpg	media/CNX_ElemAlg_Figure_09_08_004_img_new.jpg	image/jpeg	57689	81c7cb7706805155d8e0eb3628698e7415ce0d1b12d6fd3ed6096d6b4aa8627f	1
../../media/CNX_ElemAlg_Figure_09_08_005_img_new.jpg	media/CNX_ElemAlg_Figure_09_08_005_img_new.jpg	image/jpeg	57395	6005339ef254ff19e4c7155b4b652c35c88c48829965665b35e61c4e1c8b6e98	1
../../media/CNX_ElemAlg_Figure_09_08_006_img_new.jpg	media/CNX_ElemAlg_Figure_09_08_006_img_new.jpg	image/jpeg	59920	455f2e7c6d95bd3e8dc9670ab9d57262dd5573d8605c6475c26d727233cd25d9	1
../../media/CNX_ElemAlg_Figure_09_08_007_img_new.jpg	media/CNX_ElemAlg_Figure_09_08_007_img_new.jpg	image/jpeg	56296	7bf0cfd3ad83076cd93559f6f766f29a25483717b02ea27622b3d4d084a8bd7f	1
../../media/CNX_ElemAlg_Figure_09_08_008_img_new.jpg	media/CNX_ElemAlg_Figure_09_08_008_img_new.jpg	image/jpeg	56575	3e3b4b8b9feab6544e3913ededae495f7a2a8411850eb5335a59730f2e902e78	1
../../media/CNX_ElemAlg_Figure_09_08_010_img_new.jpg	media/CNX_ElemAlg_Figure_09_08_010_img_new.jpg	image/jpeg	61571	219542a0cb4c0e2c62d6ab88a3f7eb50ec3f846d9693e8755583bc080c0a3c47	1
../../media/CNX_ElemAlg_Figure_09_08_011_img_new.jpg	media/CNX_ElemAlg_Figure_09_08_011_img_new.jpg	image/jpeg	62258	011362b2e9bea07ed8e4ab2ffd4485bbb9e53365bb5136eda98d5dab36f688ad	1
../../media/CNX_ElemAlg_Figure_09_08_012_img_new.jpg	media/CNX_ElemAlg_Figure_09_08_012_img_new.jpg	image/jpeg	64084	a7438ec603e155f015fa727382e06a2b94b05ee82f3d57495fe7157522ff9a3c	1
../../media/CNX_ElemAlg_Figure_09_08_013_img_new.jpg	media/CNX_ElemAlg_Figure_09_08_013_img_new.jpg	image/jpeg	64042	6cfeba4b21d6a2134d77a9ccfb08084b2d4deee619b423d94a4499924b481c7d	1
../../media/CNX_ElemAlg_Figure_09_08_014_img_new.jpg	media/CNX_ElemAlg_Figure_09_08_014_img_new.jpg	image/jpeg	63666	a3f8e18e26bf80c06abebeb45ddf2d4b80aaa627b8d002aacac9ed2e39fdd48c	2
../../media/CNX_ElemAlg_Figure_09_08_015_img_new.jpg	media/CNX_ElemAlg_Figure_09_08_015_img_new.jpg	image/jpeg	63551	0f9227c354e0d79fdbbc8d78ea4f7121f875045fbf00e9f2aee400fda9cfd324	1
../../media/CNX_ElemAlg_Figure_10_00_001_img_new.jpg	media/CNX_ElemAlg_Figure_10_00_001_img_new.jpg	image/jpeg	570167	1d89c51aa6dcc0ff02ac175c4e28b33e6b320e64256d6fe60320ceee886a7c24	1
../../media/CNX_ElemAlg_Figure_10_01_001a_img_new.jpg	media/CNX_ElemAlg_Figure_10_01_001a_img_new.jpg	image/jpeg	34194	43409f2c7ff35f171a295f64ac54007d3f43c5076d5089cb4dc20af9109f505f	1
../../media/CNX_ElemAlg_Figure_10_01_001b_img_new.jpg	media/CNX_ElemAlg_Figure_10_01_001b_img_new.jpg	image/jpeg	26248	53678d92d36b48f01efbb700d7e96da0e436d0bdff08eb7b72a7bd09dfb9ba74	1
../../media/CNX_ElemAlg_Figure_10_01_001c_img_new.jpg	media/CNX_ElemAlg_Figure_10_01_001c_img_new.jpg	image/jpeg	29192	6ac7e55419fec73ea57a3ad212324bd37dedb25792aa718aeef2cfd6a0d19b98	1
../../media/CNX_ElemAlg_Figure_10_01_001d_img_new.jpg	media/CNX_ElemAlg_Figure_10_01_001d_img_new.jpg	image/jpeg	50933	fd54ec8504d1e3722ca2325ff31302cd0b99a09981d80860884f67ab11ccd20c	1
../../media/CNX_ElemAlg_Figure_10_01_002a_img_new.jpg	media/CNX_ElemAlg_Figure_10_01_002a_img_new.jpg	image/jpeg	29862	29277f96ec07de4e4d753631b2ab8e71e2e5218e9ae1e0c7b9ebe4159e47e121	1
../../media/CNX_ElemAlg_Figure_10_01_003a_img_new.jpg	media/CNX_ElemAlg_Figure_10_01_003a_img_new.jpg	image/jpeg	36825	e4a9bfe59c8b20df2b5dbf1c417738fe4663d523ebe2973aa7a0f07d98d4ad14	1
../../media/CNX_ElemAlg_Figure_10_01_004a_img_new.jpg	media/CNX_ElemAlg_Figure_10_01_004a_img_new.jpg	image/jpeg	23382	5a4a519e8af6c317dc669891b73d31a7abfa46d735b988ae3443b9dfe1c1161c	1
../../media/CNX_ElemAlg_Figure_10_01_005a_img_new.jpg	media/CNX_ElemAlg_Figure_10_01_005a_img_new.jpg	image/jpeg	31811	388f20c29759f45a6982244ca715af3adb1fe32fd34d15b5306dc004eed565f3	1
../../media/CNX_ElemAlg_Figure_10_01_006a_img_new.jpg	media/CNX_ElemAlg_Figure_10_01_006a_img_new.jpg	image/jpeg	47184	46d39a4e199e75565e3d744fcb1fd458116693a7b2fae7cd6eb23eb721c1f77d	1
../../media/CNX_ElemAlg_Figure_10_01_007_img_new.jpg	media/CNX_ElemAlg_Figure_10_01_007_img_new.jpg	image/jpeg	43987	0240bc18c6dfc65befe1977d41236eafeb573d0030cf083b76b3f5ed5ec11630	1
../../media/CNX_ElemAlg_Figure_10_01_008_img_new.jpg	media/CNX_ElemAlg_Figure_10_01_008_img_new.jpg	image/jpeg	43951	279603551a831257826472d0449e58c3ebf04d9f44023edec27c08de70067977	1
../../media/CNX_ElemAlg_Figure_10_01_201_img_new.jpg	media/CNX_ElemAlg_Figure_10_01_201_img_new.jpg	image/jpeg	62858	41a225350543dfd8c38718ba2634dc6d7abdb473eec9e49b7b2df3cad9206a8f	1
../../media/CNX_ElemAlg_Figure_10_02_001_img_new.jpg	media/CNX_ElemAlg_Figure_10_02_001_img_new.jpg	image/jpeg	55716	90d3568d3584c7af56fbae99028033c24c23609964d60aa7f64a77c932a163ae	1
../../media/CNX_ElemAlg_Figure_10_02_002_img_new.jpg	media/CNX_ElemAlg_Figure_10_02_002_img_new.jpg	image/jpeg	54627	66e0d56f01e314e304ac73c9386eb4ddef2ba23814f7bf2f02ea9b2b480a19b4	1
../../media/CNX_ElemAlg_Figure_10_02_003_img_new.jpg	media/CNX_ElemAlg_Figure_10_02_003_img_new.jpg	image/jpeg	59666	916ec8f83f1ce655bef57d23f67e439ac7561f42934fe6e5770d52c9c1e8bb53	1
../../media/CNX_ElemAlg_Figure_10_02_004_img_new.jpg	media/CNX_ElemAlg_Figure_10_02_004_img_new.jpg	image/jpeg	60455	636d7c885a73e5fa9e7795add222ac3ddb76c8ee215afca10a0db36a26cd61e2	1
../../media/CNX_ElemAlg_Figure_10_02_005a_img_new.jpg	media/CNX_ElemAlg_Figure_10_02_005a_img_new.jpg	image/jpeg	21419	ca1b0e8c3a55ec67747ee55e6ff6c9eb3d4894aefec11db172beac27b1cf6290	1
../../media/CNX_ElemAlg_Figure_10_02_006a_img_new.jpg	media/CNX_ElemAlg_Figure_10_02_006a_img_new.jpg	image/jpeg	26184	96feb431c026ca78b3aa24b87c85e0bdcec88245fb9a1f1fd2c5d14b9bd5a2c8	1
../../media/CNX_ElemAlg_Figure_10_02_007a_img_new.jpg	media/CNX_ElemAlg_Figure_10_02_007a_img_new.jpg	image/jpeg	27040	af58974a517636cc7309c2eac9fa24a7ed71dc1a3fe510e632b66cc0228f83d5	1
../../media/CNX_ElemAlg_Figure_10_02_008a_img_new.jpg	media/CNX_ElemAlg_Figure_10_02_008a_img_new.jpg	image/jpeg	29167	3b731d39f7144528e28a81d2ba1f6fb280764f8bbeea26fe768163fa17cdba8f	1
../../media/CNX_ElemAlg_Figure_10_02_009_img_new.jpg	media/CNX_ElemAlg_Figure_10_02_009_img_new.jpg	image/jpeg	23461	430781ad5a93ebf3942aed16c357215ea78ef6898dad8c008b1a7b0d1c3086ee	1
../../media/CNX_ElemAlg_Figure_10_02_010a_img_new.jpg	media/CNX_ElemAlg_Figure_10_02_010a_img_new.jpg	image/jpeg	36630	3ab72327ee881386c109962653fa1469f10ab57f9122024523bbbc40d44a4bf9	1
../../media/CNX_ElemAlg_Figure_10_02_010b_img_new.jpg	media/CNX_ElemAlg_Figure_10_02_010b_img_new.jpg	image/jpeg	47439	edc94eb35a3c3418fd8c6ebae56b7965c55c8149376cb8bd2e66a51717532cc8	1
../../media/CNX_ElemAlg_Figure_10_02_010c_img_new.jpg	media/CNX_ElemAlg_Figure_10_02_010c_img_new.jpg	image/jpeg	33154	197a21d216dc34abcf3b75e14209ff5f6dc4c1cf681bb517acca776a25294eff	1
../../media/CNX_ElemAlg_Figure_10_02_010d_img_new.jpg	media/CNX_ElemAlg_Figure_10_02_010d_img_new.jpg	image/jpeg	26171	3c59c3dc95b48f496e9b766e5ea6788f7e6d597f9824ccf11142f54894c4fcb7	1
../../media/CNX_ElemAlg_Figure_10_02_010e_img_new.jpg	media/CNX_ElemAlg_Figure_10_02_010e_img_new.jpg	image/jpeg	33076	ce9c8de919b569456273d04a3654cd200c1ae9d56c24869ca990d0ef7e2ad56e	1
../../media/CNX_ElemAlg_Figure_10_02_010f_img_new.jpg	media/CNX_ElemAlg_Figure_10_02_010f_img_new.jpg	image/jpeg	55468	8d8cd15919a81a63deb585c5a0e1a0d1367d23a6b9c757ef39d3fe50171d8cb7	1
../../media/CNX_ElemAlg_Figure_10_02_011a_img_new.jpg	media/CNX_ElemAlg_Figure_10_02_011a_img_new.jpg	image/jpeg	36066	e87cabbec20d067f4151d37becda81dc57b2a3c4eb77846e717c61c1f8158eea	1
../../media/CNX_ElemAlg_Figure_10_02_011b_img_new.jpg	media/CNX_ElemAlg_Figure_10_02_011b_img_new.jpg	image/jpeg	18986	3f0c532977e82bad151d93047a18c39d621803369e77484f640c299a66a29176	1
../../media/CNX_ElemAlg_Figure_10_02_011c_img_new.jpg	media/CNX_ElemAlg_Figure_10_02_011c_img_new.jpg	image/jpeg	22458	7051a38ef43229dc7a492f6dd0febdc979f3f4e01d20d45bfcb5fd7be410920b	1
../../media/CNX_ElemAlg_Figure_10_02_011d_img_new.jpg	media/CNX_ElemAlg_Figure_10_02_011d_img_new.jpg	image/jpeg	19067	d1871854aa446b88bb021f5f1643fe75e63d8aa8da41d57180c48b44f05a4bd4	1
../../media/CNX_ElemAlg_Figure_10_02_011e_img_new.jpg	media/CNX_ElemAlg_Figure_10_02_011e_img_new.jpg	image/jpeg	17185	5cd7e966ce533041b4c32cf92e88faf42eec696ca758d36be09956ca187b0c0a	1
../../media/CNX_ElemAlg_Figure_10_02_011f_img_new.jpg	media/CNX_ElemAlg_Figure_10_02_011f_img_new.jpg	image/jpeg	18228	97cfc577a6b1cda39ff3fa4fd1669ee02ba18c0102de959892f2c23420b57efb	1
../../media/CNX_ElemAlg_Figure_10_02_011g_img_new.jpg	media/CNX_ElemAlg_Figure_10_02_011g_img_new.jpg	image/jpeg	18108	8859d572ae01ee9a21cafaf6e4958da98a271461b578676e6f55d65031f29cce	1
../../media/CNX_ElemAlg_Figure_10_02_011h_img_new.jpg	media/CNX_ElemAlg_Figure_10_02_011h_img_new.jpg	image/jpeg	18290	54c1af22dfc7cad775bdaf8c70b87c7e4f298164527a139dcbf0fc2091b18c5d	1
../../media/CNX_ElemAlg_Figure_10_02_011i_img_new.jpg	media/CNX_ElemAlg_Figure_10_02_011i_img_new.jpg	image/jpeg	20500	2aa51a401b1b789fb61be0f2efa52a68f2c3ed76175f8177d1090a64540a9d03	1
../../media/CNX_ElemAlg_Figure_10_02_011j_img_new.jpg	media/CNX_ElemAlg_Figure_10_02_011j_img_new.jpg	image/jpeg	19870	0e4477d9638deb75c10272878c5eed3267bf27b31d17e6c650a19ac0ad99e3b8	1
../../media/CNX_ElemAlg_Figure_10_02_012a_img_new.jpg	media/CNX_ElemAlg_Figure_10_02_012a_img_new.jpg	image/jpeg	20389	6bb258a91a73d0268327bc3cf294cad8dc458bab3e5d4d8c91d92dedb454cec9	1
../../media/CNX_ElemAlg_Figure_10_02_012b_img_new.jpg	media/CNX_ElemAlg_Figure_10_02_012b_img_new.jpg	image/jpeg	23877	b8df342d0bc85bb1d617269da3f671a08e2dabefca7b754875b5548e01ad4917	1
../../media/CNX_ElemAlg_Figure_10_02_012c_img_new.jpg	media/CNX_ElemAlg_Figure_10_02_012c_img_new.jpg	image/jpeg	20631	f66a1df2b6d8201daf637fc7879f428fd4b7ff99088e05a49db6efcd539acebe	1
../../media/CNX_ElemAlg_Figure_10_02_012d_img_new.jpg	media/CNX_ElemAlg_Figure_10_02_012d_img_new.jpg	image/jpeg	18663	10cf50ad0b0bfc27a6f88ff94483230b2df95b1fb2b55fbd2450dd4f6e325722	1
../../media/CNX_ElemAlg_Figure_10_02_012e_img_new.jpg	media/CNX_ElemAlg_Figure_10_02_012e_img_new.jpg	image/jpeg	20158	aca21cecc685c2da4208383a56d3c929be0b0618ff8f5e1ad8205566643b4f27	1
../../media/CNX_ElemAlg_Figure_10_02_013a_img_new.jpg	media/CNX_ElemAlg_Figure_10_02_013a_img_new.jpg	image/jpeg	44383	8c59f5d8d9a3d7788ce08a73e6d2f1fd2f064e5d7739f08cf9a5040d65eacff0	1
../../media/CNX_ElemAlg_Figure_10_02_013b_img_new.jpg	media/CNX_ElemAlg_Figure_10_02_013b_img_new.jpg	image/jpeg	20941	550ca5cea1a3e2356e66e109c7d0a9658db10e12f01ab9fea4ee37e1deea54c7	1
../../media/CNX_ElemAlg_Figure_10_02_013c_img_new.jpg	media/CNX_ElemAlg_Figure_10_02_013c_img_new.jpg	image/jpeg	23958	fd023cfef4fce10294deb57a97d639fe8ee3ea923ada979d9dd99b5ba1caf6db	1
../../media/CNX_ElemAlg_Figure_10_02_013d_img_new.jpg	media/CNX_ElemAlg_Figure_10_02_013d_img_new.jpg	image/jpeg	22476	d9f98f55536181736d2d467e63f7cb38c0264e217d75f2636adaea371497ba55	1
../../media/CNX_ElemAlg_Figure_10_02_013e_img_new.jpg	media/CNX_ElemAlg_Figure_10_02_013e_img_new.jpg	image/jpeg	19523	7a182813b791247535781db1dc6854124a0c6c4e27bcf262f5aca60ce26352b8	1
../../media/CNX_ElemAlg_Figure_10_02_013f_img_new.jpg	media/CNX_ElemAlg_Figure_10_02_013f_img_new.jpg	image/jpeg	20560	1d067ecc48b5c518ddf6429ffec5687019b868329f5ea7fcbe5847a90e4dae98	1
../../media/CNX_ElemAlg_Figure_10_02_013g_img_new.jpg	media/CNX_ElemAlg_Figure_10_02_013g_img_new.jpg	image/jpeg	20800	f154758dc668e62248a20f81b9c2ee4cd2435f02d81df345eb29cfe5582607be	1
../../media/CNX_ElemAlg_Figure_10_02_013h_img_new.jpg	media/CNX_ElemAlg_Figure_10_02_013h_img_new.jpg	image/jpeg	21388	39ddee9b030d0bf1a1a240bd241071d95631f8d37e59c4550fe4bd9d19c335b0	1
../../media/CNX_ElemAlg_Figure_10_02_013i_img_new.jpg	media/CNX_ElemAlg_Figure_10_02_013i_img_new.jpg	image/jpeg	23572	b79ddc2e72ab377bc559b52334904afb196daa2226bfae9a007db7dec721bdfb	1
../../media/CNX_ElemAlg_Figure_10_02_014a_img_new.jpg	media/CNX_ElemAlg_Figure_10_02_014a_img_new.jpg	image/jpeg	38534	0f260f96e845c972c74af57cac024b7e81e977a62814f79fe76dd4ae6f253e2a	1
../../media/CNX_ElemAlg_Figure_10_02_014b_img_new.jpg	media/CNX_ElemAlg_Figure_10_02_014b_img_new.jpg	image/jpeg	21173	a9bdbfd5bb31dda3f4f6dbe3ff70d99f5bbff55f49f756ce66df615f9aba24aa	1
../../media/CNX_ElemAlg_Figure_10_02_014c_img_new.jpg	media/CNX_ElemAlg_Figure_10_02_014c_img_new.jpg	image/jpeg	20948	ea754504259fb1da032cc9b3ae14fb1f722d7a410aa34e368dbeecec6093ef19	1
../../media/CNX_ElemAlg_Figure_10_02_014d_img_new.jpg	media/CNX_ElemAlg_Figure_10_02_014d_img_new.jpg	image/jpeg	27433	068293c7dcc023aedb6542274392ee67746f32a8122fb34fdc514940aa8dbbeb	1
../../media/CNX_ElemAlg_Figure_10_02_014e_img_new.jpg	media/CNX_ElemAlg_Figure_10_02_014e_img_new.jpg	image/jpeg	25540	bcfe22c6d0e39e855035a3432c5e1b0f2a98bf0a6174fa3d77f21ce253d225c4	1
../../media/CNX_ElemAlg_Figure_10_02_014f_img_new.jpg	media/CNX_ElemAlg_Figure_10_02_014f_img_new.jpg	image/jpeg	22444	0a202758d5917ba80c90cfb1c2bb87cc4439c38c8de3add9414598efdae922b2	1
../../media/CNX_ElemAlg_Figure_10_02_014g_img_new.jpg	media/CNX_ElemAlg_Figure_10_02_014g_img_new.jpg	image/jpeg	23604	b523376b25420adcdd0cb2b5ccc04a66287436bcea493011cace3d2d672b1729	1
../../media/CNX_ElemAlg_Figure_10_02_014h_img_new.jpg	media/CNX_ElemAlg_Figure_10_02_014h_img_new.jpg	image/jpeg	24514	055eccbb8fadd1f0952b8d54fc3809869c56f3f7d133e1dde5508f2096e7655d	1
../../media/CNX_ElemAlg_Figure_10_02_014i_img_new.jpg	media/CNX_ElemAlg_Figure_10_02_014i_img_new.jpg	image/jpeg	22993	92113e90387fe4f45aff3af0d559b1f6171206b8d88b8f39ab6e65c6aa38ba59	1
../../media/CNX_ElemAlg_Figure_10_02_014j_img_new.jpg	media/CNX_ElemAlg_Figure_10_02_014j_img_new.jpg	image/jpeg	25083	a1295418210c55013f81e12cdae05347d73f0a27334edb13ea29d5dcf11b27da	1
../../media/CNX_ElemAlg_Figure_10_02_014k_img_new.jpg	media/CNX_ElemAlg_Figure_10_02_014k_img_new.jpg	image/jpeg	24196	cc33c87f6ad512b87b4c810e6921743777658d4a10ba6b427ad5d8dae01e23d5	1
../../media/CNX_ElemAlg_Figure_10_02_015a_img_new.jpg	media/CNX_ElemAlg_Figure_10_02_015a_img_new.jpg	image/jpeg	14427	49cc9b66fe58ab5822a6a51d5510fcc1f393626f0de14b5969eea3e68a734fe8	1
../../media/CNX_ElemAlg_Figure_10_02_015b_img_new.jpg	media/CNX_ElemAlg_Figure_10_02_015b_img_new.jpg	image/jpeg	15039	c8b67f6ca4e6e61e39325f05bcc33ffdc896e697e22aa836388f9128f2c4e97e	1
../../media/CNX_ElemAlg_Figure_10_02_015c_img_new.jpg	media/CNX_ElemAlg_Figure_10_02_015c_img_new.jpg	image/jpeg	20971	de8a905afd5ca200be15a51146320b56c3e0cc741c2795f9e67abeef3d28468b	1
../../media/CNX_ElemAlg_Figure_10_02_015d_img_new.jpg	media/CNX_ElemAlg_Figure_10_02_015d_img_new.jpg	image/jpeg	20804	d930a34734a75ce69cc314b639d9ea8127bc8430124f1b31680460697f7af587	1
../../media/CNX_ElemAlg_Figure_10_02_015e_img_new.jpg	media/CNX_ElemAlg_Figure_10_02_015e_img_new.jpg	image/jpeg	19925	d476b67114ffb52561167fae44eed318d40f6d16b652aed2de8b269af7c143e3	1
../../media/CNX_ElemAlg_Figure_10_02_015f_img_new.jpg	media/CNX_ElemAlg_Figure_10_02_015f_img_new.jpg	image/jpeg	19270	db7d90730ed3efd284315acc6699edf09e698c9c00d0db18948d64b37e75f9d4	1
../../media/CNX_ElemAlg_Figure_10_02_015g_img_new.jpg	media/CNX_ElemAlg_Figure_10_02_015g_img_new.jpg	image/jpeg	19217	1c2b36ef02f10e77a3e2b188a261f2865ecc2c4b67e8599ba20be79fcdeab0b3	1
../../media/CNX_ElemAlg_Figure_10_02_015h_img_new.jpg	media/CNX_ElemAlg_Figure_10_02_015h_img_new.jpg	image/jpeg	19530	0ad0763ed184d194df942f11c1ba2fb30462b9133c3ac7e30da0130a78ced02a	1
../../media/CNX_ElemAlg_Figure_10_02_015i_img_new.jpg	media/CNX_ElemAlg_Figure_10_02_015i_img_new.jpg	image/jpeg	22164	d6a9984b24af03dca9185ab9c8f1f8b2dee73744bebe5ce252bbdaa679286707	1
../../media/CNX_ElemAlg_Figure_10_02_015j_img_new.jpg	media/CNX_ElemAlg_Figure_10_02_015j_img_new.jpg	image/jpeg	23785	ec123b00654b1e0f5bb3514eb702faf236499d18d3e14e453dba8df783fd1bda	1
../../media/CNX_ElemAlg_Figure_10_02_016a_img_new.jpg	media/CNX_ElemAlg_Figure_10_02_016a_img_new.jpg	image/jpeg	17390	a230d48e0db78771e26fbbbf46f501b1dc16021c06e6f8697075e6ad4f90fa42	1
../../media/CNX_ElemAlg_Figure_10_02_016b_img_new.jpg	media/CNX_ElemAlg_Figure_10_02_016b_img_new.jpg	image/jpeg	16932	6330ffb75cfbfba6f0013a1502bc6aad02af6b28ddc5f0149da506d7b8e65251	1
../../media/CNX_ElemAlg_Figure_10_02_016c_img_new.jpg	media/CNX_ElemAlg_Figure_10_02_016c_img_new.jpg	image/jpeg	17003	2fd9dd6d855bdb9e045e05c77283c4706b147c7480dca6003b22a77bf63068b3	1
../../media/CNX_ElemAlg_Figure_10_02_016d_img_new.jpg	media/CNX_ElemAlg_Figure_10_02_016d_img_new.jpg	image/jpeg	23097	57fad5cde4330688eb716522a5bd35beed2b4d6298247186a50d641753916852	1
../../media/CNX_ElemAlg_Figure_10_02_016e_img_new.jpg	media/CNX_ElemAlg_Figure_10_02_016e_img_new.jpg	image/jpeg	19878	e51d4e1058f908685f20f379db8915529dee80b2be7369ee90a8cda926d3dbbd	1
../../media/CNX_ElemAlg_Figure_10_02_016f_img_new.jpg	media/CNX_ElemAlg_Figure_10_02_016f_img_new.jpg	image/jpeg	18212	3d6612f8f2c2b3dfd001633882c58964e9d5013787820e00e7790afb62b6dfd9	1
../../media/CNX_ElemAlg_Figure_10_02_016g_img_new.jpg	media/CNX_ElemAlg_Figure_10_02_016g_img_new.jpg	image/jpeg	19058	c731d8986f209f6ed8792fe446b84b7e26fa4c1cdc9414fa5536f0d31cb04e0e	1
../../media/CNX_ElemAlg_Figure_10_02_016h_img_new.jpg	media/CNX_ElemAlg_Figure_10_02_016h_img_new.jpg	image/jpeg	18088	9fcfceb214496eb1913f4350d5d1f8580351e457008782dcf3876770478e234f	1
../../media/CNX_ElemAlg_Figure_10_02_016i_img_new.jpg	media/CNX_ElemAlg_Figure_10_02_016i_img_new.jpg	image/jpeg	20461	844ed7000f0198bda77e6f81ffb20f4b335e586143070ac69b8fb610bb82e51e	1
../../media/CNX_ElemAlg_Figure_10_02_016j_img_new.jpg	media/CNX_ElemAlg_Figure_10_02_016j_img_new.jpg	image/jpeg	20315	b03110af329de1b30ddd58fc594ddd348b41e0bab816b8f4d446c4cc5b9c9df4	1
../../media/CNX_ElemAlg_Figure_10_02_017a_img_new.jpg	media/CNX_ElemAlg_Figure_10_02_017a_img_new.jpg	image/jpeg	35134	422a00f97bda9711152491b5cda1f5603fc8b063266b936deed0f405222d3263	1
../../media/CNX_ElemAlg_Figure_10_02_017b_img_new.jpg	media/CNX_ElemAlg_Figure_10_02_017b_img_new.jpg	image/jpeg	17764	b9e177eeee436c512ea9e166a50f5c32fbb5e67a981239c6784efb5b78dc858c	1
../../media/CNX_ElemAlg_Figure_10_02_017c_img_new.jpg	media/CNX_ElemAlg_Figure_10_02_017c_img_new.jpg	image/jpeg	18039	265dd1846235491cb8eeb9019694fff48cc5f5ba38a5715d4eb7fd2227cc442f	1
../../media/CNX_ElemAlg_Figure_10_02_017d_img_new.jpg	media/CNX_ElemAlg_Figure_10_02_017d_img_new.jpg	image/jpeg	20591	8213f9541968ffd4eed7523a69cef9f4143985208264a9db518fb55ff2337961	1
../../media/CNX_ElemAlg_Figure_10_02_017e_img_new.jpg	media/CNX_ElemAlg_Figure_10_02_017e_img_new.jpg	image/jpeg	18137	08ceaf0eba69062be658026aa95cd47bac5a5d8f6c98bd22e77baa33517a546c	1
../../media/CNX_ElemAlg_Figure_10_02_017f_img_new.jpg	media/CNX_ElemAlg_Figure_10_02_017f_img_new.jpg	image/jpeg	19230	c8d194c461c5ce866190ccebed134b6a9fd4b1e34a031aa8e06731bb2582834b	1
../../media/CNX_ElemAlg_Figure_10_02_017g_img_new.jpg	media/CNX_ElemAlg_Figure_10_02_017g_img_new.jpg	image/jpeg	24442	6100387f0b4ae2cf723cf1e278a2bf989e1cc300fcee2be4b75065ef8d0b6d1c	1
../../media/CNX_ElemAlg_Figure_10_02_017h_img_new.jpg	media/CNX_ElemAlg_Figure_10_02_017h_img_new.jpg	image/jpeg	21441	2fdef1e526ebbafc7d3e23e1a33d8fc9e83bbee058e4de7b22e7a8af93ba860d	1
../../media/CNX_ElemAlg_Figure_10_02_017i_img_new.jpg	media/CNX_ElemAlg_Figure_10_02_017i_img_new.jpg	image/jpeg	19319	b8375c0b423c42c9bc1d4c8e2f489ab062af35b4d7d394deed77f7dafb6d6cf7	1
../../media/CNX_ElemAlg_Figure_10_02_017j_img_new.jpg	media/CNX_ElemAlg_Figure_10_02_017j_img_new.jpg	image/jpeg	20301	2fc0153193ad395b625418c7c65bd546b656d52fac2f60e77b95e7b54ef0acd4	1
../../media/CNX_ElemAlg_Figure_10_02_017k_img_new.jpg	media/CNX_ElemAlg_Figure_10_02_017k_img_new.jpg	image/jpeg	20000	c2b9c1db1d2b7660abc32025a38b98ec74a2890ec43d327f5dcc1152529115b0	1
../../media/CNX_ElemAlg_Figure_10_02_017l_img_new.jpg	media/CNX_ElemAlg_Figure_10_02_017l_img_new.jpg	image/jpeg	22411	eb98267a3b6e880fe1ee42e088817433cc65a1f3eb2983adfe392459b84cdef9	1
../../media/CNX_ElemAlg_Figure_10_02_017m_img_new.jpg	media/CNX_ElemAlg_Figure_10_02_017m_img_new.jpg	image/jpeg	21615	d0cce31e1f62065077fa6e56e244203ca6796feb645b64b90fe6b6284c372edf	1
../../media/CNX_ElemAlg_Figure_10_02_018a_img_new.jpg	media/CNX_ElemAlg_Figure_10_02_018a_img_new.jpg	image/jpeg	17183	e259edc44f72502e8bf5a71bdfa65a1be0523867bec2497a90da97b07fae58e3	1
../../media/CNX_ElemAlg_Figure_10_02_018b_img_new.jpg	media/CNX_ElemAlg_Figure_10_02_018b_img_new.jpg	image/jpeg	19296	5043096a9b3515db0ce52e94cf99795a581e4c8a300a64a145882cd367239c2f	1
../../media/CNX_ElemAlg_Figure_10_02_018c_img_new.jpg	media/CNX_ElemAlg_Figure_10_02_018c_img_new.jpg	image/jpeg	18402	c3e7fbadefaf7b45419d160690d458ee695860a89b36d034c1cbca9a3ae19ea7	1
../../media/CNX_ElemAlg_Figure_10_02_018d_img_new.jpg	media/CNX_ElemAlg_Figure_10_02_018d_img_new.jpg	image/jpeg	25860	c2ce8cb998f5261f0ac67e85ab090111a5d27becf0bfaddc97d3a545f2cecc65	1
../../media/CNX_ElemAlg_Figure_10_02_018e_img_new.jpg	media/CNX_ElemAlg_Figure_10_02_018e_img_new.jpg	image/jpeg	25211	33371be39ed800899e8a29e93914a7405266af47464ab0e1469501bfc9cef55a	1
../../media/CNX_ElemAlg_Figure_10_02_018f_img_new.jpg	media/CNX_ElemAlg_Figure_10_02_018f_img_new.jpg	image/jpeg	22632	557007cb6f67896e81e9cb97b1a904a79ae0623169f04cd9b1dc42fe511b88b1	1
../../media/CNX_ElemAlg_Figure_10_02_018g_img_new.jpg	media/CNX_ElemAlg_Figure_10_02_018g_img_new.jpg	image/jpeg	21689	47ffa405e637fc3a05319e8e54ac4076d9a74fe5760a59e31fa0af9a6c5ec40b	1
../../media/CNX_ElemAlg_Figure_10_02_018h_img_new.jpg	media/CNX_ElemAlg_Figure_10_02_018h_img_new.jpg	image/jpeg	22217	78a9dc5bfcf8e9d89b957da0e893a665bf7cc069e9212f01af118ab0a337f663	1
../../media/CNX_ElemAlg_Figure_10_02_018i_img_new.jpg	media/CNX_ElemAlg_Figure_10_02_018i_img_new.jpg	image/jpeg	21484	8917218b3f05a7f92c2d2a40d8a63a089881896902aad0abfab8e2d6f51c3406	1
../../media/CNX_ElemAlg_Figure_10_02_018j_img_new.jpg	media/CNX_ElemAlg_Figure_10_02_018j_img_new.jpg	image/jpeg	21725	268ce4b1f102c7ad18c17afe7259820379e6369df8ac0a73cb64d184f0b9da97	1
../../media/CNX_ElemAlg_Figure_10_02_018k_img_new.jpg	media/CNX_ElemAlg_Figure_10_02_018k_img_new.jpg	image/jpeg	25157	6c75a63c433acf29bddc416addf3ea85ff830887c4c81466e7c9bd12348afb34	1
../../media/CNX_ElemAlg_Figure_10_02_018l_img_new.jpg	media/CNX_ElemAlg_Figure_10_02_018l_img_new.jpg	image/jpeg	22481	5dbac38cb3c4240d46ff506096515f2aeab330fbd07d9158da41d5cfc32f4278	1
../../media/CNX_ElemAlg_Figure_10_02_019a_img_new.jpg	media/CNX_ElemAlg_Figure_10_02_019a_img_new.jpg	image/jpeg	19845	854d3bbfaba88c65caf148216ff789f58f893b57909f444fd9a553aa0def3820	1
../../media/CNX_ElemAlg_Figure_10_02_019b_img_new.jpg	media/CNX_ElemAlg_Figure_10_02_019b_img_new.jpg	image/jpeg	21795	b86d03da64d60d85fbb6fe99b7e32456b4598034764c9b04a5e25ee0654bccb2	1
../../media/CNX_ElemAlg_Figure_10_02_019c_img_new.jpg	media/CNX_ElemAlg_Figure_10_02_019c_img_new.jpg	image/jpeg	21917	d6ce27f1c02d84f07514b78310b6b96ccd94e50c1c3272863e6db0b43818f70c	1
../../media/CNX_ElemAlg_Figure_10_02_019d_img_new.jpg	media/CNX_ElemAlg_Figure_10_02_019d_img_new.jpg	image/jpeg	27665	6259e4c44a5ef3ef597cfdcafab7edc64c3c3a487ca60f873ff8c90a2a5de944	1
../../media/CNX_ElemAlg_Figure_10_02_019e_img_new.jpg	media/CNX_ElemAlg_Figure_10_02_019e_img_new.jpg	image/jpeg	27414	4f631af8f9393a5e01d1ab6f737d481f10b5824387dc83dae6f3fea538293f33	1
../../media/CNX_ElemAlg_Figure_10_02_019f_img_new.jpg	media/CNX_ElemAlg_Figure_10_02_019f_img_new.jpg	image/jpeg	24992	a66cb3a7a53cbcd7e134d30767b8aecae0cfacfbee4cb5a32750c66988589ceb	1
../../media/CNX_ElemAlg_Figure_10_02_019g_img_new.jpg	media/CNX_ElemAlg_Figure_10_02_019g_img_new.jpg	image/jpeg	24970	c22ac997796c9500c5cd10f274488d11428e2033e7e246607b002a5166e388be	1
../../media/CNX_ElemAlg_Figure_10_02_019h_img_new.jpg	media/CNX_ElemAlg_Figure_10_02_019h_img_new.jpg	image/jpeg	24599	769a4673f627d4db00284be3ba435020bffe026221d82f94162db29dd54dd32d	1
../../media/CNX_ElemAlg_Figure_10_02_019i_img_new.jpg	media/CNX_ElemAlg_Figure_10_02_019i_img_new.jpg	image/jpeg	24775	83c2b43c62eadca9597b9aa2bb9d1afcc88247ff25df9428e6b11420918ba295	1
../../media/CNX_ElemAlg_Figure_10_02_019j_img_new.jpg	media/CNX_ElemAlg_Figure_10_02_019j_img_new.jpg	image/jpeg	29192	e6a20209e658d0dc2d0b4b7f1c0156ac3511988d6a0a4af143f5a77e37897867	1
../../media/CNX_ElemAlg_Figure_10_02_201_img_new.jpg	media/CNX_ElemAlg_Figure_10_02_201_img_new.jpg	image/jpeg	82563	4d7f2f86a55091a5670f2460ae93ca393492d5a57e5a91ad2409bd308b1f3a2c	1
../../media/CNX_ElemAlg_Figure_10_03_001a_img_new.jpg	media/CNX_ElemAlg_Figure_10_03_001a_img_new.jpg	image/jpeg	39350	03bab5157593ecf19731aec3bb9cb577ede57210a73d7ca2d0704c588d1e8cbc	1
../../media/CNX_ElemAlg_Figure_10_03_001b_img_new.jpg	media/CNX_ElemAlg_Figure_10_03_001b_img_new.jpg	image/jpeg	41947	bc86cf5c57ab8dc88817522849efa7ade99733d41f4c2fd3e5699d58f887009e	1
../../media/CNX_ElemAlg_Figure_10_03_001c_img_new.jpg	media/CNX_ElemAlg_Figure_10_03_001c_img_new.jpg	image/jpeg	49452	4f657d187ee2f50d71c321462d7886aa23002d577b6878a36193dad3a8cd42ec	1
../../media/CNX_ElemAlg_Figure_10_03_001d_img_new.jpg	media/CNX_ElemAlg_Figure_10_03_001d_img_new.jpg	image/jpeg	77902	510a6c6a0e3962450caf193da08479ca1e38297b8889f4f1f607eacc39f10102	1
../../media/CNX_ElemAlg_Figure_10_03_002a_img_new.jpg	media/CNX_ElemAlg_Figure_10_03_002a_img_new.jpg	image/jpeg	35712	0cbb3005fa6e315a7723c0162e314ecf635ce7bcc89732db7942662e89e852ab	1
../../media/CNX_ElemAlg_Figure_10_03_002b_img_new.jpg	media/CNX_ElemAlg_Figure_10_03_002b_img_new.jpg	image/jpeg	19521	e4c83801e155e869b70a59394171aaf5d61793247b5d349766773799d8207ac9	1
../../media/CNX_ElemAlg_Figure_10_03_002c_img_new.jpg	media/CNX_ElemAlg_Figure_10_03_002c_img_new.jpg	image/jpeg	24179	bd00f6a0b9546beec4cab7ac84333828f6d8349e60124ba66fc6461097aed2ff	1
../../media/CNX_ElemAlg_Figure_10_03_002d_img_new.jpg	media/CNX_ElemAlg_Figure_10_03_002d_img_new.jpg	image/jpeg	22944	365eb3c42e92e244ed0146e84749ce9ae1ea9a71a63c479c99a104148c28fdf5	1
../../media/CNX_ElemAlg_Figure_10_03_002e_img_new.jpg	media/CNX_ElemAlg_Figure_10_03_002e_img_new.jpg	image/jpeg	22468	fb9856031157b6722808a45a3e65949a48d9b492be793af05ec6081132a1bf31	1
../../media/CNX_ElemAlg_Figure_10_03_002f_img_new.jpg	media/CNX_ElemAlg_Figure_10_03_002f_img_new.jpg	image/jpeg	27494	58570e9eb2fc62322211c732daedd8e6bafc749b1931c4a7eb0acef16e2569db	1
../../media/CNX_ElemAlg_Figure_10_03_002g_img_new.jpg	media/CNX_ElemAlg_Figure_10_03_002g_img_new.jpg	image/jpeg	22983	1bc97a8707e23a32eb519480545908e138bceff8ef33f24c8f0565d63aaa8b72	1
../../media/CNX_ElemAlg_Figure_10_03_002h_img_new.jpg	media/CNX_ElemAlg_Figure_10_03_002h_img_new.jpg	image/jpeg	22593	4eac40b877ee71aa23a17d72962850ced10dfe1ae967b75078ad57a06136b257	1
../../media/CNX_ElemAlg_Figure_10_03_002i_img_new.jpg	media/CNX_ElemAlg_Figure_10_03_002i_img_new.jpg	image/jpeg	22825	8bcc95bcbd09a4fbfd9c11a0c8b37245a2984c49d43f0008fa81387669359234	1
../../media/CNX_ElemAlg_Figure_10_03_002j_img_new.jpg	media/CNX_ElemAlg_Figure_10_03_002j_img_new.jpg	image/jpeg	24932	9c89ad6fc317d9531c3b2bdd98f2ff04aa8fd0f9d506c0c9564fc959974364ef	1
../../media/CNX_ElemAlg_Figure_10_03_002k_img_new.jpg	media/CNX_ElemAlg_Figure_10_03_002k_img_new.jpg	image/jpeg	24936	595afb1f9793d7d6cbff2dd350e80e2f4a9a17a7565bffe4c4c27dd8a5a1abad	1
../../media/CNX_ElemAlg_Figure_10_03_002l_img_new.jpg	media/CNX_ElemAlg_Figure_10_03_002l_img_new.jpg	image/jpeg	23806	81f8b2ff145424d9d5ab7f43db2fe2840164d869aa731f51c9e6d24ac5ef25ea	1
../../media/CNX_ElemAlg_Figure_10_03_003a_img_new.jpg	media/CNX_ElemAlg_Figure_10_03_003a_img_new.jpg	image/jpeg	18727	a99e6be250088291fea50890dfd73d5bc403b33aae5812dda4a72f605f300d62	1
../../media/CNX_ElemAlg_Figure_10_03_003b_img_new.jpg	media/CNX_ElemAlg_Figure_10_03_003b_img_new.jpg	image/jpeg	23987	0385abd2eaa0de162bcc8be0e270025f8296e9dbef3b00ca449773a9a0414826	1
../../media/CNX_ElemAlg_Figure_10_03_003c_img_new.jpg	media/CNX_ElemAlg_Figure_10_03_003c_img_new.jpg	image/jpeg	21714	95555921a580ad0331f138d16ad7b7a7956675c6b870a6e5351e9b8c5812094f	1
../../media/CNX_ElemAlg_Figure_10_03_003d_img_new.jpg	media/CNX_ElemAlg_Figure_10_03_003d_img_new.jpg	image/jpeg	21564	d3314fe2b2b54b7ed4be25248e01458de723021ab880743785019a3c888d2098	1
../../media/CNX_ElemAlg_Figure_10_03_003e_img_new.jpg	media/CNX_ElemAlg_Figure_10_03_003e_img_new.jpg	image/jpeg	26553	301122bcbe84c2387a9aab90548abe0f89d6de9ec7922eb0f3ca9cdcc6927330	1
../../media/CNX_ElemAlg_Figure_10_03_003f_img_new.jpg	media/CNX_ElemAlg_Figure_10_03_003f_img_new.jpg	image/jpeg	21933	3773ccf9e5b598357d7ab487ff0b796141075343c4bf111746f1f49a2d69b639	1
../../media/CNX_ElemAlg_Figure_10_03_003g_img_new.jpg	media/CNX_ElemAlg_Figure_10_03_003g_img_new.jpg	image/jpeg	21750	34684ad9dbc036268846e6f4cb00ea4e1f80d11364ae85359ce10f568f91bd6d	1
../../media/CNX_ElemAlg_Figure_10_03_003h_img_new.jpg	media/CNX_ElemAlg_Figure_10_03_003h_img_new.jpg	image/jpeg	24543	d0f10934cf9da9ec047a91f2290bfd19275efc53b1d8fc11c0425ab8d2a6b158	1
../../media/CNX_ElemAlg_Figure_10_03_004a_img_new.jpg	media/CNX_ElemAlg_Figure_10_03_004a_img_new.jpg	image/jpeg	17967	444cbf4c42f247612123c83e7f3cd1cc415b38830e6e20656b576c4463ffa0ec	1
../../media/CNX_ElemAlg_Figure_10_03_004b_img_new.jpg	media/CNX_ElemAlg_Figure_10_03_004b_img_new.jpg	image/jpeg	23686	497cec608a55dfe2b63f1bb626759a41029bf2d1d51309edfef503f7e4613b4d	1
../../media/CNX_ElemAlg_Figure_10_03_004c_img_new.jpg	media/CNX_ElemAlg_Figure_10_03_004c_img_new.jpg	image/jpeg	21601	7c1234c8c95d19a681c8f3bea57086052999bffb52c4d3b9066e587c532febf8	1
../../media/CNX_ElemAlg_Figure_10_03_004d_img_new.jpg	media/CNX_ElemAlg_Figure_10_03_004d_img_new.jpg	image/jpeg	21053	8c14b0d3f3ff6421182cf386784af7a5a866d437d093e0593d7eade92f43125a	1
../../media/CNX_ElemAlg_Figure_10_03_004e_img_new.jpg	media/CNX_ElemAlg_Figure_10_03_004e_img_new.jpg	image/jpeg	25947	b8eb71f46c00a5e41012b7189746b66d0fc0fe7528ccc29174b4269788a299f1	1
../../media/CNX_ElemAlg_Figure_10_03_004f_img_new.jpg	media/CNX_ElemAlg_Figure_10_03_004f_img_new.jpg	image/jpeg	22387	d31e783570581e3a645fe1f3f299a9ea90ee5d6b83ba87fb28e7f0c489051872	1
../../media/CNX_ElemAlg_Figure_10_03_004g_img_new.jpg	media/CNX_ElemAlg_Figure_10_03_004g_img_new.jpg	image/jpeg	21805	38201401088e9bc9edd2fc33a6f919359718630132cfef72acee466ad0b314c1	1
../../media/CNX_ElemAlg_Figure_10_03_004h_img_new-fd81.jpg	media/CNX_ElemAlg_Figure_10_03_004h_img_new-fd81.jpg	image/jpeg	624695	20b456edb9adf1f1028396d6761886f0e4d241bda8e145b883d5ae77c9c7aaae	1
../../media/CNX_ElemAlg_Figure_10_03_004i_img_new-343c.jpg	media/CNX_ElemAlg_Figure_10_03_004i_img_new-343c.jpg	image/jpeg	587164	c7f675b32ce013a987d66e850b9bdfd7c602aaf61bcb7ee3869ab409c12474c2	1
../../media/CNX_ElemAlg_Figure_10_03_004j_img_new-0216.jpg	media/CNX_ElemAlg_Figure_10_03_004j_img_new-0216.jpg	image/jpeg	586592	0fda2ccc09287c01a965ae0499dc05c6e4ee5a4e57717a390d04e079dfabe347	1
../../media/CNX_ElemAlg_Figure_10_03_004k_img_new-c550.jpg	media/CNX_ElemAlg_Figure_10_03_004k_img_new-c550.jpg	image/jpeg	585325	fc63eb3a08a4a98e4275b87c838cffb429cf29b9ce17b25840babf9b692aee3a	1
../../media/CNX_ElemAlg_Figure_10_03_005a_img_new.jpg	media/CNX_ElemAlg_Figure_10_03_005a_img_new.jpg	image/jpeg	22952	1fd7944a8af6187dfaa48c892a51156944e3e3dd9e78076162f652d3cf2f03b0	1
../../media/CNX_ElemAlg_Figure_10_03_005b_img_new.jpg	media/CNX_ElemAlg_Figure_10_03_005b_img_new.jpg	image/jpeg	20447	1396bbb76a2528cae9193d5ce5df602376c2186da518a4a4fb3e8fb94814fdfe	1
../../media/CNX_ElemAlg_Figure_10_03_005c_img_new.jpg	media/CNX_ElemAlg_Figure_10_03_005c_img_new.jpg	image/jpeg	20465	840c4bf0d3f4b6db28774e93834c1ab57e3c7e4ff8f36d16b56e9d5da1551070	1
../../media/CNX_ElemAlg_Figure_10_03_005d_img_new.jpg	media/CNX_ElemAlg_Figure_10_03_005d_img_new.jpg	image/jpeg	25514	b972793805a13658ceb847878e46dbc7aab30171cdeaf236ed90dd725c906f6a	1
../../media/CNX_ElemAlg_Figure_10_03_005e_img_new.jpg	media/CNX_ElemAlg_Figure_10_03_005e_img_new.jpg	image/jpeg	21085	9dd65a7e367b22343e47c87c5ddc41bb26ef7d60083380ed28114d907cb46ddb	1
../../media/CNX_ElemAlg_Figure_10_03_005f_img_new.jpg	media/CNX_ElemAlg_Figure_10_03_005f_img_new.jpg	image/jpeg	21278	a72414c8a957d9ae1534f17daa610f463202ebe1ddf76baff89b075fddc55865	1
../../media/CNX_ElemAlg_Figure_10_03_006a_img_new.jpg	media/CNX_ElemAlg_Figure_10_03_006a_img_new.jpg	image/jpeg	11133	2c925b577bffefd0101cef8de6b5603f976931b33cea37c1dfb413274425b3f1	1
../../media/CNX_ElemAlg_Figure_10_03_006b_img_new.jpg	media/CNX_ElemAlg_Figure_10_03_006b_img_new.jpg	image/jpeg	10290	67c20c837f31f89a3efc687acee8da48ebddd30f7156f6233239d7a7bf003a3d	1
../../media/CNX_ElemAlg_Figure_10_03_006c_img_new.jpg	media/CNX_ElemAlg_Figure_10_03_006c_img_new.jpg	image/jpeg	15006	78c15a66e5735e9b32e5c2c84ea9e63adf997f3b39b85aa1a4b01a873ac31c39	1
../../media/CNX_ElemAlg_Figure_10_03_006d_img_new.jpg	media/CNX_ElemAlg_Figure_10_03_006d_img_new.jpg	image/jpeg	11520	a3ed92dbc262793df39d4463594d7eff96b31f1fe9c019cc28955d2844986a73	1
../../media/CNX_ElemAlg_Figure_10_03_006e_img_new.jpg	media/CNX_ElemAlg_Figure_10_03_006e_img_new.jpg	image/jpeg	11333	99fb80e2da8c960bb1a8a58e875accc856a37ed9008f4c15db620e49c1be20f2	1
../../media/CNX_ElemAlg_Figure_10_03_006f_img_new.jpg	media/CNX_ElemAlg_Figure_10_03_006f_img_new.jpg	image/jpeg	15947	f13a39883676966e6d95010411e019285df27d1fe54280bd6defee51abeccffb	1
../../media/CNX_ElemAlg_Figure_10_03_006g_img_new.jpg	media/CNX_ElemAlg_Figure_10_03_006g_img_new.jpg	image/jpeg	11082	79f21b7a7523ab96e3ab89b78ac2f21cbd6d6c36391cf08fa0e31dbd22a42cf5	1
../../media/CNX_ElemAlg_Figure_10_03_006h_img_new.jpg	media/CNX_ElemAlg_Figure_10_03_006h_img_new.jpg	image/jpeg	10653	0b97a6bb521c0224136d162bd83c1549d509c54db43eb8e709de1a0aa4029c20	1
../../media/CNX_ElemAlg_Figure_10_03_006i_img_new.jpg	media/CNX_ElemAlg_Figure_10_03_006i_img_new.jpg	image/jpeg	10685	93b714047d9a21aee9489ce33fe53b7c68316da50b0bdae09d07dbfdb0750a8a	1
../../media/CNX_ElemAlg_Figure_10_03_006j_img_new-f9bc.jpg	media/CNX_ElemAlg_Figure_10_03_006j_img_new-f9bc.jpg	image/jpeg	579380	7beaa2afb2d5857cb36fc1e9c5bce4932d25075777cb9dd35495f2d5169bb543	1
../../media/CNX_ElemAlg_Figure_10_03_006k_img_new-0e50.jpg	media/CNX_ElemAlg_Figure_10_03_006k_img_new-0e50.jpg	image/jpeg	577033	f585f4585b9d2e2774d06859fb0cc70b0da7aee3ae322c098fb6abf27c57b630	1
../../media/CNX_ElemAlg_Figure_10_03_006l_img_new-5d8a.jpg	media/CNX_ElemAlg_Figure_10_03_006l_img_new-5d8a.jpg	image/jpeg	577510	0975d43490aa9b9aa20951592c71629e49fc03cc84a4ea05cd7c9439115b046e	1
../../media/CNX_ElemAlg_Figure_10_03_007a_img_new.jpg	media/CNX_ElemAlg_Figure_10_03_007a_img_new.jpg	image/jpeg	12512	02eb272b2f6aa4c5de8f353e4f29390e333b5e263ef49e917c787d9e162b0999	1
../../media/CNX_ElemAlg_Figure_10_03_007b_img_new.jpg	media/CNX_ElemAlg_Figure_10_03_007b_img_new.jpg	image/jpeg	13617	64a157cec98d88e906d2f257bfb988ccebc2244f757b0f283a70d8f61b1830f2	1
../../media/CNX_ElemAlg_Figure_10_03_007c_img_new.jpg	media/CNX_ElemAlg_Figure_10_03_007c_img_new.jpg	image/jpeg	10770	4104752a884a8f904fe0fb82de2aa84ba750cbaaaefb8804fc0677af1380d29f	1
../../media/CNX_ElemAlg_Figure_10_03_007d_img_new.jpg	media/CNX_ElemAlg_Figure_10_03_007d_img_new.jpg	image/jpeg	15323	7e1a63f077af1620768d6d39855ea8f663577599f38bc713f3cb84a8fa9067a3	1
../../media/CNX_ElemAlg_Figure_10_03_007e_img_new.jpg	media/CNX_ElemAlg_Figure_10_03_007e_img_new.jpg	image/jpeg	12720	79e5e80f5f6583f440ad9b524ef7437286a3e1a75f020debcfb9c1a3730c8540	1
../../media/CNX_ElemAlg_Figure_10_03_007f_img_new.jpg	media/CNX_ElemAlg_Figure_10_03_007f_img_new.jpg	image/jpeg	12046	ff95a8ab9a04266c215d1736b9fcbba0670c1935f363475cc66ab6175f2017fa	1
../../media/CNX_ElemAlg_Figure_10_03_007g_img_new.jpg	media/CNX_ElemAlg_Figure_10_03_007g_img_new.jpg	image/jpeg	16831	10ef0345ab577741e23f6018a45914dedd28f641d7040a445f88f4c63bbb8024	1
../../media/CNX_ElemAlg_Figure_10_03_007h_img_new.jpg	media/CNX_ElemAlg_Figure_10_03_007h_img_new.jpg	image/jpeg	11930	e0529c566369f48ea967fd136be084c496c6e06992ac92417cee306ee892aac8	1
../../media/CNX_ElemAlg_Figure_10_03_007i_img_new.jpg	media/CNX_ElemAlg_Figure_10_03_007i_img_new.jpg	image/jpeg	11029	8730659073a6737c5d9fc419d51179af4bdb9d89578cfd08159abe78bce7edbb	1
../../media/CNX_ElemAlg_Figure_10_03_007j_img_new.jpg	media/CNX_ElemAlg_Figure_10_03_007j_img_new.jpg	image/jpeg	11391	c709caf50130a9936047a081c87ae96f68a7419e40655e112027d9272062e2a9	1
../../media/CNX_ElemAlg_Figure_10_03_007k_img_new.jpg	media/CNX_ElemAlg_Figure_10_03_007k_img_new.jpg	image/jpeg	12126	d2f23d18a4d9b52844fa14db48102669800d37c18f05ce954dfd72a0e66c93f0	1
../../media/CNX_ElemAlg_Figure_10_03_007l_img_new.jpg	media/CNX_ElemAlg_Figure_10_03_007l_img_new.jpg	image/jpeg	10926	8abdfd961f37ac9f9bfcfb73ff901cd6956014434e94d76df750d045412e3d12	1
../../media/CNX_ElemAlg_Figure_10_03_007m_img_new.jpg	media/CNX_ElemAlg_Figure_10_03_007m_img_new.jpg	image/jpeg	578031	73f5d90b1e37655139b87730b55d84d00b0291c5790160c28445909cdf668351	1
../../media/CNX_ElemAlg_Figure_10_03_008a_img_new.jpg	media/CNX_ElemAlg_Figure_10_03_008a_img_new.jpg	image/jpeg	25427	897ea9ce1d13cd660ec43a32e91139f5dc577dddb14c38dbb441f86c9540db80	1
../../media/CNX_ElemAlg_Figure_10_03_008b_img_new.jpg	media/CNX_ElemAlg_Figure_10_03_008b_img_new.jpg	image/jpeg	31181	a9b23fda4b5baa4648072751acfbedba520496a16599d10a0ef38feb5464c8b7	1
../../media/CNX_ElemAlg_Figure_10_03_008c_img_new.jpg	media/CNX_ElemAlg_Figure_10_03_008c_img_new.jpg	image/jpeg	28929	70ebf2985ebbe74164fbb12a846cbcf301705689c1f04d9629e2a5edf62c8664	1
../../media/CNX_ElemAlg_Figure_10_03_008d_img_new.jpg	media/CNX_ElemAlg_Figure_10_03_008d_img_new.jpg	image/jpeg	28124	d2cbdc4fb8852da4b6ca386c29877ebd56a16ddb6e12aebb4fd18cbc136a1e00	1
../../media/CNX_ElemAlg_Figure_10_03_008e_img_new.jpg	media/CNX_ElemAlg_Figure_10_03_008e_img_new.jpg	image/jpeg	34230	47a675d7774cfa7b3fed6c9550203a3be7e48274ae78b833a468381d2e3969b4	1
../../media/CNX_ElemAlg_Figure_10_03_008f_img_new.jpg	media/CNX_ElemAlg_Figure_10_03_008f_img_new.jpg	image/jpeg	29266	88f167dbeebc14f279eb4e55059af4231951f127bbe24a8772cc75a8dd4c3081	1
../../media/CNX_ElemAlg_Figure_10_03_008g_img_new.jpg	media/CNX_ElemAlg_Figure_10_03_008g_img_new.jpg	image/jpeg	28368	8e370524f72b9cc46bf6bd549bdc1fc42344f58ab9194fb72fe2f0ecada71acd	1
../../media/CNX_ElemAlg_Figure_10_03_008h_img_new.jpg	media/CNX_ElemAlg_Figure_10_03_008h_img_new.jpg	image/jpeg	27958	72f8dcce15b90919dae3f961159a102ce3614d1c5613d69d0571ca91d4be00d0	1
../../media/CNX_ElemAlg_Figure_10_03_008i_img_new.jpg	media/CNX_ElemAlg_Figure_10_03_008i_img_new.jpg	image/jpeg	28060	a54e347227c4c986be5c3c6ca44924ea390b99252081c87952d0e83d2ab13158	1
../../media/CNX_ElemAlg_Figure_10_03_201_img_new.jpg	media/CNX_ElemAlg_Figure_10_03_201_img_new.jpg	image/jpeg	82805	7d698de01e874ae755a0fbf42b6a9df5d2494d0e31c42e192026ec4a437361ed	1
../../media/CNX_ElemAlg_Figure_10_04_001a_img_new.jpg	media/CNX_ElemAlg_Figure_10_04_001a_img_new.jpg	image/jpeg	26488	1c76da9a98ee189e21f9114d7c2e7f070f31d567240ed1b5c1037da3e222af91	1
../../media/CNX_ElemAlg_Figure_10_04_001b_img_new.jpg	media/CNX_ElemAlg_Figure_10_04_001b_img_new.jpg	image/jpeg	26476	fdf52e0f953f7acf4e6d94860eceec0af665a53c5fc0a696c46e7bcff22bfd0e	1
../../media/CNX_ElemAlg_Figure_10_04_001d_img_new.jpg	media/CNX_ElemAlg_Figure_10_04_001d_img_new.jpg	image/jpeg	32248	12934dd5ab087b8ff3fcba7a434b7ce080db69316c1ec5d2868252ad1e17cce1	1
../../media/CNX_ElemAlg_Figure_10_04_001e_img_new.jpg	media/CNX_ElemAlg_Figure_10_04_001e_img_new.jpg	image/jpeg	30632	2116f5235cf8e294a92bb3e380be349da0c060bdbef061c0318e131e2b2721d7	1
../../media/CNX_ElemAlg_Figure_10_04_001f_img_new.jpg	media/CNX_ElemAlg_Figure_10_04_001f_img_new.jpg	image/jpeg	29923	68d3425f23609eb33387fc717962082aab4c7a07a6c19ebf81ce47cf05a9dff7	1
../../media/CNX_ElemAlg_Figure_10_04_001g_img_new.jpg	media/CNX_ElemAlg_Figure_10_04_001g_img_new.jpg	image/jpeg	33538	49ec6a29c889bfedcb25930fe2def52447cc3a4dc2c4e130986ea5c3c9ea9502	1
../../media/CNX_ElemAlg_Figure_10_04_001h_img_new.jpg	media/CNX_ElemAlg_Figure_10_04_001h_img_new.jpg	image/jpeg	31059	17552350d193f10c405b5f55fbc0cf568b6740382e2d5cf2843667baafbd2dd0	1
../../media/CNX_ElemAlg_Figure_10_04_001i_img_new.jpg	media/CNX_ElemAlg_Figure_10_04_001i_img_new.jpg	image/jpeg	31460	0121442c50e536bcdf0747ec69150137cabcf6ce3f3bc20372af83229f4bfc37	1
../../media/CNX_ElemAlg_Figure_10_04_001j_img_new.jpg	media/CNX_ElemAlg_Figure_10_04_001j_img_new.jpg	image/jpeg	26878	05060bce8d3d212dd87f7612f56e3a41032a884981372b6ca09605e33e5098fb	1
../../media/CNX_ElemAlg_Figure_10_04_001k_img_new.jpg	media/CNX_ElemAlg_Figure_10_04_001k_img_new.jpg	image/jpeg	29529	3835a979fc59a88c517e5c914a883022788a08a0942bf434c357350dbb731ba8	1
../../media/CNX_ElemAlg_Figure_10_04_001l_img_new.jpg	media/CNX_ElemAlg_Figure_10_04_001l_img_new.jpg	image/jpeg	28624	9a39fae8a27d00a27fa4a1da720607eea4bddd31a288617082aa9ae2df781bf5	1
../../media/CNX_ElemAlg_Figure_10_04_001m_img_new.jpg	media/CNX_ElemAlg_Figure_10_04_001m_img_new.jpg	image/jpeg	27762	949aca1f95e0642d9ed3513c771ba686e9e870a0ac1e132c8786ef8e40b2e7eb	1
../../media/CNX_ElemAlg_Figure_10_04_002_img_new.jpg	media/CNX_ElemAlg_Figure_10_04_002_img_new.jpg	image/jpeg	17946	cba8c2bf093855d8477ace5bdf17b72768ed1f8351e5093af1e06dfdb315d319	1
../../media/CNX_ElemAlg_Figure_10_04_003a_img_new.jpg	media/CNX_ElemAlg_Figure_10_04_003a_img_new.jpg	image/jpeg	18691	39c234e4192b51bd5989a9fcac4276b487b39ce386c82883430ad07c92a0bc57	1
../../media/CNX_ElemAlg_Figure_10_04_003b_img_new.jpg	media/CNX_ElemAlg_Figure_10_04_003b_img_new.jpg	image/jpeg	10464	b6a72fb2b5af61750b9dd5b356d9172b463c209b283c5a64ba6cbf0b12d24f81	1
../../media/CNX_ElemAlg_Figure_10_04_003c_img_new.jpg	media/CNX_ElemAlg_Figure_10_04_003c_img_new.jpg	image/jpeg	12606	329ef50be1c5bf4e55b52ff4ef3574a61abff9b5c00e125544f586122842837e	1
../../media/CNX_ElemAlg_Figure_10_04_003d_img_new.jpg	media/CNX_ElemAlg_Figure_10_04_003d_img_new.jpg	image/jpeg	11787	d5c20df5e640a4d7fd8eb034246119fecda30721e067198ffd44f235f434b193	1
../../media/CNX_ElemAlg_Figure_10_04_003e_img_new.jpg	media/CNX_ElemAlg_Figure_10_04_003e_img_new.jpg	image/jpeg	16026	76f6034a72ebbbec6a0093513269f4c22330686be14a7904715396971ba14c78	1
../../media/CNX_ElemAlg_Figure_10_04_003f_img_new.jpg	media/CNX_ElemAlg_Figure_10_04_003f_img_new.jpg	image/jpeg	13107	330b89e3ec3bd001291845b57c8ff60774bc47f17f3088483d740f080bdb7d1c	1
../../media/CNX_ElemAlg_Figure_10_04_003g_img_new.jpg	media/CNX_ElemAlg_Figure_10_04_003g_img_new.jpg	image/jpeg	11545	5b30a204d8b69c9730cd27456124d4a8b045daa89bc5c24075d866e9cb37b91c	1
../../media/CNX_ElemAlg_Figure_10_04_003h_img_new.jpg	media/CNX_ElemAlg_Figure_10_04_003h_img_new.jpg	image/jpeg	16081	f0e3e901b48306a6b7b7c12ed446f0240196146b7cc5716355fd02b119892bcf	1
../../media/CNX_ElemAlg_Figure_10_04_003i_img_new.jpg	media/CNX_ElemAlg_Figure_10_04_003i_img_new.jpg	image/jpeg	11541	be3fadb0af92266833c304fa83d9cb70904f6523336793cd5058397580b93c11	1
../../media/CNX_ElemAlg_Figure_10_04_003j_img_new.jpg	media/CNX_ElemAlg_Figure_10_04_003j_img_new.jpg	image/jpeg	10884	7077d5e7d50f031e3a53bcd9a74b4dae72efe3316dae28acd20e1df15eaac90a	1
../../media/CNX_ElemAlg_Figure_10_04_003k_img_new.jpg	media/CNX_ElemAlg_Figure_10_04_003k_img_new.jpg	image/jpeg	10134	69c030f714ae0035cf8604dbfbd2c28230451bce4b5be71e5c138c0d6e9cf594	1
../../media/CNX_ElemAlg_Figure_10_04_003l_img_new.jpg	media/CNX_ElemAlg_Figure_10_04_003l_img_new.jpg	image/jpeg	12673	7515568a9e0f93567b488a9022ced950dc6b0fa84231ea26cf4bf61db455f09d	1
../../media/CNX_ElemAlg_Figure_10_04_003m_img_new.jpg	media/CNX_ElemAlg_Figure_10_04_003m_img_new.jpg	image/jpeg	11831	c89316ea8a07d3c3e8910d317c0f8d8143e57a196ddb3b92ea369a2a6c58c59c	1
../../media/CNX_ElemAlg_Figure_10_04_003n_img_new.jpg	media/CNX_ElemAlg_Figure_10_04_003n_img_new.jpg	image/jpeg	10464	48a55d147e62b3f5829c37bef8c851ed8f83050acab11c7d8bdb769a9788e281	1
../../media/CNX_ElemAlg_Figure_10_04_004_img_new.jpg	media/CNX_ElemAlg_Figure_10_04_004_img_new.jpg	image/jpeg	18503	e27624ed43e7aead8f2391ea425053eb1f65b0e0d936e9634c511659cff735cf	1
../../media/CNX_ElemAlg_Figure_10_04_005a_img_new.jpg	media/CNX_ElemAlg_Figure_10_04_005a_img_new.jpg	image/jpeg	28706	5304de151308ac84b5146f60663ad38cd3682b55a960967c883330d0a06a3180	1
../../media/CNX_ElemAlg_Figure_10_04_005b_img_new.jpg	media/CNX_ElemAlg_Figure_10_04_005b_img_new.jpg	image/jpeg	27685	2352e3f8a6391a5b15c48a435f25582ce026f11c9762f3b6d26060fd6f3c1b60	1
../../media/CNX_ElemAlg_Figure_10_04_006a_img_new.jpg	media/CNX_ElemAlg_Figure_10_04_006a_img_new.jpg	image/jpeg	14300	6e45ace259a3c425652178f26d500f0bd055cd3d3f483afed123c87015492106	1
../../media/CNX_ElemAlg_Figure_10_04_006b_img_new.jpg	media/CNX_ElemAlg_Figure_10_04_006b_img_new.jpg	image/jpeg	9400	16570f311b126fc207198b8aa523062c505cb769037a14496cb67d7c19741512	1
../../media/CNX_ElemAlg_Figure_10_04_006c_img_new.jpg	media/CNX_ElemAlg_Figure_10_04_006c_img_new.jpg	image/jpeg	10150	99bbab1115d9d37ffcb21c15174415356a5cd2ca67385fa67383d1803de3f52e	1
../../media/CNX_ElemAlg_Figure_10_04_006d_img_new.jpg	media/CNX_ElemAlg_Figure_10_04_006d_img_new.jpg	image/jpeg	9656	9eab339c6ffc8f15f865583510e26a66308cfd9c98550087c7a7cb9f07c74043	1
../../media/CNX_ElemAlg_Figure_10_04_006e_img_new.jpg	media/CNX_ElemAlg_Figure_10_04_006e_img_new.jpg	image/jpeg	16383	582fef1cb6ebba9f2543adf6985cb23473dc727beb1c5e0e33c0b1b4d13085dd	1
../../media/CNX_ElemAlg_Figure_10_04_006f_img_new.jpg	media/CNX_ElemAlg_Figure_10_04_006f_img_new.jpg	image/jpeg	12157	756c1dc3de55b79709f21f365d9d9b1772833101b5a02eecd2d483df84634322	1
../../media/CNX_ElemAlg_Figure_10_04_006g_img_new.jpg	media/CNX_ElemAlg_Figure_10_04_006g_img_new.jpg	image/jpeg	11452	bcbe585d0d8072eb4a20f8d802e8dbb3f9082b182461cbaa37e12683001eee07	1
../../media/CNX_ElemAlg_Figure_10_04_006h_img_new.jpg	media/CNX_ElemAlg_Figure_10_04_006h_img_new.jpg	image/jpeg	16256	c7222573c574ca47c98d6485b6cec723b574942d48bd536ea6ce74e1f5162b15	1
../../media/CNX_ElemAlg_Figure_10_04_006i_img_new.jpg	media/CNX_ElemAlg_Figure_10_04_006i_img_new.jpg	image/jpeg	11857	bddad49153900c5ed83c40de84a8770e89ef68949ec16e37da50005230546a59	1
../../media/CNX_ElemAlg_Figure_10_04_006j_img_new.jpg	media/CNX_ElemAlg_Figure_10_04_006j_img_new.jpg	image/jpeg	10995	5bd4ce16435a99f500d9c9675f583bdddc44a1044a63284c940dd163cc2d0b09	1
../../media/CNX_ElemAlg_Figure_10_04_006k_img_new.jpg	media/CNX_ElemAlg_Figure_10_04_006k_img_new.jpg	image/jpeg	13713	f028ac6fc70838f61f4ce1799e08104c5357da317b52c3eb74e36c8d1ee9d6d4	1
../../media/CNX_ElemAlg_Figure_10_04_006m_img_new.jpg	media/CNX_ElemAlg_Figure_10_04_006m_img_new.jpg	image/jpeg	35602	0defe6471c7d8ed7504db2d4c6d85b791d6a41d97db22b1cfad3c215c0b6bd71	1
../../media/CNX_ElemAlg_Figure_10_04_007b_img_new.jpg	media/CNX_ElemAlg_Figure_10_04_007b_img_new.jpg	image/jpeg	21957	e9ef57fc83d1d13d3bec845d14bbc3541c9d78541340e7eba47c2fedfeb01a61	1
../../media/CNX_ElemAlg_Figure_10_04_007c_img_new.jpg	media/CNX_ElemAlg_Figure_10_04_007c_img_new.jpg	image/jpeg	21358	1396590b0ddc7e0c7e04b8eaf8e3d5df7dd51a933b281519f2192ace7e121537	1
../../media/CNX_ElemAlg_Figure_10_04_007d_img_new.jpg	media/CNX_ElemAlg_Figure_10_04_007d_img_new.jpg	image/jpeg	25545	b32e0e962495f41ac9df1f9d69cf4264f8658e54c6000cc5eaa8ec398ce54426	1
../../media/CNX_ElemAlg_Figure_10_04_007e_img_new.jpg	media/CNX_ElemAlg_Figure_10_04_007e_img_new.jpg	image/jpeg	23993	697bbf6308c50cd26d948cc7a0f3fa1c93db027eeba392f64285f71785ecb95a	1
../../media/CNX_ElemAlg_Figure_10_04_007f_img_new.jpg	media/CNX_ElemAlg_Figure_10_04_007f_img_new.jpg	image/jpeg	31348	389eec6fc67a31a1b8237a5adb0637f2d55c3171b4775ab48ec2f7857fb04744	1
../../media/CNX_ElemAlg_Figure_10_04_007g_img_new.jpg	media/CNX_ElemAlg_Figure_10_04_007g_img_new.jpg	image/jpeg	26449	4a074a1692958709f0ee04ddbfa3e7468aa3bdc18f46db46f8e74542a6b0efae	1
../../media/CNX_ElemAlg_Figure_10_04_007h_img_new.jpg	media/CNX_ElemAlg_Figure_10_04_007h_img_new.jpg	image/jpeg	25148	5eed68779848d4ecaca8e41fdabe70ae379e93dda80e216a21194ce8dd326b57	1
../../media/CNX_ElemAlg_Figure_10_04_007i_img_new.jpg	media/CNX_ElemAlg_Figure_10_04_007i_img_new.jpg	image/jpeg	28653	0acdb8a491e94ecd84d87f233262b29fc2fe9ab21161e1756ffb7f6d114259e2	1
../../media/CNX_ElemAlg_Figure_10_04_007j_img_new.jpg	media/CNX_ElemAlg_Figure_10_04_007j_img_new.jpg	image/jpeg	38852	639f32217251fa259b03d7ecc57a725823d0cf309efec46762e3f6dc76513fd2	1
../../media/CNX_ElemAlg_Figure_10_04_008_img_new.jpg	media/CNX_ElemAlg_Figure_10_04_008_img_new.jpg	image/jpeg	77678	2000990a3f62b84b104e24dee00b2d338d34a7e936a579176b80b89836cf9a29	1
../../media/CNX_ElemAlg_Figure_10_04_009_img_new.jpg	media/CNX_ElemAlg_Figure_10_04_009_img_new.jpg	image/jpeg	33022	0b3bd140f18f63147f55ee4ca328827a4be02c3bce6b42253cc11813c2e97d3d	1
../../media/CNX_ElemAlg_Figure_10_04_010_img_new.jpg	media/CNX_ElemAlg_Figure_10_04_010_img_new.jpg	image/jpeg	38915	58053af40b8def72e25cb14c56275967de39d707cb46520a8ba797db463378d0	1
../../media/CNX_ElemAlg_Figure_10_04_011_img_new.jpg	media/CNX_ElemAlg_Figure_10_04_011_img_new.jpg	image/jpeg	18277	1debcc55d3d151defc0b1b29a0d27957ef3fe99aa306e7c4207bcd2631566e36	1
../../media/CNX_ElemAlg_Figure_10_04_012_img_new.jpg	media/CNX_ElemAlg_Figure_10_04_012_img_new.jpg	image/jpeg	18433	1aace3c98c472809bb0427017a815691d3b6f8966981fb13cbdc83267183ab53	1
../../media/CNX_ElemAlg_Figure_10_04_201_img_new.jpg	media/CNX_ElemAlg_Figure_10_04_201_img_new.jpg	image/jpeg	46453	356899b7fe7e5a42d7a0e738920578135cc3eee641f51c3c423d9bbf6be1f7ca	1
../../media/CNX_ElemAlg_Figure_10_05_001_img_new.jpg	media/CNX_ElemAlg_Figure_10_05_001_img_new.jpg	image/jpeg	66540	3ee97ac1757b5e91d96ea35f3426d0d6136cbc7b7374013524bb29e490e60cb0	1
../../media/CNX_ElemAlg_Figure_10_05_002_img_new.jpg	media/CNX_ElemAlg_Figure_10_05_002_img_new.jpg	image/jpeg	128576	07b88818c2d6703f1d3402d068fd70d02bec49042c2fd9e190d181b7c87d8a3f	1
../../media/CNX_ElemAlg_Figure_10_05_002a_img_new.jpg	media/CNX_ElemAlg_Figure_10_05_002a_img_new.jpg	image/jpeg	36453	78c79cd1ad229acf165a29a8b22193f28b1ecfb49537c7316f9215fd49c727ed	1
../../media/CNX_ElemAlg_Figure_10_05_002b_img_new.jpg	media/CNX_ElemAlg_Figure_10_05_002b_img_new.jpg	image/jpeg	63186	046d99ba1c9a68c8530b33465d90a795ced4c1d834013745570814333f33c2d5	1
../../media/CNX_ElemAlg_Figure_10_05_003_img_new.jpg	media/CNX_ElemAlg_Figure_10_05_003_img_new.jpg	image/jpeg	51671	f76051edbab0ca3c9af7b813a1ed5668f1459c88bb151c602171062af621d929	1
../../media/CNX_ElemAlg_Figure_10_05_003_new.jpg	media/CNX_ElemAlg_Figure_10_05_003_new.jpg	image/jpeg	128960	cd38c998daea5b3cfbd31be2a958a40b0f43a71fe2199f40e86e1494474ba172	1
../../media/CNX_ElemAlg_Figure_10_05_004_img_new.jpg	media/CNX_ElemAlg_Figure_10_05_004_img_new.jpg	image/jpeg	51506	c48c05b2f2cfe45ac413145ac2e31cb4b0823250e2b19bb8888d3db55432b5c4	1
../../media/CNX_ElemAlg_Figure_10_05_004_new.jpg	media/CNX_ElemAlg_Figure_10_05_004_new.jpg	image/jpeg	139958	a0cd2f094cdfac50bc51b9b82e593bf0753cfbaf89393640345ea8be69b2f25b	1
../../media/CNX_ElemAlg_Figure_10_05_005_img_new.jpg	media/CNX_ElemAlg_Figure_10_05_005_img_new.jpg	image/jpeg	40232	16416a9f5fde929cd56ee879539070c9cc9def408aae0b122519e8874418f7ab	1
../../media/CNX_ElemAlg_Figure_10_05_005_new.jpg	media/CNX_ElemAlg_Figure_10_05_005_new.jpg	image/jpeg	142584	6f9a5ef959293263fa8c09a218be8b3778eeec53f8e4a4a0f8a1382fca1a7f60	1
../../media/CNX_ElemAlg_Figure_10_05_006_img_new.jpg	media/CNX_ElemAlg_Figure_10_05_006_img_new.jpg	image/jpeg	67417	ab4b2fa909f021e46df0163dc6ef9f08f7ed55cde93457e8c7faab0ec1e0923a	1
../../media/CNX_ElemAlg_Figure_10_05_006a_img_new.jpg	media/CNX_ElemAlg_Figure_10_05_006a_img_new.jpg	image/jpeg	33145	1d2731a3be226ad23386aefd9cade492d9c952b6202f611bebe7add75a45a28e	1
../../media/CNX_ElemAlg_Figure_10_05_006b_img_new.jpg	media/CNX_ElemAlg_Figure_10_05_006b_img_new.jpg	image/jpeg	32980	e347b76aef20c3be2ee0d3b716cee520836a41e441a838e39583aa4ff19f7dd1	1
../../media/CNX_ElemAlg_Figure_10_05_007_img_new.jpg	media/CNX_ElemAlg_Figure_10_05_007_img_new.jpg	image/jpeg	51676	593a4da9b38ee7b667f4c0c76dd7526fa96c27a5bb74c30066ab2b4ddc54bb75	1
../../media/CNX_ElemAlg_Figure_10_05_007_new.jpg	media/CNX_ElemAlg_Figure_10_05_007_new.jpg	image/jpeg	58927	0617c7ee6de340ec9deb8400ec6d15ef84a80315a55dc188994f7b597fd57c15	1
../../media/CNX_ElemAlg_Figure_10_05_008_img_new.jpg	media/CNX_ElemAlg_Figure_10_05_008_img_new.jpg	image/jpeg	61611	70ece6d8dffc69b36d581d3a5a333cf1fc9d537799dd4fbafd460bd5dcff6eb7	1
../../media/CNX_ElemAlg_Figure_10_05_009a_img_new.jpg	media/CNX_ElemAlg_Figure_10_05_009a_img_new.jpg	image/jpeg	30152	049b233d591f96fc68ab3a1ccb645cddf91e0d4885a6616c0ab50b8cdb097c42	1
../../media/CNX_ElemAlg_Figure_10_05_009b_img_new.jpg	media/CNX_ElemAlg_Figure_10_05_009b_img_new.jpg	image/jpeg	22974	a7c17a259edbb9d916778592d64a6e13eba908ba39b806e4807897ab0d5cde30	1
../../media/CNX_ElemAlg_Figure_10_05_009c_img_new.jpg	media/CNX_ElemAlg_Figure_10_05_009c_img_new.jpg	image/jpeg	24035	0d2865da690993b261f6f7ec04270d1a19afa7124390c6dbe3215b9dad5d796a	1
../../media/CNX_ElemAlg_Figure_10_05_009d_img_new.jpg	media/CNX_ElemAlg_Figure_10_05_009d_img_new.jpg	image/jpeg	25011	f4131b50a4fbcc4c13e44af7dc499b3d586d3c4fde14a1550754fc05ffd2ce95	1
../../media/CNX_ElemAlg_Figure_10_05_009e_img_new.jpg	media/CNX_ElemAlg_Figure_10_05_009e_img_new.jpg	image/jpeg	26809	8380db031d9d17c46f6301eb9725113a46830f2152ccb271d4d18493b194c3ac	1
../../media/CNX_ElemAlg_Figure_10_05_009f_img_new.jpg	media/CNX_ElemAlg_Figure_10_05_009f_img_new.jpg	image/jpeg	25354	fbbde6ab6f87ea24cb4077c90094e1cc0bc3dc13772ee50707bc13f048606c43	1
../../media/CNX_ElemAlg_Figure_10_05_010a_img_new.jpg	media/CNX_ElemAlg_Figure_10_05_010a_img_new.jpg	image/jpeg	23349	f0a0d71082cf46de5a0d93e0054a25445981896ebd06d1b9290f5f14d23bfe10	1
../../media/CNX_ElemAlg_Figure_10_05_010b_img_new.jpg	media/CNX_ElemAlg_Figure_10_05_010b_img_new.jpg	image/jpeg	24091	6def0b1ddb122d08519a32cf15656bab3eca5972c2a7ae9210b8ee218cfcd00e	1
../../media/CNX_ElemAlg_Figure_10_05_010c_img_new.jpg	media/CNX_ElemAlg_Figure_10_05_010c_img_new.jpg	image/jpeg	24881	894adf9ab33645615484620aba9ce0858c816dba041b7e560c4cc0fce8626fe0	1
../../media/CNX_ElemAlg_Figure_10_05_010d_img_new.jpg	media/CNX_ElemAlg_Figure_10_05_010d_img_new.jpg	image/jpeg	25163	f6661f090aef426e4a29f77db9669f9a1ef7406cac88ce9689e3f8f439b0da12	1
../../media/CNX_ElemAlg_Figure_10_05_010e_img_new.jpg	media/CNX_ElemAlg_Figure_10_05_010e_img_new.jpg	image/jpeg	24183	88e221e3b41bbaf0f9be8fe080ab5d74e81d49240761e892abd573b4494e3c2a	1
../../media/CNX_ElemAlg_Figure_10_05_011a_img_new.jpg	media/CNX_ElemAlg_Figure_10_05_011a_img_new.jpg	image/jpeg	23618	f2f03e7161af04542ea8570aabd86c0f915bd9af3b6d4938154ce5503ef9a0cd	1
../../media/CNX_ElemAlg_Figure_10_05_011b_img_new.jpg	media/CNX_ElemAlg_Figure_10_05_011b_img_new.jpg	image/jpeg	24384	a0a1e448cc00559b84b21cb6e49386e2e86340a758cbc830dd835add34dfa271	1
../../media/CNX_ElemAlg_Figure_10_05_011c_img_new.jpg	media/CNX_ElemAlg_Figure_10_05_011c_img_new.jpg	image/jpeg	26972	8efd523b5df63fee64e46bb548145085c06d83b7bc8748fc04441bbf142ddc19	1
../../media/CNX_ElemAlg_Figure_10_05_011d_img_new.jpg	media/CNX_ElemAlg_Figure_10_05_011d_img_new.jpg	image/jpeg	29417	af21943f596afa0ae16ceb2b2483a9658f668c2d5f67cb5ee9b201db8c207f39	1
../../media/CNX_ElemAlg_Figure_10_05_011e_img_new.jpg	media/CNX_ElemAlg_Figure_10_05_011e_img_new.jpg	image/jpeg	26121	b822e5a7b6667e221d41eaafd2f58504754f7803844acec087c5849b094203d9	1
../../media/CNX_ElemAlg_Figure_10_05_011f_img_new.jpg	media/CNX_ElemAlg_Figure_10_05_011f_img_new.jpg	image/jpeg	26597	a8506662d9a247bee5a1555f6cde4c3f46bd8b6645c19c81b44285aefe25c995	1
../../media/CNX_ElemAlg_Figure_10_05_011g_img_new.jpg	media/CNX_ElemAlg_Figure_10_05_011g_img_new.jpg	image/jpeg	27791	177bad1dd361c68d056daadaca7175969b1b403a2d12460c1d04477930dfc31d	1
../../media/CNX_ElemAlg_Figure_10_05_011h_img_new.jpg	media/CNX_ElemAlg_Figure_10_05_011h_img_new.jpg	image/jpeg	25771	0489e19145805905d1576b2cbf01ab55f05442b676f8ac8f7b613988d516e9ad	1
../../media/CNX_ElemAlg_Figure_10_05_012a_img_new.jpg	media/CNX_ElemAlg_Figure_10_05_012a_img_new.jpg	image/jpeg	26959	3a7be7f35c939bc7a3a7600080f3894b6f5f3031a353a387d599eb1d0e0169c2	1
../../media/CNX_ElemAlg_Figure_10_05_012b_img_new.jpg	media/CNX_ElemAlg_Figure_10_05_012b_img_new.jpg	image/jpeg	30634	c210dbfb485154321d30290fc2570fc3eb6b08e3633b9be4f60848ae8440c2ff	1
../../media/CNX_ElemAlg_Figure_10_05_012c_img_new.jpg	media/CNX_ElemAlg_Figure_10_05_012c_img_new.jpg	image/jpeg	27814	eef5f4fe054b57b9640b6d563b7cb9f718400245965502d826ccb3f43da5938e	1
../../media/CNX_ElemAlg_Figure_10_05_012d_img_new.jpg	media/CNX_ElemAlg_Figure_10_05_012d_img_new.jpg	image/jpeg	28140	98d8e8fd115f75a6182503b8b387834ebfaaf8c9061f7f27be19d31a05064429	1
../../media/CNX_ElemAlg_Figure_10_05_012e_img_new.jpg	media/CNX_ElemAlg_Figure_10_05_012e_img_new.jpg	image/jpeg	29536	f578867974bc4132147342658e5655ee92ef94fa7cb31ac7e582277915f30a2c	1
../../media/CNX_ElemAlg_Figure_10_05_012f_img_new.jpg	media/CNX_ElemAlg_Figure_10_05_012f_img_new.jpg	image/jpeg	33126	72be86786608f50a6d810e27dda2cbf0686079a3e82ec716b68935b9231a7da1	1
../../media/CNX_ElemAlg_Figure_10_05_013a_img_new.jpg	media/CNX_ElemAlg_Figure_10_05_013a_img_new.jpg	image/jpeg	29826	30a13cd506585a4c157c6b5fe2b0a303e03b642b72b76f19fe522482b15ac596	1
../../media/CNX_ElemAlg_Figure_10_05_013b_img_new.jpg	media/CNX_ElemAlg_Figure_10_05_013b_img_new.jpg	image/jpeg	31606	4c0e6b2a41e5baeab43f3b3acab872639e80ab13d19c9818fae99048b06e6297	1
../../media/CNX_ElemAlg_Figure_10_05_013c_img_new.jpg	media/CNX_ElemAlg_Figure_10_05_013c_img_new.jpg	image/jpeg	27802	8ed97db45191d19517601b3490f4ffcfe662364f8555cb3e0be664bb846381da	1
../../media/CNX_ElemAlg_Figure_10_05_013d_img_new.jpg	media/CNX_ElemAlg_Figure_10_05_013d_img_new.jpg	image/jpeg	31106	4509dd118d7872b3337ef86405e3e27a501b3172af5a29b74c015909eadf0905	1
../../media/CNX_ElemAlg_Figure_10_05_013e_img_new.jpg	media/CNX_ElemAlg_Figure_10_05_013e_img_new.jpg	image/jpeg	30132	870f7da34ecb96df73ba06c466e617cfa01f886c4fc45a9bce66f77f9104e4bd	1
../../media/CNX_ElemAlg_Figure_10_05_014a_img_new.jpg	media/CNX_ElemAlg_Figure_10_05_014a_img_new.jpg	image/jpeg	31576	b494ca4428779e92f1d147d7e4fb3e0e53a0188532f41365b73568b6f858f197	1
../../media/CNX_ElemAlg_Figure_10_05_014b_img_new.jpg	media/CNX_ElemAlg_Figure_10_05_014b_img_new.jpg	image/jpeg	33300	54a86d5dbc216a8c3bd1e33ced2fe68dd3621f543bbef74f110e56c7315c8d0d	1
../../media/CNX_ElemAlg_Figure_10_05_014c_img_new.jpg	media/CNX_ElemAlg_Figure_10_05_014c_img_new.jpg	image/jpeg	29485	d4cce9eba544c9c60d9fa37f232488c5dbaa105cd9e6a2b48095c9ebac0e176f	1
../../media/CNX_ElemAlg_Figure_10_05_014d_img_new.jpg	media/CNX_ElemAlg_Figure_10_05_014d_img_new.jpg	image/jpeg	33312	f6202fca96a34e18024145dae7911d999a93472d388cbbb74f2a2ec3cb4fc9af	1
../../media/CNX_ElemAlg_Figure_10_05_014e_img_new.jpg	media/CNX_ElemAlg_Figure_10_05_014e_img_new.jpg	image/jpeg	33723	a41da4750d3a204ccc4f6624436fdb6aa923048e287d997354cb26d16eaab39e	1
../../media/CNX_ElemAlg_Figure_10_05_014f_img_new.jpg	media/CNX_ElemAlg_Figure_10_05_014f_img_new.jpg	image/jpeg	33130	43d8ec1f73e61c1bc2aae3c57935c3b01fcd9a9c531b9428588df16c97d21aed	1
../../media/CNX_ElemAlg_Figure_10_05_014g_img_new.jpg	media/CNX_ElemAlg_Figure_10_05_014g_img_new.jpg	image/jpeg	32560	94e8a53321aeaf3620ec27492c030aa27389e12e8dcd9cd8b383d5a112e4c229	1
../../media/CNX_ElemAlg_Figure_10_05_014h_img_new.jpg	media/CNX_ElemAlg_Figure_10_05_014h_img_new.jpg	image/jpeg	32742	d4ba98cb416a0b381075d512df24ea97d0a7cec04cc02740069a063d4a638de4	1
../../media/CNX_ElemAlg_Figure_10_05_014i_img_new.jpg	media/CNX_ElemAlg_Figure_10_05_014i_img_new.jpg	image/jpeg	33737	8fad0db5f2578a989d60564c9ba62103f8052ba410a7db8f1a10eac2afe7ca5a	1
../../media/CNX_ElemAlg_Figure_10_05_015_img_new.jpg	media/CNX_ElemAlg_Figure_10_05_015_img_new.jpg	image/jpeg	58791	64715d3110385f90421846f93f7260ce3f1db4e5ecf9d51943cce204b9b92b6b	1
../../media/CNX_ElemAlg_Figure_10_05_015a_img_new.jpg	media/CNX_ElemAlg_Figure_10_05_015a_img_new.jpg	image/jpeg	37094	6d51cd1af6ab5013ae4d4defd4982798a59ca3254d69e5d2f9a7f28f0fc00909	1
../../media/CNX_ElemAlg_Figure_10_05_015b_img_new.jpg	media/CNX_ElemAlg_Figure_10_05_015b_img_new.jpg	image/jpeg	44863	897e0fc940162a71dda8e1619af0f8b926903eb19b8e3f9761440fc50048f0e4	1
../../media/CNX_ElemAlg_Figure_10_05_015c_img_new.jpg	media/CNX_ElemAlg_Figure_10_05_015c_img_new.jpg	image/jpeg	47284	21961ac0c09c4981b29ea14c720664f1b613514840b4efb27e2e6ea2cd7bc2d8	1
../../media/CNX_ElemAlg_Figure_10_05_015d_img_new.jpg	media/CNX_ElemAlg_Figure_10_05_015d_img_new.jpg	image/jpeg	45305	15da0f6ce4b4870b17cd982d1edd7f97046e38107a82183091a974dafdf90106	1
../../media/CNX_ElemAlg_Figure_10_05_015e_img_new.jpg	media/CNX_ElemAlg_Figure_10_05_015e_img_new.jpg	image/jpeg	79940	7cc2f32d854777e3177b1346e19714576e4ae5ccae8869bf36463e437f527726	1
../../media/CNX_ElemAlg_Figure_10_05_015f_img_new.jpg	media/CNX_ElemAlg_Figure_10_05_015f_img_new.jpg	image/jpeg	51432	2c5a8a50965daab5eabd058b37d4fc74f9ae3449a776722d5605668451ce96ea	1
../../media/CNX_ElemAlg_Figure_10_05_015g_img_new.jpg	media/CNX_ElemAlg_Figure_10_05_015g_img_new.jpg	image/jpeg	71969	8947b51926a1e4e1dd1a72ed9877b8df43d0821dcfdc7516db211b245ff83b3c	1
../../media/CNX_ElemAlg_Figure_10_05_016_img_new.jpg	media/CNX_ElemAlg_Figure_10_05_016_img_new.jpg	image/jpeg	60272	2c7632183a4c668faeddafce0b7deef10cb45c8d2faca77dee29e75da1b0ca12	1
../../media/CNX_ElemAlg_Figure_10_05_017a_img_new.jpg	media/CNX_ElemAlg_Figure_10_05_017a_img_new.jpg	image/jpeg	28569	87e02ebc8a37d04c819e0e61e63d5a6950c2c1bc26d3954d14642968ae499416	1
../../media/CNX_ElemAlg_Figure_10_05_017b_img_new.jpg	media/CNX_ElemAlg_Figure_10_05_017b_img_new.jpg	image/jpeg	28284	b8f3cde9a463ce4533604dd825613e57e5740f3b2c1d0da6c4b8ad1b9327ab64	1
../../media/CNX_ElemAlg_Figure_10_05_017c_img_new.jpg	media/CNX_ElemAlg_Figure_10_05_017c_img_new.jpg	image/jpeg	29501	d5903b00a951e5e58925508b4b23a49f48a92229f25fa59be407f3ed05fb5b6c	1
../../media/CNX_ElemAlg_Figure_10_05_017d_img_new.jpg	media/CNX_ElemAlg_Figure_10_05_017d_img_new.jpg	image/jpeg	27399	04b09c38a4b9e1a932dd7bfb1324a1b29084e09a123c5ed672fa02a8c894a982	1
../../media/CNX_ElemAlg_Figure_10_05_017e_img_new.jpg	media/CNX_ElemAlg_Figure_10_05_017e_img_new.jpg	image/jpeg	30274	c86d92c1f150a8b3ab28854160ee32b89d0a90f890ec165a611a0ad5c2d139fd	1
../../media/CNX_ElemAlg_Figure_10_05_017f_img_new.jpg	media/CNX_ElemAlg_Figure_10_05_017f_img_new.jpg	image/jpeg	32152	a8965559169a51784121697fbcbfe6e3f22625e0c5aa164ab9c124555978fb8d	1
../../media/CNX_ElemAlg_Figure_10_05_017g_img_new.jpg	media/CNX_ElemAlg_Figure_10_05_017g_img_new.jpg	image/jpeg	31059	9c4ab9637f182cdc046b7c22151bfdd49bc3e3eac628e432015b67442fc6aaf0	1
../../media/CNX_ElemAlg_Figure_10_05_017h_img_new.jpg	media/CNX_ElemAlg_Figure_10_05_017h_img_new.jpg	image/jpeg	29161	a094f8c894829056a4054e4574351c2de204422200b76197b50f539f4fbc8cee	1
../../media/CNX_ElemAlg_Figure_10_05_017i_img_new.jpg	media/CNX_ElemAlg_Figure_10_05_017i_img_new.jpg	image/jpeg	31971	024a171e6af6b41f9021928afc6491db43386d09fb858ffe701858409d68d971	1
../../media/CNX_ElemAlg_Figure_10_05_017j_img_new.jpg	media/CNX_ElemAlg_Figure_10_05_017j_img_new.jpg	image/jpeg	33754	469b926f041d4e1cfdb9948c8e68ac402b79422b93a6765186a0525237ec490d	1
../../media/CNX_ElemAlg_Figure_10_05_017k_img_new.jpg	media/CNX_ElemAlg_Figure_10_05_017k_img_new.jpg	image/jpeg	30586	20f1a0e993594d0c5eeae0f18c1caf383ed65d6c11b9fc691eb71c77e4b984ec	1
../../media/CNX_ElemAlg_Figure_10_05_017l_img_new.jpg	media/CNX_ElemAlg_Figure_10_05_017l_img_new.jpg	image/jpeg	33249	ec5ca3bdb9afcdea88e158752f30d13769629f8fc24b16a7841923016aa1690d	1
../../media/CNX_ElemAlg_Figure_10_05_017m_img_new.jpg	media/CNX_ElemAlg_Figure_10_05_017m_img_new.jpg	image/jpeg	34024	cedb8ef48f499e9bdb0074744378a38b80b7266113d6d6c6e16ce34ab6be5571	1
../../media/CNX_ElemAlg_Figure_10_05_017n_img_new.jpg	media/CNX_ElemAlg_Figure_10_05_017n_img_new.jpg	image/jpeg	34678	90a8f618eee1fef8d82f0dee22fca06906f22b7d69f51cc6462e90b78b9414b2	1
../../media/CNX_ElemAlg_Figure_10_05_017o_img_new.jpg	media/CNX_ElemAlg_Figure_10_05_017o_img_new.jpg	image/jpeg	33602	25556c2244771cf024e3594527b4c307c3ded2a510f582c3c965c33fa2b97582	1
../../media/CNX_ElemAlg_Figure_10_05_017p_img_new.jpg	media/CNX_ElemAlg_Figure_10_05_017p_img_new.jpg	image/jpeg	32512	25e7830e9d81611695290d145b54909937ff8a7da5e1abf1538d55797bb216ef	1
../../media/CNX_ElemAlg_Figure_10_05_017q_img_new.jpg	media/CNX_ElemAlg_Figure_10_05_017q_img_new.jpg	image/jpeg	42439	cb80d5955a8d76d2bc119b1bac4392dd26cf31b5e5675ed244655d1664609541	1
../../media/CNX_ElemAlg_Figure_10_05_017r_img_new.jpg	media/CNX_ElemAlg_Figure_10_05_017r_img_new.jpg	image/jpeg	81398	dd4f65cf0bfb89a35a3e93d1a0eb3c2d25ec668a5969072bccdb8300fb567a18	1
../../media/CNX_ElemAlg_Figure_10_05_017s_img_new.jpg	media/CNX_ElemAlg_Figure_10_05_017s_img_new.jpg	image/jpeg	82201	3387e3c363bc46db34a107e26842fdf3620d8c4c15a89849fc78e91ec6efeae5	1
../../media/CNX_ElemAlg_Figure_10_05_017t_img_new.jpg	media/CNX_ElemAlg_Figure_10_05_017t_img_new.jpg	image/jpeg	83309	a975d2812cd62aed9511289d7cdbfa5da46f29b74b59dcb8335bb3389f639282	1
../../media/CNX_ElemAlg_Figure_10_05_017u_img_new.jpg	media/CNX_ElemAlg_Figure_10_05_017u_img_new.jpg	image/jpeg	93712	9bd25db94b658426523981f7b084fcd3001e81049f71a366d50738249a030667	1
../../media/CNX_ElemAlg_Figure_10_05_018_img_new.jpg	media/CNX_ElemAlg_Figure_10_05_018_img_new.jpg	image/jpeg	57682	f36c8a9a7b227e85ead164cfb994cf09116d946137892c4465727df69875629b	1
../../media/CNX_ElemAlg_Figure_10_05_019_img_new.jpg	media/CNX_ElemAlg_Figure_10_05_019_img_new.jpg	image/jpeg	55447	157dbf4009b469c1d3b78e164562ec717ac3e92df9c5959923f80df490580b21	1
../../media/CNX_ElemAlg_Figure_10_05_020a_img_new.jpg	media/CNX_ElemAlg_Figure_10_05_020a_img_new.jpg	image/jpeg	28230	dbdabf28b436bf78311bb6d76b94d9c8928eb28aa3a3e80723d9c9e14cadf93d	1
../../media/CNX_ElemAlg_Figure_10_05_020b_img_new.jpg	media/CNX_ElemAlg_Figure_10_05_020b_img_new.jpg	image/jpeg	28634	fa55899142757ea4feb0e2ab27d54ef8ae231d52b8e3ec38a20492fb7a7a2015	1
../../media/CNX_ElemAlg_Figure_10_05_020c_img_new.jpg	media/CNX_ElemAlg_Figure_10_05_020c_img_new.jpg	image/jpeg	29609	4ced1e7d813a704fcf8f6fcd97222e1e9c5365efd4273e8d33bf5f5b0159b819	1
../../media/CNX_ElemAlg_Figure_10_05_020d_img_new.jpg	media/CNX_ElemAlg_Figure_10_05_020d_img_new.jpg	image/jpeg	28235	1a1cbd6837bc899b464258e27134b2865d51a665139e330ffafbab32e977527e	1
../../media/CNX_ElemAlg_Figure_10_05_020e_img_new.jpg	media/CNX_ElemAlg_Figure_10_05_020e_img_new.jpg	image/jpeg	30698	4afa96847ffcaa83d18d279d293ab110b0823bec00194a6aa1fc4da3be065bb5	1
../../media/CNX_ElemAlg_Figure_10_05_020f_img_new.jpg	media/CNX_ElemAlg_Figure_10_05_020f_img_new.jpg	image/jpeg	34583	afb36847dc2bfc239fdf5501724deba71151534c001fc1da33453a78101189d1	1
../../media/CNX_ElemAlg_Figure_10_05_020g_img_new.jpg	media/CNX_ElemAlg_Figure_10_05_020g_img_new.jpg	image/jpeg	30829	b4f11e1b595f02fe82a78f62067e3b83b5b18d2a9c639c83a5010c0d7f5c9ce8	1
../../media/CNX_ElemAlg_Figure_10_05_020h_img_new.jpg	media/CNX_ElemAlg_Figure_10_05_020h_img_new.jpg	image/jpeg	29685	0acf345d0b7a718440c4c665c18fed865fda9fa0f18add2071bda0fc8039e491	1
../../media/CNX_ElemAlg_Figure_10_05_020i_img_new.jpg	media/CNX_ElemAlg_Figure_10_05_020i_img_new.jpg	image/jpeg	32402	fea031cccf68262bec779264eeea0c13dae883551f2ed4db132c90a049401f01	1
../../media/CNX_ElemAlg_Figure_10_05_020j_img_new.jpg	media/CNX_ElemAlg_Figure_10_05_020j_img_new.jpg	image/jpeg	35138	f980705b33ce3d240631ef40d93ac4cb4d19fd0194efc9c334b2f3a4746de6fc	1
../../media/CNX_ElemAlg_Figure_10_05_020k_img_new.jpg	media/CNX_ElemAlg_Figure_10_05_020k_img_new.jpg	image/jpeg	31058	42485d14e879d4b8d2b2325560089bb0daa561ba2e5a71c25a4bfa9a5c970a65	1
../../media/CNX_ElemAlg_Figure_10_05_020l_img_new.jpg	media/CNX_ElemAlg_Figure_10_05_020l_img_new.jpg	image/jpeg	33614	8429f6b3d5a2a3790ca211b9d5146f855af47f59b9dd5a1e21c7705e12b65df2	1
../../media/CNX_ElemAlg_Figure_10_05_020m_img_new.jpg	media/CNX_ElemAlg_Figure_10_05_020m_img_new.jpg	image/jpeg	34417	3ce6099b07175c50ac0a51020c5017d21ef14cb84c3372dbf4fe22c0bfd729d7	1
../../media/CNX_ElemAlg_Figure_10_05_020n_img_new.jpg	media/CNX_ElemAlg_Figure_10_05_020n_img_new.jpg	image/jpeg	35738	983572c2cfd8bdad5470e10933ffcab95922541d31fd0e1aa1ce7c3a870ee181	1
../../media/CNX_ElemAlg_Figure_10_05_020o_img_new.jpg	media/CNX_ElemAlg_Figure_10_05_020o_img_new.jpg	image/jpeg	73123	fd41a183d0c9f6c1c759245692330c602da21cc8a4732bcaaed464c1bd9f3720	1
../../media/CNX_ElemAlg_Figure_10_05_020p_img_new.jpg	media/CNX_ElemAlg_Figure_10_05_020p_img_new.jpg	image/jpeg	73016	c25ee89251d115b9ca6c47a6bffcb8a9abfc188ba8a2f5fac44ebe521a157cdd	1
../../media/CNX_ElemAlg_Figure_10_05_020q_img_new.jpg	media/CNX_ElemAlg_Figure_10_05_020q_img_new.jpg	image/jpeg	73849	9fddd53fd80d3e7c91784737df2c4704cca68f6f622eb426448af1e73799d69b	1
../../media/CNX_ElemAlg_Figure_10_05_020r_img_new.jpg	media/CNX_ElemAlg_Figure_10_05_020r_img_new.jpg	image/jpeg	78835	a4033bb2ec6edc1b0eefda2e49dd07013d4304d30a891905fdc05f24348d1cef	1
../../media/CNX_ElemAlg_Figure_10_05_021_img_new.jpg	media/CNX_ElemAlg_Figure_10_05_021_img_new.jpg	image/jpeg	58297	265ed5fced6c78bc62b1e7f18b7ace37b95d9998260492484cdec5a6664c1fe4	1
../../media/CNX_ElemAlg_Figure_10_05_022_img_new.jpg	media/CNX_ElemAlg_Figure_10_05_022_img_new.jpg	image/jpeg	55439	ac0a4d4ee3e42c7c4426db465be50df6cb9b14c42a9db8142cb0e570c35a7abb	1
../../media/CNX_ElemAlg_Figure_10_05_023a_img_new.jpg	media/CNX_ElemAlg_Figure_10_05_023a_img_new.jpg	image/jpeg	36176	28d601570abfc459ef3051603e0dc34ef47b9b2267b303c82d6f75a5d8c1abbd	1
../../media/CNX_ElemAlg_Figure_10_05_023b_img_new.jpg	media/CNX_ElemAlg_Figure_10_05_023b_img_new.jpg	image/jpeg	31450	64e5036587671e544df02d8c5b0f234e6d067c42b0c2053340871aeb95ee946f	1
../../media/CNX_ElemAlg_Figure_10_05_023c_img_new.jpg	media/CNX_ElemAlg_Figure_10_05_023c_img_new.jpg	image/jpeg	31666	38983fe9fe82dda5e64122ef5cdfdddaf572bd3521155869ee729ee7764d595c	1
../../media/CNX_ElemAlg_Figure_10_05_023d_img_new.jpg	media/CNX_ElemAlg_Figure_10_05_023d_img_new.jpg	image/jpeg	32572	fb8c55e37ae413984b913cf03a6c0966f9fd15b17a24830e9bc21b3c71eb747a	1
../../media/CNX_ElemAlg_Figure_10_05_023e_img_new.jpg	media/CNX_ElemAlg_Figure_10_05_023e_img_new.jpg	image/jpeg	31140	16f67d714cd661058cf0344cb65d313f2864144238fff6017be6034c90c37685	1
../../media/CNX_ElemAlg_Figure_10_05_023f_img_new.jpg	media/CNX_ElemAlg_Figure_10_05_023f_img_new.jpg	image/jpeg	33332	60863ee323ba27b6e4fef950668ea48ec9e7d76f9b870f5dee74dc7cacaa66ba	1
../../media/CNX_ElemAlg_Figure_10_05_023g_img_new.jpg	media/CNX_ElemAlg_Figure_10_05_023g_img_new.jpg	image/jpeg	35859	553177a95b0c477729228d4eb6e8f471e1b6c0f6ee85bd62d8a4fbe063975747	1
../../media/CNX_ElemAlg_Figure_10_05_023h_img_new.jpg	media/CNX_ElemAlg_Figure_10_05_023h_img_new.jpg	image/jpeg	33559	afae2c71f8dbbcdf27590f4dd91b36c8baba6f8d48106b95f5ef0da391be58f9	1
../../media/CNX_ElemAlg_Figure_10_05_023i_img_new.jpg	media/CNX_ElemAlg_Figure_10_05_023i_img_new.jpg	image/jpeg	33339	1ec1c0c74692467e2203d82fb0d1802107bccb2e2e222f284ef7f9927b6498d2	1
../../media/CNX_ElemAlg_Figure_10_05_023j_img_new.jpg	media/CNX_ElemAlg_Figure_10_05_023j_img_new.jpg	image/jpeg	35036	6d0c8969115081d12b2d8ae14f34fe054d974d30d0e8c61b51b34e78058e7930	1
../../media/CNX_ElemAlg_Figure_10_05_023k_img_new.jpg	media/CNX_ElemAlg_Figure_10_05_023k_img_new.jpg	image/jpeg	36941	aaf13109d3055fd5223f7b74e8f41080137e9648e7261fcf0530e331fcbec00a	1
../../media/CNX_ElemAlg_Figure_10_05_023l_img_new.jpg	media/CNX_ElemAlg_Figure_10_05_023l_img_new.jpg	image/jpeg	34655	c37ad4098f4b9d688e40fa398a85aacac0478a2fe5967f1642e7e28aa83b00e7	1
../../media/CNX_ElemAlg_Figure_10_05_023m_img_new.jpg	media/CNX_ElemAlg_Figure_10_05_023m_img_new.jpg	image/jpeg	36314	bfb00df8b7eb7a0bc4bc35761f991ab8e41bf30cbee5e9a71d8f25f504f28777	1
../../media/CNX_ElemAlg_Figure_10_05_023n_img_new.jpg	media/CNX_ElemAlg_Figure_10_05_023n_img_new.jpg	image/jpeg	37042	901ce0d8c48fdc559f9dd7b7dce42e5847df603aba91199fb34802ca9ab4107b	1
../../media/CNX_ElemAlg_Figure_10_05_023o_img_new.jpg	media/CNX_ElemAlg_Figure_10_05_023o_img_new.jpg	image/jpeg	39429	40ba6b595e4a2fc1da11c8f227aab4a6c622ac5c9305b4abe18e8bc3bf2ab0e6	1
../../media/CNX_ElemAlg_Figure_10_05_023p_img_new.jpg	media/CNX_ElemAlg_Figure_10_05_023p_img_new.jpg	image/jpeg	43051	c5391dfc856e0810d40d9c1a37639e211b4f476e2bdf1700eebbd14e2e3b4d01	1
../../media/CNX_ElemAlg_Figure_10_05_023q_img_new.jpg	media/CNX_ElemAlg_Figure_10_05_023q_img_new.jpg	image/jpeg	39710	6fa515a049c6c7917780062f29dfc1a77b7251baef3b0790ac75fb5c0f8ea941	1
../../media/CNX_ElemAlg_Figure_10_05_023r_img_new.jpg	media/CNX_ElemAlg_Figure_10_05_023r_img_new.jpg	image/jpeg	39081	3497795e4fd6d339b33177d1fd90587d95bd7c1f29b40c7b4c6786a05da30ed4	1
../../media/CNX_ElemAlg_Figure_10_05_023s_img_new.jpg	media/CNX_ElemAlg_Figure_10_05_023s_img_new.jpg	image/jpeg	39841	1a32ec8fc9bae6a3b9fd2b3bd8ba25470d17d674e877f012abe1e62afb8505d5	1
../../media/CNX_ElemAlg_Figure_10_05_023t_img_new.jpg	media/CNX_ElemAlg_Figure_10_05_023t_img_new.jpg	image/jpeg	40748	659db4bdbe11e6a8955827a06b45b931c6e8b2e5243889604defb9adb8ce1871	1
../../media/CNX_ElemAlg_Figure_10_05_023u_img_new.jpg	media/CNX_ElemAlg_Figure_10_05_023u_img_new.jpg	image/jpeg	40304	74e58bdf5b0c0f20bc94d2ec0e192d23a6f7ecb345957bb4d1a902af908da77f	1
../../media/CNX_ElemAlg_Figure_10_05_023v_img_new.jpg	media/CNX_ElemAlg_Figure_10_05_023v_img_new.jpg	image/jpeg	43396	9b3f48fc41f414c106f89d5634addbb221d90681f3d357c78e4d6429269d2d15	1
../../media/CNX_ElemAlg_Figure_10_05_023w_img_new.jpg	media/CNX_ElemAlg_Figure_10_05_023w_img_new.jpg	image/jpeg	41072	84c2c266aaddd10aa005e103eb3caf0019c4b6b2cc5e34063a40d1313fe80d39	1
../../media/CNX_ElemAlg_Figure_10_05_023x_img_new.jpg	media/CNX_ElemAlg_Figure_10_05_023x_img_new.jpg	image/jpeg	72595	9bd193ef0d2059492f2ca9359c202f5c68fd4629c6cad1c5d564e4a6247a5ee0	1
../../media/CNX_ElemAlg_Figure_10_05_024_img_new.jpg	media/CNX_ElemAlg_Figure_10_05_024_img_new.jpg	image/jpeg	58746	5f8260fbf127351dbad1e247951485b9f22a30097ba352f5241b5d73204c700e	1
../../media/CNX_ElemAlg_Figure_10_05_025_img_new.jpg	media/CNX_ElemAlg_Figure_10_05_025_img_new.jpg	image/jpeg	60125	256bdc81f292436f0c9dd2ece6497fc9df1807ebd9dca98eb59c3ada918c473b	1
../../media/CNX_ElemAlg_Figure_10_05_026a_img_new.jpg	media/CNX_ElemAlg_Figure_10_05_026a_img_new.jpg	image/jpeg	20921	7ce01a28bc2e579da5b8cd95a959f4265ae32aa77ef13e4b9ddec188bfeccdd1	1
../../media/CNX_ElemAlg_Figure_10_05_026b_img_new.jpg	media/CNX_ElemAlg_Figure_10_05_026b_img_new.jpg	image/jpeg	20487	49f8654f1aa7ea8cc5ee99c8ba3c39c33f67db9be59a1715361eb49a52ab9d29	1
../../media/CNX_ElemAlg_Figure_10_05_026c_img_new.jpg	media/CNX_ElemAlg_Figure_10_05_026c_img_new.jpg	image/jpeg	21177	e3459326c179e16e50e77795090b1a1fb56c328f84e475cc34066b3dc12baf95	1
../../media/CNX_ElemAlg_Figure_10_05_026d_img_new.jpg	media/CNX_ElemAlg_Figure_10_05_026d_img_new.jpg	image/jpeg	19771	aaeb45a419834f5a12471e00398ee1492c5b798ad146152b62025e9cbd1da5f7	1
../../media/CNX_ElemAlg_Figure_10_05_026e_img_new.jpg	media/CNX_ElemAlg_Figure_10_05_026e_img_new.jpg	image/jpeg	22627	2fb36cb21a0396f276b2150982243230120af5415e88274bf7efd11775e2fcb5	1
../../media/CNX_ElemAlg_Figure_10_05_026f_img_new.jpg	media/CNX_ElemAlg_Figure_10_05_026f_img_new.jpg	image/jpeg	26146	56ffdb10b4c4d97c1441e066fdd863bf76e9bd7df197e819965a4b7732ccfd14	1
../../media/CNX_ElemAlg_Figure_10_05_026g_img_new.jpg	media/CNX_ElemAlg_Figure_10_05_026g_img_new.jpg	image/jpeg	22435	b4da79a36461cb2d8c5a4e3ef68271daf34f3f5e477af36214ddb742c959951e	1
../../media/CNX_ElemAlg_Figure_10_05_026h_img_new.jpg	media/CNX_ElemAlg_Figure_10_05_026h_img_new.jpg	image/jpeg	21850	820c5950a8efc16d548adb30263ed1ce38910151eeaec01ace49cc8017673740	1
../../media/CNX_ElemAlg_Figure_10_05_026i_img_new.jpg	media/CNX_ElemAlg_Figure_10_05_026i_img_new.jpg	image/jpeg	63228	79091d921e9f60e2d0549153cbea407c111c37e5ff74799a40ec0810184efdf5	1
../../media/CNX_ElemAlg_Figure_10_05_027a_img_new.jpg	media/CNX_ElemAlg_Figure_10_05_027a_img_new.jpg	image/jpeg	19929	eb387702a26ba6e9668ae7ffcdd8e8221fe4cc9b77a778ba6b02a4d4ffe231c3	1
../../media/CNX_ElemAlg_Figure_10_05_027b_img_new.jpg	media/CNX_ElemAlg_Figure_10_05_027b_img_new.jpg	image/jpeg	23981	7d792ca4433a0bf6e924623242efb042c4cbad2f20c3c94bd3b6dc69ef589b48	1
../../media/CNX_ElemAlg_Figure_10_05_027c_img_new.jpg	media/CNX_ElemAlg_Figure_10_05_027c_img_new.jpg	image/jpeg	18775	dd1542e34e2958c365de2b4d5eb7ba3c23ae1423f695dfbd98312f41409743fe	1
../../media/CNX_ElemAlg_Figure_10_05_028_img_new.jpg	media/CNX_ElemAlg_Figure_10_05_028_img_new.jpg	image/jpeg	66298	e489ad26ce88282d18ac3151a3e9ae7ab600e1eb6df2fe9ab1be3a87a698a06e	1
../../media/CNX_ElemAlg_Figure_10_05_201_img_new.jpg	media/CNX_ElemAlg_Figure_10_05_201_img_new.jpg	image/jpeg	53252	893a2dd61635a764121dd535ac6ba9a54e7faea1ddc732a1d37e7b91203968fc	1
../../media/CNX_ElemAlg_Figure_10_05_203_img_new.jpg	media/CNX_ElemAlg_Figure_10_05_203_img_new.jpg	image/jpeg	61987	56cd7df738d7d4b8dc8112cf5d40e64785fbaa29051689b4657fbd81300cb55c	1
../../media/CNX_ElemAlg_Figure_10_05_205_img_new.jpg	media/CNX_ElemAlg_Figure_10_05_205_img_new.jpg	image/jpeg	60836	22b775081aa581197a4f94b54e808433e93572842ae76e3276f710fe23cb2ebb	1
../../media/CNX_ElemAlg_Figure_10_05_207_img_new.jpg	media/CNX_ElemAlg_Figure_10_05_207_img_new.jpg	image/jpeg	57771	8f42bd6e1134c30404fa2545631f33c9986004c37a76327ca29e8ef86e018151	1
../../media/CNX_ElemAlg_Figure_10_05_209_img_new.jpg	media/CNX_ElemAlg_Figure_10_05_209_img_new.jpg	image/jpeg	57602	90cf1aa0be67318207c1fd814956c83dc8c7c2b9c7447332c30cf7c0da9ce78f	1
../../media/CNX_ElemAlg_Figure_10_05_211_img_new.jpg	media/CNX_ElemAlg_Figure_10_05_211_img_new.jpg	image/jpeg	60604	f930d291d000525d829d306442237a40a74d21f09d943d468e8774f0ef42c793	1
../../media/CNX_ElemAlg_Figure_10_05_213_img_new.jpg	media/CNX_ElemAlg_Figure_10_05_213_img_new.jpg	image/jpeg	59209	1dd08f62401a235b0251c26406aeafffa9321cfdb4d7da2419496d8cb423b03e	1
../../media/CNX_ElemAlg_Figure_10_05_215_img_new.jpg	media/CNX_ElemAlg_Figure_10_05_215_img_new.jpg	image/jpeg	62685	d72fed68b3959699266d1c216bc35438f41beb0f9a1868c41154a77c95be18c0	1
../../media/CNX_ElemAlg_Figure_10_05_217_img_new.jpg	media/CNX_ElemAlg_Figure_10_05_217_img_new.jpg	image/jpeg	58036	f005f4958eb19551fb2c27931a998a6a39db07c3465cf1a84eb422a95f791116	1
../../media/CNX_ElemAlg_Figure_10_05_219_img_new.jpg	media/CNX_ElemAlg_Figure_10_05_219_img_new.jpg	image/jpeg	61380	89f6bc9e4a8b0ea47f665df8cb8a7744bd703398c99cf307e1fbb8e50732c242	1
../../media/CNX_ElemAlg_Figure_10_05_221_img_new.jpg	media/CNX_ElemAlg_Figure_10_05_221_img_new.jpg	image/jpeg	64805	d020a9113a34faf4a92e88f701a80567528a181cfc8767a219d14a59c27d6cb3	1
../../media/CNX_ElemAlg_Figure_10_05_223_img_new.jpg	media/CNX_ElemAlg_Figure_10_05_223_img_new.jpg	image/jpeg	94682	9e9836f70342cd5287ae59e82fc6135884f7840caa4a279669c3e1bc9540e73e	1
../../media/CNX_ElemAlg_Figure_10_05_224_img_new.jpg	media/CNX_ElemAlg_Figure_10_05_224_img_new.jpg	image/jpeg	43364	31e9222643416ea0300304988e1208a2d34c62203960e89bf89da1b468fa1328	1
../../media/CNX_ElemAlg_Figure_10_05_225_img_new.jpg	media/CNX_ElemAlg_Figure_10_05_225_img_new.jpg	image/jpeg	56984	14d71b85171aadaed71ba90adfcf50d6e0c4deb57edc1c9a95ee40a93cc1420b	1
../../media/CNX_ElemAlg_Figure_10_05_226_img_new.jpg	media/CNX_ElemAlg_Figure_10_05_226_img_new.jpg	image/jpeg	58620	d5096cf0de899fd533452f13ddd9e5846ba585575a0b7a90db93edabb0fc43e2	1
../../media/CNX_ElemAlg_Figure_10_05_228_img_new.jpg	media/CNX_ElemAlg_Figure_10_05_228_img_new.jpg	image/jpeg	66733	0cf0ded48748fdb854f5dbc1be0080bda0af4dcd1e01bb6ffa4f6990815fed5e	1
../../media/CNX_ElemAlg_Figure_10_05_230_img_new.jpg	media/CNX_ElemAlg_Figure_10_05_230_img_new.jpg	image/jpeg	64333	3eba795e16a70ade3e48acb970258ce50306ccfbdae1651291e29e41d7883b66	1
../../media/CNX_ElemAlg_Figure_10_05_232_img_new.jpg	media/CNX_ElemAlg_Figure_10_05_232_img_new.jpg	image/jpeg	64627	ff696933a6e80a0f8054341c7562e851eafbdd4ab17439bd6b0aeae42b7aee97	1
../../media/CNX_ElemAlg_Figure_10_05_234_img_new.jpg	media/CNX_ElemAlg_Figure_10_05_234_img_new.jpg	image/jpeg	60667	b02f85e5d58c9f876af011d07735c8c6dfb114d9a314b5b457ba829a8c737f0b	1
../../media/CNX_ElemAlg_Figure_10_05_237_img_new.jpg	media/CNX_ElemAlg_Figure_10_05_237_img_new.jpg	image/jpeg	56784	1e678fa5ef2ec2e023789af7ddea28e640a7a25ad0a56b18735ef7bf6a84121a	1
../../media/CNX_ElemAlg_Figure_10_05_238_img_new.jpg	media/CNX_ElemAlg_Figure_10_05_238_img_new.jpg	image/jpeg	44337	370881238794b85a64ac66c3bf21c9da2c53fe1759614a1e9065fc5bae957236	1
../../media/CNX_ElemAlg_Figure_10_05_239_img_new.jpg	media/CNX_ElemAlg_Figure_10_05_239_img_new.jpg	image/jpeg	45034	bba5b55c1a4e7a32bffd874c3adbcb92e94753c48486cb8ad92743c36574a2c9	1
../../media/howtoicon.png	media/howtoicon.png	image/png	1681	67f2344cdbe25b192fbdee0d904ce912e4e15aed5bf0063f61a192dd0b0b5826	1
../../media/media.png	media/media.png	image/png	353	140b45d7d047dc59b236c95bb2c2a237ca5b748b290b28f8e6d9f8f520077e6a	1
../../media/tryit.png	media/tryit.png	image/png	344	7f9c8c226d8b937d4070c69326d6c2ac7df37a74c85fa8cec64e2ad7bef59ebf	1
